Sample_No,Age,Error_Plus,Error_Minus,Age_Method,Age_Interpretation,Age_Note,Age_Material,Age_Technique,Age_Qualifier,Geological_Province,Province,Latitude,Longitude,Location,Geological_Info,Rock_Type,Rock_Description,References
G14-4,995.0,16.0,16.0,Ar/Ar,Cooling,[audit 2026-10: errors converted published 1σ to 2σ (x2)],Hornblende,Ar Furnace-Step,Direct,Grenville Province,ON,,,Central Metasedimentary Belt,"Central Metasedimentary Belt, Bancroft Terrane",Metamorphic,,"Berger, G. W., & York, D. (1981). Geothermometry from 40Ar39Ar dating experiments. Geochimica et Cosmochimica Acta, 45(6), 795-811."
G21-113,971.0,16.0,16.0,Ar/Ar,Cooling,[audit 2026-10: errors converted published 1σ to 2σ (x2)],Hornblende,Ar Furnace-Step,Direct,Grenville Province,ON,,,Central Metasedimentary Belt,"Central Metasedimentary Belt, Bancroft Terrane",Metamorphic,,"Berger, G. W., & York, D. (1981). Geothermometry from 40Ar39Ar dating experiments. Geochimica et Cosmochimica Acta, 45(6), 795-811."
G16-25,998.0,14.0,14.0,Ar/Ar,Cooling,[audit 2026-10: errors converted published 1σ to 2σ (x2)],Hornblende,Ar Furnace-Step,Direct,Grenville Province,ON,,,Central Metasedimentary Belt,"Central Metasedimentary Belt, Bancroft Terrane",Metamorphic,,"Berger, G. W., & York, D. (1981). Geothermometry from 40Ar39Ar dating experiments. Geochimica et Cosmochimica Acta, 45(6), 795-811."
B12-415,988.0,18.0,18.0,Ar/Ar,Cooling,[audit 2026-10: errors converted published 1σ to 2σ (x2)],Hornblende,Ar Furnace-Step,Direct,Grenville Province,ON,,,Central Metasedimentary Belt,"Central Metasedimentary Belt, Bancroft Terrane",Metamorphic,,"Berger, G. W., & York, D. (1981). Geothermometry from 40Ar39Ar dating experiments. Geochimica et Cosmochimica Acta, 45(6), 795-811."
B2-149,965.8,15.2,15.2,Ar/Ar,Cooling,[audit 2026-10: errors converted published 1σ to 2σ (x2)],Hornblende,Ar Furnace-Step,Direct,Grenville Province,ON,,,Central Metasedimentary Belt,"Central Metasedimentary Belt, Bancroft Terrane",Metamorphic,,"Berger, G. W., & York, D. (1981). Geothermometry from 40Ar39Ar dating experiments. Geochimica et Cosmochimica Acta, 45(6), 795-811."
B5-139,985.0,16.0,16.0,Ar/Ar,Cooling,[audit 2026-10: errors converted published 1σ to 2σ (x2)],Hornblende,Ar Furnace-Step,Direct,Grenville Province,ON,,,Central Metasedimentary Belt,"Central Metasedimentary Belt, Bancroft Terrane",Metamorphic,,"Berger, G. W., & York, D. (1981). Geothermometry from 40Ar39Ar dating experiments. Geochimica et Cosmochimica Acta, 45(6), 795-811."
D1-190,909.0,14.0,14.0,Ar/Ar,Cooling,[audit 2026-10: errors converted published 1σ to 2σ (x2)],Biotite,Ar Furnace-Step,Direct,Grenville Province,ON,,,Central Metasedimentary Belt,"Central Metasedimentary Belt, Bancroft Terrane",Metamorphic,,"Berger, G. W., & York, D. (1981). Geothermometry from 40Ar39Ar dating experiments. Geochimica et Cosmochimica Acta, 45(6), 795-811."
B12-415,916.0,14.4,14.4,Ar/Ar,Cooling,[audit 2026-10: errors converted published 1σ to 2σ (x2)],Biotite,Ar Furnace-Step,Direct,Grenville Province,ON,,,Central Metasedimentary Belt,"Central Metasedimentary Belt, Bancroft Terrane",Metamorphic,,"Berger, G. W., & York, D. (1981). Geothermometry from 40Ar39Ar dating experiments. Geochimica et Cosmochimica Acta, 45(6), 795-811."
B2-149,898.0,14.2,14.2,Ar/Ar,Cooling,[audit 2026-10: errors converted published 1σ to 2σ (x2)],Biotite,Ar Furnace-Step,Direct,Grenville Province,ON,,,Central Metasedimentary Belt,"Central Metasedimentary Belt, Bancroft Terrane",Metamorphic,,"Berger, G. W., & York, D. (1981). Geothermometry from 40Ar39Ar dating experiments. Geochimica et Cosmochimica Acta, 45(6), 795-811."
G4-22,905.6,12.2,12.2,Ar/Ar,Cooling,[audit 2026-10: errors converted published 1σ to 2σ (x2)],Biotite,Ar Furnace-Step,Direct,Grenville Province,ON,,,Central Metasedimentary Belt,"Central Metasedimentary Belt, Bancroft Terrane",Metamorphic,,"Berger, G. W., & York, D. (1981). Geothermometry from 40Ar39Ar dating experiments. Geochimica et Cosmochimica Acta, 45(6), 795-811."
G16-25,955.0,13.8,13.8,Ar/Ar,Cooling,[audit 2026-10: errors converted published 1σ to 2σ (x2)],Biotite,Ar Furnace-Step,Direct,Grenville Province,ON,,,Central Metasedimentary Belt,"Central Metasedimentary Belt, Bancroft Terrane",Metamorphic,,"Berger, G. W., & York, D. (1981). Geothermometry from 40Ar39Ar dating experiments. Geochimica et Cosmochimica Acta, 45(6), 795-811."
94GG01a,983.0,16.0,16.0,Ar/Ar,Cooling,[audit 2026-10: errors converted published 1σ to 2σ (x2)],Hornblende,Ar Furnace-Step,Direct,Grenville Province,ON,,,Central Metasedimentary Belt,"Central Metasedimentary Belt, Bancroft Terrane",Metamorphic,,"Warnock, A. C., Kodama, K. P., & Zeitler, P. K. (2000). Using thermochronometry and low‐temperature demagnetization to accurately date Precambrian paleomagnetic poles. Journal of Geophysical Research: Solid Earth, 105(B8), 19435-19453."
94GG01b,998.0,16.0,16.0,Ar/Ar,Cooling,[audit 2026-10: errors converted published 1σ to 2σ (x2)],Hornblende,Ar Furnace-Step,Direct,Grenville Province,ON,,,Central Metasedimentary Belt,"Central Metasedimentary Belt, Bancroft Terrane",Metamorphic,,"Warnock, A. C., Kodama, K. P., & Zeitler, P. K. (2000). Using thermochronometry and low‐temperature demagnetization to accurately date Precambrian paleomagnetic poles. Journal of Geophysical Research: Solid Earth, 105(B8), 19435-19453."
Tamarack,996.0,16.0,16.0,Ar/Ar,Cooling,[audit 2026-10: errors converted published 1σ to 2σ (x2)],Hornblende,Ar Furnace-Step,Direct,Grenville Province,ON,,,Central Metasedimentary Belt,"Central Metasedimentary Belt, Bancroft Terrane",Metamorphic,,"Warnock, A. C., Kodama, K. P., & Zeitler, P. K. (2000). Using thermochronometry and low‐temperature demagnetization to accurately date Precambrian paleomagnetic poles. Journal of Geophysical Research: Solid Earth, 105(B8), 19435-19453."
94GG01a,901.0,14.0,14.0,Ar/Ar,Cooling,[audit 2026-10: errors converted published 1σ to 2σ (x2)],Biotite,Ar Furnace-Step,Direct,Grenville Province,ON,,,Central Metasedimentary Belt,"Central Metasedimentary Belt, Bancroft Terrane",Metamorphic,,"Warnock, A. C., Kodama, K. P., & Zeitler, P. K. (2000). Using thermochronometry and low‐temperature demagnetization to accurately date Precambrian paleomagnetic poles. Journal of Geophysical Research: Solid Earth, 105(B8), 19435-19453."
94GG01b,891.0,14.0,14.0,Ar/Ar,Cooling,[audit 2026-10: errors converted published 1σ to 2σ (x2)],Biotite,Ar Furnace-Step,Direct,Grenville Province,ON,,,Central Metasedimentary Belt,"Central Metasedimentary Belt, Bancroft Terrane",Metamorphic,,"Warnock, A. C., Kodama, K. P., & Zeitler, P. K. (2000). Using thermochronometry and low‐temperature demagnetization to accurately date Precambrian paleomagnetic poles. Journal of Geophysical Research: Solid Earth, 105(B8), 19435-19453."
LVT130,897.0,2.0,2.0,Ar/Ar,Cooling,biotite muscovite quartz plagioclase sillimanite schist,Muscovite,Laser-Step,Direct,Grenville Province,ON,45.05876,-76.75339,Robertson Lake shear zone,Metasedimentary Belt,Metamorphic,amphibolite and mica schist,"Busch, J.P., van der Pljuim, B.A., Hall, C.M. and Essene, E.J., 1996. Listric normal faulting during postorogenic extension revealed by 40Ar/39Ar thermochronology near the Robertson Lake shear zone, Grenville orogen, Canada; Tectonics, v. 15, p. 387-40"
LVT130,905.0,2.0,2.0,Ar/Ar,Cooling,biotite muscovite quartz plagioclase sillimanite schist,Biotite,Laser-Step,Direct,Grenville Province,ON,45.05876,-76.75339,Robertson Lake shear zone,Metasedimentary Belt,Metamorphic,amphibolite and mica schist,"Busch, J.P., and van der Pluijm, B.A., 1996, Late orogenic, plastic to brittle extension along the Robertson Lake shear zone: Implications for the style of deep-crustal extension in the Grenville Orogen, Canada: Precambrian Research, v. 77, p. 41– 57. "
RVL118,973.0,4.0,4.0,Ar/Ar,Cooling,amphibolite,Biotite,Laser-Step,Direct,Grenville Province,ON,44.88506,-76.61287,Robertson Lake shear zone,Metasedimentary Belt,Metamorphic,schist,"Busch, J.P., and van der Pluijm, B.A., 1996, Late orogenic, plastic to brittle extension along the Robertson Lake shear zone: Implications for the style of deep-crustal extension in the Grenville Orogen, Canada: Precambrian Research, v. 77, p. 41– 57. "
RVL118,1016.0,4.0,4.0,Ar/Ar,Cooling,amphibolite,Hornblende,Laser-Step,Direct,Grenville Province,ON,44.88506,-76.61287,Robertson Lake shear zone,Metasedimentary Belt,Metamorphic,schist,"Busch, J.P., van der Pljuim, B.A., Hall, C.M. and Essene, E.J., 1996. Listric normal faulting during postorogenic extension revealed by 40Ar/39Ar thermochronology near the Robertson Lake shear zone, Grenville orogen, Canada; Tectonics, v. 15, p. 387-40"
SRD104,893.0,2.0,2.0,Ar/Ar,Cooling,pegmatite mylonite,Muscovite,Laser-Step,Direct,Grenville Province,ON,44.94568,-76.67643,Robertson Lake Shear Zone,Sharbot Lake Domain - Robertson Lake Shear Zone,Plutonic,pegmatite mylonite,"Busch, J.P., van der Pljuim, B.A., Hall, C.M. and Essene, E.J., 1996. Listric normal faulting during postorogenic extension revealed by 40Ar/39Ar thermochronology near the Robertson Lake shear zone, Grenville orogen, Canada; Tectonics, v. 15, p. 387-40"
BTN195,911.0,2.0,2.0,Ar/Ar,Cooling,marble,Phlogopite,Laser-Step,Direct,Grenville Province,ON,45.38362,-76.57437,Robertson Lake Shear Zone,Mazinaw terrane - unknown,Metamorphic,marble,"Busch, J.P., van der Pljuim, B.A., Hall, C.M. and Essene, E.J., 1996. Listric normal faulting during postorogenic extension revealed by 40Ar/39Ar thermochronology near the Robertson Lake shear zone, Grenville orogen, Canada; Tectonics, v. 15, p. 387-40"
ARN191,916.0,4.0,4.0,Ar/Ar,Cooling,marble,Phlogopite,Laser-Step,Direct,Grenville Province,ON,45.44215,-76.47204,Robertson Lake Shear Zone,Mazinaw terrane - unknown,Metamorphic,marble,"Busch, J.P., van der Pljuim, B.A., Hall, C.M. and Essene, E.J., 1996. Listric normal faulting during postorogenic extension revealed by 40Ar/39Ar thermochronology near the Robertson Lake shear zone, Grenville orogen, Canada; Tectonics, v. 15, p. 387-40"
ARN199,931.0,2.0,2.0,Ar/Ar,Cooling,marble,Phlogopite,Laser-Step,Direct,Grenville Province,ON,45.44215,-76.47178,Robertson Lake Shear Zone,Mazinaw terrane - unknown,Metamorphic,marble,"Busch, J.P., van der Pljuim, B.A., Hall, C.M. and Essene, E.J., 1996. Listric normal faulting during postorogenic extension revealed by 40Ar/39Ar thermochronology near the Robertson Lake shear zone, Grenville orogen, Canada; Tectonics, v. 15, p. 387-40"
JOL164,944.0,4.0,4.0,Ar/Ar,Cooling,amphibolite,Hornblende,Laser-Step,Direct,Grenville Province,ON,45.17885,-76.64979,Robertson Lake Shear Zone,Mazinaw terrane - unknown,Metamorphic,amphibolite,"Busch, J.P., van der Pljuim, B.A., Hall, C.M. and Essene, E.J., 1996. Listric normal faulting during postorogenic extension revealed by 40Ar/39Ar thermochronology near the Robertson Lake shear zone, Grenville orogen, Canada; Tectonics, v. 15, p. 387-40"
CDN58,951.0,2.0,2.0,Ar/Ar,Cooling,amphibolite,Hornblende,Laser-Step,Direct,Grenville Province,ON,44.86163,-76.82169,Robertson Lake Shear Zone,Mazinaw terrane - unknown,Metamorphic,amphibolite,"Busch, J.P., van der Pljuim, B.A., Hall, C.M. and Essene, E.J., 1996. Listric normal faulting during postorogenic extension revealed by 40Ar/39Ar thermochronology near the Robertson Lake shear zone, Grenville orogen, Canada; Tectonics, v. 15, p. 387-40"
MTG72,956.0,2.0,2.0,Ar/Ar,Cooling,amphibolite,Hornblende,Laser-Step,Direct,Grenville Province,ON,44.75431,-76.82779,Robertson Lake Shear Zone,Mazinaw terrane - unknown,Metamorphic,amphibolite,"Busch, J.P., van der Pljuim, B.A., Hall, C.M. and Essene, E.J., 1996. Listric normal faulting during postorogenic extension revealed by 40Ar/39Ar thermochronology near the Robertson Lake shear zone, Grenville orogen, Canada; Tectonics, v. 15, p. 387-40"
DHL251,988.0,2.0,2.0,Ar/Ar,Cooling,marble,Phlogopite,Laser-Step,Direct,Grenville Province,ON,44.99416,-76.50479,Robertson Lake Shear Zone,Mazinaw terrane - unknown,Metamorphic,marble,"Busch, J.P., van der Pljuim, B.A., Hall, C.M. and Essene, E.J., 1996. Listric normal faulting during postorogenic extension revealed by 40Ar/39Ar thermochronology near the Robertson Lake shear zone, Grenville orogen, Canada; Tectonics, v. 15, p. 387-40"
MTG175,1019.0,2.0,2.0,Ar/Ar,Cooling,marble,Phlogopite,Laser-Step,Direct,Grenville Province,ON,44.71123,-76.81394,Robertson Lake Shear Zone,Sharbot Lake terrane - unknown,Metamorphic,marble,"Busch, J.P., van der Pljuim, B.A., Hall, C.M. and Essene, E.J., 1996. Listric normal faulting during postorogenic extension revealed by 40Ar/39Ar thermochronology near the Robertson Lake shear zone, Grenville orogen, Canada; Tectonics, v. 15, p. 387-40"
RVL20A,1039.0,4.0,4.0,Ar/Ar,Cooling,amphibolite,Biotite,Laser-Step,Direct,Grenville Province,ON,44.90047,-76.68391,Robertson Lake Shear Zone,Sharbot Lake terrane - unknown,Metamorphic,amphibolite,"Busch, J.P., van der Pljuim, B.A., Hall, C.M. and Essene, E.J., 1996. Listric normal faulting during postorogenic extension revealed by 40Ar/39Ar thermochronology near the Robertson Lake shear zone, Grenville orogen, Canada; Tectonics, v. 15, p. 387-40"
RVL20A,1210.0,4.0,4.0,Ar/Ar,Cooling,amphibolite,Hornblende,Laser-Step,Direct,Grenville Province,ON,44.90047,-76.68391,Robertson Lake Shear Zone,Sharbot Lake terrane - unknown,Metamorphic,amphibolite,"Busch, J.P., van der Pljuim, B.A., Hall, C.M. and Essene, E.J., 1996. Listric normal faulting during postorogenic extension revealed by 40Ar/39Ar thermochronology near the Robertson Lake shear zone, Grenville orogen, Canada; Tectonics, v. 15, p. 387-40"
F-20,916.0,2.0,2.0,U/Pb,Cooling,discordia with more than one mineral,Rutile,TIMS,Maximum Direct,Grenville Province,QC,46.90006,-76.41635,"On Hwy 117, 135 km S of Grenville Front. Coordinates interpolated from sketch map in report (by OGS compilers). To be verified to coordinates given in repository item.",Reservoir Dozois terrane - Renzy shear zone,Metamorphic,gneiss; further details in repository item - not acquired at time of compilation,"Childe, F., Doig, R. and Gariepy, C., 1993. Monazite as a metamorphic chronometer, south of the Grenville Front, western Quebec; Canadian Journal of Earth Sciences, v. 30, p. 1056-106"
F-8,995.0,2.0,2.0,U/Pb,Metamorphic,discordia with more than one mineral,Monazite,TIMS,Direct,Grenville Province,QC,47.3048,-76.86719,"On Hwy 117, 67 km S of Grenville Front. Coordinates interpolated from sketch map in report (by OGS compilers). To be verified to coordinates given in repository item",Reservoir Dozois terrane - unknown; Reservoir Dozois terrane,Plutonic,slightly foliated granite cutting metasediments; further details in repository item - not acquired at time of compilation,"Childe, F., Doig, R. and Gariepy, C., 1993. Monazite as a metamorphic chronometer, south of the Grenville Front, western Quebec; Canadian Journal of Earth Sciences, v. 30, p. 1056-106"
F-8,998.0,40.0,40.0,Pb/Pb,Metamorphic,discordia with more than one mineral,Monazite,TIMS,Estimate,Grenville Province,QC,47.3048,-76.86719,"On Hwy 117, 67 km S of Grenville Front. Coordinates interpolated from sketch map in report (by OGS compilers). To be verified to coordinates given in repository item",Reservoir Dozois terrane - unknown; Reservoir Dozois terrane,Plutonic,slightly foliated granite cutting metasediments; further details in repository item - not acquired at time of compilation,"Childe, F., Doig, R. and Gariepy, C., 1993. Monazite as a metamorphic chronometer, south of the Grenville Front, western Quebec; Canadian Journal of Earth Sciences, v. 30, p. 1056-106"
F-5,1000.0,8.0,8.0,U/Pb,Metamorphic,discordia with more than one mineral,Monazite,TIMS,Direct,Grenville Province,QC,47.37341,-76.99248,On Hwy 117. Coordinates interpolated from sketch map in report (by OGS compilers). To be verified to coordinates given in repository item.,Reservoir Dozois terrane - unknown; Reservoir Dozois terrane,Metamorphic,gneiss; further details in repository item - not acquired at time of compilation,"Childe, F., Doig, R. and Gariepy, C., 1993. Monazite as a metamorphic chronometer, south of the Grenville Front, western Quebec; Canadian Journal of Earth Sciences, v. 30, p. 1056-106"
F-3,1004.0,3.0,3.0,U/Pb,Metamorphic,discordia with more than one mineral,"Monazite, Xenotime",TIMS,Estimate,Grenville Province,QC,47.42425,-77.04998,On Hwy 117. Coordinates interpolated from sketch map in report (by OGS compilers). To be verified to coordinates given in repository item.,Reservoir Dozois terrane - unknown; Reservoir Dozois terrane,Metamorphic,gneiss; further details in repository item - not acquired at time of compilation,"Childe, F., Doig, R. and Gariepy, C., 1993. Monazite as a metamorphic chronometer, south of the Grenville Front, western Quebec; Canadian Journal of Earth Sciences, v. 30, p. 1056-106"
F-4,1005.0,7.0,7.0,U/Pb,Metamorphic,discordia with more than one mineral,Monazite,TIMS,Estimate,Grenville Province,QC,47.41175,-77.02637,On Hwy 117. Coordinates interpolated from sketch map in report (by OGS compilers). To be verified to coordinates given in repository item.,Reservoir Dozois terrane - unknown; Reservoir Dozois terrane,Metamorphic,gneiss; further details in repository item - not acquired at time of compilation,"Childe, F., Doig, R. and Gariepy, C., 1993. Monazite as a metamorphic chronometer, south of the Grenville Front, western Quebec; Canadian Journal of Earth Sciences, v. 30, p. 1056-106"
F-9,1005.0,2.0,2.0,U/Pb,Peak Metamorphic,discordia with more than one mineral,Monazite,TIMS,Direct,Grenville Province,QC,47.28814,-76.83608,On Hwy 117. Coordinates interpolated from sketch map in report (by OGS compilers). To be verified to coordinates given in repository item,Reservoir Dozois terrane - unknown; Reservoir Dozois terrane,Metamorphic,gneiss; further details in repository item - not acquired at time of compilation,"Childe, F., Doig, R. and Gariepy, C., 1993. Monazite as a metamorphic chronometer, south of the Grenville Front, western Quebec; Canadian Journal of Earth Sciences, v. 30, p. 1056-106"
F-6,1006.0,2.0,2.0,U/Pb,Metamorphic,discordia with more than one mineral,Monazite,TIMS,Direct,Grenville Province,QC,47.35341,-76.9647,On Hwy 117. Coordinates interpolated from sketch map in report (by OGS compilers). To be verified to coordinates given in repository item.,Reservoir Dozois terrane - unknown; Reservoir Dozois terrane,Metamorphic,gneiss; further details in repository item - not acquired at time of compilation,"Childe, F., Doig, R. and Gariepy, C., 1993. Monazite as a metamorphic chronometer, south of the Grenville Front, western Quebec; Canadian Journal of Earth Sciences, v. 30, p. 1056-106"
F-9,1020.0,3.0,3.0,U/Pb,Metamorphic,discordia with more than one mineral,Monazite,TIMS,Direct,Grenville Province,QC,47.28814,-76.83608,On Hwy 117. Coordinates interpolated from sketch map in report (by OGS compilers). To be verified to coordinates given in repository item,Reservoir Dozois terrane - unknown; Reservoir Dozois terrane,Metamorphic,gneiss; further details in repository item - not acquired at time of compilation,"Childe, F., Doig, R. and Gariepy, C., 1993. Monazite as a metamorphic chronometer, south of the Grenville Front, western Quebec; Canadian Journal of Earth Sciences, v. 30, p. 1056-106"
F-20,1070.0,22.0,22.0,U/Pb,Metamorphic,discordia with more than one mineral,Monazite,TIMS,Estimate,Grenville Province,QC,46.90006,-76.41635,"On Hwy 117, 135 km S of Grenville Front. Coordinates interpolated from sketch map in report (by OGS compilers). To be verified to coordinates given in repository item.",Reservoir Dozois terrane - Renzy shear zone,Metamorphic,gneiss; further details in repository item - not acquired at time of compilation,"Childe, F., Doig, R. and Gariepy, C., 1993. Monazite as a metamorphic chronometer, south of the Grenville Front, western Quebec; Canadian Journal of Earth Sciences, v. 30, p. 1056-106"
F-4,1008.0,3.0,3.0,U/Pb,Metamorphic,discordia with more than one mineral,Monazite,TIMS,Estimate,Grenville Province,QC,47.41175,-77.02637,On Hwy 117. Coordinates interpolated from sketch map in report (by OGS compilers). To be verified to coordinates given in repository item.,Reservoir Dozois terrane - unknown; Reservoir Dozois terrane,Metamorphic,gneiss; further details in repository item - not acquired at time of compilation,"Childe, F., Doig, R. and Gariepy, C., 1993. Monazite as a metamorphic chronometer, south of the Grenville Front, western Quebec; Canadian Journal of Earth Sciences, v. 30, p. 1056-106"
C-93-9,599.0,16.0,16.0,U/Pb,Reset,granite,"Zircon, Rutile",TIMS,Direct,Grenville Province,ON,44.91704,-77.10352,Sand Lake,Mazinaw terrane - Norway Lake granite,Plutonic,granite,"Corfu, F. and Easton, R.M., 1995. U-Pb geochronology of the Mazinaw Terrane, an imbricate segment of the Central Metasedimentary Belt, Grenville Province, Ontario; Canadian Journal of Earth Sciences, v. 32, p. 959-96"
C-93-2 KF2,915.0,18.0,18.0,Pb/Pb,Metamorphic,"matrix-poor monolithic metavolcanic breccia, mostly likely a lava dome, contains biotite and abundant secondary randomly oriented hornblende porphyroblasts",Rutile,TIMS,Direct,Grenville Province,ON,44.8103,-77.10974,Kashwakamak Lake,Mazinaw terrane - Kashwakamak Formation,Volcanic,"matrix-poor monolithic metavolcanic breccia, mostly likely a lava dome, contains biotite and abundant secondary randomly oriented hornblende porphyroblasts","Corfu, F. and Easton, R.M., 1995. U-Pb geochronology of the Mazinaw Terrane, an imbricate segment of the Central Metasedimentary Belt, Grenville Province, Ontario; Canadian Journal of Earth Sciences, v. 32, p. 959-96"
C-93-2 KF2,923.0,12.0,12.0,Pb/Pb,Metamorphic,"matrix-poor monolithic metavolcanic breccia, mostly likely a lava dome, contains biotite and abundant secondary randomly oriented hornblende porphyroblasts",Rutile,TIMS,Direct,Grenville Province,ON,44.8103,-77.10974,Kashwakamak Lake,Mazinaw terrane - Kashwakamak Formation,Volcanic,"matrix-poor monolithic metavolcanic breccia, mostly likely a lava dome, contains biotite and abundant secondary randomly oriented hornblende porphyroblasts","Corfu, F. and Easton, R.M., 1995. U-Pb geochronology of the Mazinaw Terrane, an imbricate segment of the Central Metasedimentary Belt, Grenville Province, Ontario; Canadian Journal of Earth Sciences, v. 32, p. 959-96"
C-93-3 HS,950.0,13.0,13.0,Pb/Pb,Metamorphic,"trondhjemite, cuts marbles in area",Rutile,TIMS,Estimate,Grenville Province,ON,44.8314,-77.1046,Mitchell Bay,Mazinaw terrane - Helena stock,Plutonic,"trondhjemite, cuts marbles in area","Corfu, F. and Easton, R.M., 1995. U-Pb geochronology of the Mazinaw Terrane, an imbricate segment of the Central Metasedimentary Belt, Grenville Province, Ontario; Canadian Journal of Earth Sciences, v. 32, p. 959-96"
C-93-7,965.0,13.0,13.0,Pb/Pb,Metamorphic,"gneissic body, tonalite to granodiorite",Titanite,TIMS,Direct,Grenville Province,ON,44.90581,-76.87823,Pine Lake,Mazinaw terrane - Cross Lake pluton,Plutonic,"gneissic body, tonalite to granodiorite","Corfu, F. and Easton, R.M., 1995. U-Pb geochronology of the Mazinaw Terrane, an imbricate segment of the Central Metasedimentary Belt, Grenville Province, Ontario; Canadian Journal of Earth Sciences, v. 32, p. 959-96"
C-93-13,978.0,3.0,3.0,Pb/Pb,Igneous Crystallization,pegmatite dyke,Monazite,TIMS,Estimate,Grenville Province,ON,45.13904,-76.66868,Clyde Forks area,Mazinaw terrane - cuts Flinton Group schists,Plutonic,pegmatite dyke,"Corfu, F. and Easton, R.M., 1995. U-Pb geochronology of the Mazinaw Terrane, an imbricate segment of the Central Metasedimentary Belt, Grenville Province, Ontario; Canadian Journal of Earth Sciences, v. 32, p. 959-96"
C-93-3 HS,981.0,20.0,20.0,Pb/Pb,Metamorphic,"trondhjemite, cuts marbles in area",Rutile,TIMS,Estimate,Grenville Province,ON,44.8314,-77.1046,Mitchell Bay,Mazinaw terrane - Helena stock,Plutonic,"trondhjemite, cuts marbles in area","Corfu, F. and Easton, R.M., 1995. U-Pb geochronology of the Mazinaw Terrane, an imbricate segment of the Central Metasedimentary Belt, Grenville Province, Ontario; Canadian Journal of Earth Sciences, v. 32, p. 959-96"
C-93-13,984.0,4.0,4.0,Pb/Pb,Igneous Crystallization,pegmatite dyke,Zircon,TIMS,Estimate,Grenville Province,ON,45.13904,-76.66868,Clyde Forks area,Mazinaw terrane - cuts Flinton Group schists,Plutonic,pegmatite dyke,"Corfu, F. and Easton, R.M., 1995. U-Pb geochronology of the Mazinaw Terrane, an imbricate segment of the Central Metasedimentary Belt, Grenville Province, Ontario; Canadian Journal of Earth Sciences, v. 32, p. 959-96"
C-93-1 KF1,984.0,19.0,19.0,Pb/Pb,Metamorphic,"massive dacitic pyroclastic metavolcanic, probably and ash-flow tuff, contains biotite and abundant secondary randomly oriented hornblende porphyroblasts; outcrop contains rare melt segregations.",Titanite,TIMS,Direct,Grenville Province,ON,44.80958,-77.03593,Big Gull Lake,Mazinaw terrane - Kashwakamak Formation,Volcanic,"massive dacitic pyroclastic metavolcanic, probably and ash-flow tuff, contains biotite and abundant secondary randomly oriented hornblende porphyroblasts; outcrop contains rare melt segregations.","Corfu, F. and Easton, R.M., 1995. U-Pb geochronology of the Mazinaw Terrane, an imbricate segment of the Central Metasedimentary Belt, Grenville Province, Ontario; Canadian Journal of Earth Sciences, v. 32, p. 959-96"
C-93-16,995.0,2.0,2.0,Pb/Pb,Metamorphic,felsic volcanic,Titanite,TIMS,Direct,Grenville Province,ON,45.16903,-76.70082,Flower Round Lake,Mazinaw terrane - unknown,Volcanic,felsic volcanic,"Corfu, F. and Easton, R.M., 1995. U-Pb geochronology of the Mazinaw Terrane, an imbricate segment of the Central Metasedimentary Belt, Grenville Province, Ontario; Canadian Journal of Earth Sciences, v. 32, p. 959-96"
C-93-15,1005.0,5.0,5.0,Pb/Pb,Metamorphic,garnet amphibolite,Zircon,TIMS,Estimate,Grenville Province,ON,45.21807,-76.69412,Mile Lake,Mazinaw terrane - unknown,Metamorphic,garnet amphibolite,"Corfu, F. and Easton, R.M., 1995. U-Pb geochronology of the Mazinaw Terrane, an imbricate segment of the Central Metasedimentary Belt, Grenville Province, Ontario; Canadian Journal of Earth Sciences, v. 32, p. 959-96"
C-93-14,1020.0,3.0,3.0,Pb/Pb,Metamorphic,mica schist,"Zircon, Monazite",TIMS,Direct,Grenville Province,ON,45.13904,-76.66868,Clyde Forks area,"Mazinaw terrane - Bishop Corners Formation, Flinton Group",Metamorphic,mica schist,"Corfu, F. and Easton, R.M., 1995. U-Pb geochronology of the Mazinaw Terrane, an imbricate segment of the Central Metasedimentary Belt, Grenville Province, Ontario; Canadian Journal of Earth Sciences, v. 32, p. 959-96"
C-93-16,1036.0,9.0,5.0,Pb/Pb,Metamorphic,felsic volcanic,Zircon,TIMS,Direct,Grenville Province,ON,45.16903,-76.70082,Flower Round Lake,Mazinaw terrane - unknown,Volcanic,felsic volcanic,"Corfu, F. and Easton, R.M., 1995. U-Pb geochronology of the Mazinaw Terrane, an imbricate segment of the Central Metasedimentary Belt, Grenville Province, Ontario; Canadian Journal of Earth Sciences, v. 32, p. 959-96"
C-93-15,1036.0,9.0,5.0,Pb/Pb,Metamorphic,garnet amphibolite,Zircon,TIMS,Estimate,Grenville Province,ON,45.21807,-76.69412,Mile Lake,Mazinaw terrane - unknown,Metamorphic,garnet amphibolite,"Corfu, F. and Easton, R.M., 1995. U-Pb geochronology of the Mazinaw Terrane, an imbricate segment of the Central Metasedimentary Belt, Grenville Province, Ontario; Canadian Journal of Earth Sciences, v. 32, p. 959-96"
C-93-12,1052.0,5.0,5.0,Pb/Pb,Detrital,calc-silicate,Titanite,TIMS,Estimate,Grenville Province,ON,45.0993,-76.85296,Mair Lake,Mazinaw terrane - unknown,Sedimentary,calc-silicate,"Corfu, F. and Easton, R.M., 1995. U-Pb geochronology of the Mazinaw Terrane, an imbricate segment of the Central Metasedimentary Belt, Grenville Province, Ontario; Canadian Journal of Earth Sciences, v. 32, p. 959-96"
C-93-10,1063.0,5.0,5.0,Pb/Pb,No Age,sheared pegmatite,Zircon,TIMS,Estimate,Grenville Province,ON,45.06714,-76.85433,Granite Lake,Mazinaw terrane - unknown,Plutonic,sheared pegmatite,"Corfu, F. and Easton, R.M., 1995. U-Pb geochronology of the Mazinaw Terrane, an imbricate segment of the Central Metasedimentary Belt, Grenville Province, Ontario; Canadian Journal of Earth Sciences, v. 32, p. 959-96"
C-93-8,1067.0,10.0,10.0,Pb/Pb,Metamorphic,gneissic granite,Titanite,TIMS,Direct,Grenville Province,ON,45.00295,-77.08834,Buckshot Lake,Mazinaw terrane - Abinger granite,Plutonic,gneissic granite,"Corfu, F. and Easton, R.M., 1995. U-Pb geochronology of the Mazinaw Terrane, an imbricate segment of the Central Metasedimentary Belt, Grenville Province, Ontario; Canadian Journal of Earth Sciences, v. 32, p. 959-96"
C-93-11,1079.0,2.0,2.0,Pb/Pb,Igneous Crystallization,"pegmatite dyke, undeformed, cuts tonalite gneiss and deformed pegmatite",Zircon,TIMS,Direct,Grenville Province,ON,45.06714,-76.85433,Granite Lake,Mazinaw terrane - unknown,Plutonic,"pegmatite dyke, undeformed, cuts tonalite gneiss and deformed pegmatite","Corfu, F. and Easton, R.M., 1995. U-Pb geochronology of the Mazinaw Terrane, an imbricate segment of the Central Metasedimentary Belt, Grenville Province, Ontario; Canadian Journal of Earth Sciences, v. 32, p. 959-96"
C-93-12,1094.0,9.0,9.0,Pb/Pb,Metamorphic,calc-silicate,Zircon,TIMS,Direct,Grenville Province,ON,45.0993,-76.85296,Mair Lake,Mazinaw terrane - unknown,Sedimentary,calc-silicate,"Corfu, F. and Easton, R.M., 1995. U-Pb geochronology of the Mazinaw Terrane, an imbricate segment of the Central Metasedimentary Belt, Grenville Province, Ontario; Canadian Journal of Earth Sciences, v. 32, p. 959-96"
C-93-7,1130.0,4.5,4.5,Pb/Pb,Metamorphic,"gneissic body, tonalite to granodiorite",Titanite,TIMS,Estimate,Grenville Province,ON,44.90581,-76.87823,Pine Lake,Mazinaw terrane - Cross Lake pluton,Plutonic,"gneissic body, tonalite to granodiorite","Corfu, F. and Easton, R.M., 1995. U-Pb geochronology of the Mazinaw Terrane, an imbricate segment of the Central Metasedimentary Belt, Grenville Province, Ontario; Canadian Journal of Earth Sciences, v. 32, p. 959-96"
C-93-12,1213.0,16.0,16.0,Pb/Pb,Detrital,calc-silicate,Zircon,TIMS,Minimum Direct,Grenville Province,ON,45.0993,-76.85296,Mair Lake,Mazinaw terrane - unknown,Sedimentary,calc-silicate,"Corfu, F. and Easton, R.M., 1995. U-Pb geochronology of the Mazinaw Terrane, an imbricate segment of the Central Metasedimentary Belt, Grenville Province, Ontario; Canadian Journal of Earth Sciences, v. 32, p. 959-96"
C-93-12,1237.0,3.7,3.7,Pb/Pb,Detrital,calc-silicate,Zircon,TIMS,Direct,Grenville Province,ON,45.0993,-76.85296,Mair Lake,Mazinaw terrane - unknown,Sedimentary,calc-silicate,"Corfu, F. and Easton, R.M., 1995. U-Pb geochronology of the Mazinaw Terrane, an imbricate segment of the Central Metasedimentary Belt, Grenville Province, Ontario; Canadian Journal of Earth Sciences, v. 32, p. 959-96"
C-93-8,1240.0,5.0,5.0,Pb/Pb,Igneous Crystallization,gneissic granite,Zircon,TIMS,Estimate,Grenville Province,ON,45.00295,-77.08834,Buckshot Lake,Mazinaw terrane - Abinger granite,Plutonic,gneissic granite,"Corfu, F. and Easton, R.M., 1995. U-Pb geochronology of the Mazinaw Terrane, an imbricate segment of the Central Metasedimentary Belt, Grenville Province, Ontario; Canadian Journal of Earth Sciences, v. 32, p. 959-96"
C-93-4,1240.0,10.0,10.0,Pb/Pb,Igneous Crystallization,foliated well-banded rhyolitic pyroclastic metavolcanic,Zircon,TIMS,Estimate,Grenville Province,ON,44.89028,-77.12566,Shabomeka Lake,Mazinaw terrane - Mazinaw Lake Formation,Volcanic,foliated well-banded rhyolitic pyroclastic metavolcanic,"Corfu, F. and Easton, R.M., 1995. U-Pb geochronology of the Mazinaw Terrane, an imbricate segment of the Central Metasedimentary Belt, Grenville Province, Ontario; Canadian Journal of Earth Sciences, v. 32, p. 959-96"
C-93-9,1242.0,4.0,4.0,Pb/Pb,Igneous Crystallization,granite,"Zircon, Rutile",TIMS,Direct,Grenville Province,ON,44.91704,-77.10352,Sand Lake,Mazinaw terrane - Norway Lake granite,Plutonic,granite,"Corfu, F. and Easton, R.M., 1995. U-Pb geochronology of the Mazinaw Terrane, an imbricate segment of the Central Metasedimentary Belt, Grenville Province, Ontario; Canadian Journal of Earth Sciences, v. 32, p. 959-96"
C-93-5,1246.0,3.0,3.0,Pb/Pb,Igneous Crystallization,foliated well-banded rhyolitic pyroclastic metavolcanic,Zircon,TIMS,Direct,Grenville Province,ON,44.87318,-77.16116,Semicircle Lake,Mazinaw terrane - Mazinaw Lake Formation,Volcanic,foliated well-banded rhyolitic pyroclastic metavolcanic,"Corfu, F. and Easton, R.M., 1995. U-Pb geochronology of the Mazinaw Terrane, an imbricate segment of the Central Metasedimentary Belt, Grenville Province, Ontario; Canadian Journal of Earth Sciences, v. 32, p. 959-96"
C-93-7 (CL Cross Lake),1250.0,10.0,5.0,Pb/Pb,Igneous Crystallization,"gneissic body, tonalite to granodiorite","Zircon, Titanite",TIMS,Estimate,Grenville Province,ON,44.90581,-76.87823,Pine Lake,Mazinaw terrane - Cross Lake pluton,Plutonic,"gneissic body, tonalite to granodiorite","Corfu, F. and Easton, R.M., 1995. U-Pb geochronology of the Mazinaw Terrane, an imbricate segment of the Central Metasedimentary Belt, Grenville Province, Ontario; Canadian Journal of Earth Sciences, v. 32, p. 959-96"
C-93-3 (HS Helena Stock trondjhemite),1267.0,5.0,5.0,Pb/Pb,Igneous Crystallization,"trondhjemite, cuts marbles in area",Zircon,TIMS,Direct,Grenville Province,ON,44.8314,-77.1046,Mitchell Bay,Mazinaw terrane - Helena stock,Plutonic,"trondhjemite, cuts marbles in area","Corfu, F. and Easton, R.M., 1995. U-Pb geochronology of the Mazinaw Terrane, an imbricate segment of the Central Metasedimentary Belt, Grenville Province, Ontario; Canadian Journal of Earth Sciences, v. 32, p. 959-96"
C-93-1 (KF1 Kashwakamak Fm),1276.0,2.0,2.0,Pb/Pb,Igneous Crystallization,"massive dacitic pyroclastic metavolcanic, probably and ash-flow tuff, contains biotite and abundant secondary randomly oriented hornblende porphyroblasts; outcrop contains rare melt segregations.",Zircon,TIMS,Direct,Grenville Province,ON,44.80958,-77.03593,Big Gull Lake,Mazinaw terrane - Kashwakamak Formation,Volcanic,"massive dacitic pyroclastic metavolcanic, probably and ash-flow tuff, contains biotite and abundant secondary randomly oriented hornblende porphyroblasts; outcrop contains rare melt segregations.","Corfu, F. and Easton, R.M., 1995. U-Pb geochronology of the Mazinaw Terrane, an imbricate segment of the Central Metasedimentary Belt, Grenville Province, Ontario; Canadian Journal of Earth Sciences, v. 32, p. 959-96"
C-93-2 (KF2 Kashhwakamak Fm),1276.0,2.0,2.0,Pb/Pb,Igneous Crystallization,"matrix-poor monolithic metavolcanic breccia, mostly likely a lava dome, contains biotite and abundant secondary randomly oriented hornblende porphyroblasts",Zircon,TIMS,Direct,Grenville Province,ON,44.8103,-77.10974,Kashwakamak Lake,Mazinaw terrane - Kashwakamak Formation,Volcanic,"matrix-poor monolithic metavolcanic breccia, mostly likely a lava dome, contains biotite and abundant secondary randomly oriented hornblende porphyroblasts","Corfu, F. and Easton, R.M., 1995. U-Pb geochronology of the Mazinaw Terrane, an imbricate segment of the Central Metasedimentary Belt, Grenville Province, Ontario; Canadian Journal of Earth Sciences, v. 32, p. 959-96"
C-93-14 (FM Flinton Mica Schist),1491.0,6.3,6.3,Pb/Pb,Detrital,mica schist,Zircon,TIMS,Estimate,Grenville Province,ON,45.13904,-76.66868,Clyde Forks area,"Mazinaw terrane - Bishop Corners Formation, Flinton Group",Metamorphic,mica schist,"Corfu, F. and Easton, R.M., 1995. U-Pb geochronology of the Mazinaw Terrane, an imbricate segment of the Central Metasedimentary Belt, Grenville Province, Ontario; Canadian Journal of Earth Sciences, v. 32, p. 959-96"
87-DC-2,972.0,7.0,7.0,U/Pb,Pb Loss,medium-grained weakly-foliated granodiorite with 2-3 cm K-feldspar megacrysts (primary),Titanite,TIMS,Estimate,Grenville Province,ON,45.87405,-80.75473,"Small island S. of Mann Island, SW of Key Harbour, Georgian Bay",Mesoproteozoic composite Arc allochthon - Mann Island granodiorite,Plutonic,medium-grained weakly-foliated granodiorite with 2-3 cm K-feldspar megacrysts (primary),"Corrigan, D., Culshaw, N.G. and Mortensen, K.J., 1994. Pre-Grenvillian evoultion and Grenvillian overprinting of the Parautochthonous Belt in Key Harbour, Ontario: U-Pb and field constraints; Canadian Journal of Earth Sciences, v. 31, p. 583-59"
87-DC-6,980.0,8.0,8.0,U/Pb,Recrystallization,"granodiorite dyke, 2 m thick sheet",Titanite,TIMS,Estimate,Grenville Province,ON,45.88523,-80.76402,"Bigby Island, west of Key Harbour, Georgian Bay",Mesoproteozoic composite Arc allochthon - ?Mann Island granodiorite correlative?,Plutonic,"granodiorite dyke, 2 m thick sheet","Corrigan, D., Culshaw, N.G. and Mortensen, K.J., 1994. Pre-Grenvillian evoultion and Grenvillian overprinting of the Parautochthonous Belt in Key Harbour, Ontario: U-Pb and field constraints; Canadian Journal of Earth Sciences, v. 31, p. 583-59"
87-DC-5,990.0,2.0,2.0,U/Pb,Igneous Crystallization,"pegmatite dyke, megacrystic (microcline crystals to 1 m)",Zircon,TIMS,Estimate,Grenville Province,ON,45.82122,-80.72052,"Approx. 2 km S of Churchill Islands, Georgian Bay",Mesoproteozoic composite Arc allochthon - undivided,Plutonic,"pegmatite dyke, megacrystic (microcline crystals to 1 m)","Corrigan, D., Culshaw, N.G. and Mortensen, K.J., 1994. Pre-Grenvillian evoultion and Grenvillian overprinting of the Parautochthonous Belt in Key Harbour, Ontario: U-Pb and field constraints; Canadian Journal of Earth Sciences, v. 31, p. 583-59"
87-DC-2,1001.0,6.0,6.0,U/Pb,Metamorphic,medium-grained weakly-foliated granodiorite with 2-3 cm K-feldspar megacrysts (primary),Titanite,TIMS,Direct,Grenville Province,ON,45.87405,-80.75473,"Small island S. of Mann Island, SW of Key Harbour, Georgian Bay",Mesoproteozoic composite Arc allochthon - Mann Island granodiorite,Plutonic,medium-grained weakly-foliated granodiorite with 2-3 cm K-feldspar megacrysts (primary),"Corrigan, D., Culshaw, N.G. and Mortensen, K.J., 1994. Pre-Grenvillian evoultion and Grenvillian overprinting of the Parautochthonous Belt in Key Harbour, Ontario: U-Pb and field constraints; Canadian Journal of Earth Sciences, v. 31, p. 583-59"
88-Db-26B,1003.0,9.0,9.0,U/Pb,Metamorphic,leucosome from internal boudin necks,Titanite,TIMS,Direct,Grenville Province,ON,45.88701,-80.75422,"Small island off northern tip of Mann Island, west of Key Harbour, Georgian Bay",Mesoproteozoic composite Arc allochthon - undivided gneiss in Mann Island granodiorite,Plutonic,leucosome from internal boudin necks,"Corrigan, D., Culshaw, N.G. and Mortensen, K.J., 1994. Pre-Grenvillian evoultion and Grenvillian overprinting of the Parautochthonous Belt in Key Harbour, Ontario: U-Pb and field constraints; Canadian Journal of Earth Sciences, v. 31, p. 583-59"
88-Db-26B,1015.0,16.0,17.0,U/Pb,Pb Loss,leucosome from internal boudin necks,Zircon,TIMS,Estimate,Grenville Province,ON,45.88701,-80.75422,"Small island off northern tip of Mann Island, west of Key Harbour, Georgian Bay",Mesoproteozoic composite Arc allochthon - undivided gneiss in Mann Island granodiorite,Plutonic,leucosome from internal boudin necks,"Corrigan, D., Culshaw, N.G. and Mortensen, K.J., 1994. Pre-Grenvillian evoultion and Grenvillian overprinting of the Parautochthonous Belt in Key Harbour, Ontario: U-Pb and field constraints; Canadian Journal of Earth Sciences, v. 31, p. 583-59"
87-DC-3,1035.0,1.0,1.0,U/Pb,Peak Metamorphic,migmatitic sillimanite kyanite K-feldspar garnet biotite paragneiss,Monazite,TIMS,Direct,Grenville Province,ON,45.88482,-80.7434,"Small island just west of Key Harbour, Georgian Bay",Mesoproteozoic composite Arc allochthon - undivided gneiss,Metamorphic,migmatitic sillimanite kyanite K-feldspar garnet biotite paragneiss,"Corrigan, D., Culshaw, N.G. and Mortensen, K.J., 1994. Pre-Grenvillian evoultion and Grenvillian overprinting of the Parautochthonous Belt in Key Harbour, Ontario: U-Pb and field constraints; Canadian Journal of Earth Sciences, v. 31, p. 583-59"
87-DC-1,1146.0,137.0,128.0,U/Pb,Metamorphic,pink fine- to medium-grained homogenous leucogranite,Zircon,TIMS,Estimate,Grenville Province,ON,45.88433,-80.76402,"Bigby Island, west of Key Harbour, Georgian Bay",Mesoproteozoic composite Arc allochthon - Key Harbour granite,Plutonic,pink fine- to medium-grained homogenous leucogranite,"Corrigan, D., Culshaw, N.G. and Mortensen, K.J., 1994. Pre-Grenvillian evoultion and Grenvillian overprinting of the Parautochthonous Belt in Key Harbour, Ontario: U-Pb and field constraints; Canadian Journal of Earth Sciences, v. 31, p. 583-59"
87-DC-2,1442.0,7.0,6.0,U/Pb,Igneous Crystallization,medium-grained weakly-foliated granodiorite with 2-3 cm K-feldspar megacrysts (primary),Zircon,TIMS,Minimum Direct,Grenville Province,ON,45.87405,-80.75473,"Small island S. of Mann Island, SW of Key Harbour, Georgian Bay",Mesoproteozoic composite Arc allochthon - Mann Island granodiorite,Plutonic,medium-grained weakly-foliated granodiorite with 2-3 cm K-feldspar megacrysts (primary),"Corrigan, D., Culshaw, N.G. and Mortensen, K.J., 1994. Pre-Grenvillian evoultion and Grenvillian overprinting of the Parautochthonous Belt in Key Harbour, Ontario: U-Pb and field constraints; Canadian Journal of Earth Sciences, v. 31, p. 583-59"
88-Db-26B,1456.0,12.0,11.0,U/Pb,Protolith age,leucosome from internal boudin necks,Zircon,TIMS,Direct,Grenville Province,ON,45.88701,-80.75422,"Small island off northern tip of Mann Island, west of Key Harbour, Georgian Bay",Mesoproteozoic composite Arc allochthon - undivided gneiss in Mann Island granodiorite,Plutonic,leucosome from internal boudin necks,"Corrigan, D., Culshaw, N.G. and Mortensen, K.J., 1994. Pre-Grenvillian evoultion and Grenvillian overprinting of the Parautochthonous Belt in Key Harbour, Ontario: U-Pb and field constraints; Canadian Journal of Earth Sciences, v. 31, p. 583-59"
87-DC-1,1684.0,8.0,8.0,U/Pb,Igneous Crystallization,pink fine- to medium-grained homogenous leucogranite,Zircon,TIMS,Direct,Grenville Province,ON,45.88433,-80.76402,"Bigby Island, west of Key Harbour, Georgian Bay",Mesoproteozoic composite Arc allochthon - Key Harbour granite,Plutonic,pink fine- to medium-grained homogenous leucogranite,"Corrigan, D., Culshaw, N.G. and Mortensen, K.J., 1994. Pre-Grenvillian evoultion and Grenvillian overprinting of the Parautochthonous Belt in Key Harbour, Ontario: U-Pb and field constraints; Canadian Journal of Earth Sciences, v. 31, p. 583-59"
G0-1B,897.0,4.0,4.0,Ar/Ar,Metamorphic,marble,Phlogopite,Ar Furnace-Step,Direct,Grenville Province,ON,44.96673,-78.26644,No topographic references given. Coordinates interpolated from sketch map in report.,"Central Metasedimentary Belt, Bancroft terrane - unknown",Metamorphic,marble,"Cosca, M.A., Essene, E.J., Kunk, M.G. and Sutter, J.F., 1992. Differential unroofing within the Central Metasedimentary Belt of the Grenville Orogen: constraints from 40Ar/39Ar thermochronology; Contributions to Mineralogy and Petrology, v. 110, p. 211-22"
WI-1B,908.0,6.0,6.0,Ar/Ar,Metamorphic,not described,Phlogopite,Ar Furnace-Step,Direct,Grenville Province,ON,45.02506,-78.2331,No topographic references given. Coordinates interpolated from sketch map in report.,"Central Metasedimentary Belt, Bancroft terrane - unknown",Metamorphic,not described,"Cosca, M.A., Essene, E.J., Kunk, M.G. and Sutter, J.F., 1992. Differential unroofing within the Central Metasedimentary Belt of the Grenville Orogen: constraints from 40Ar/39Ar thermochronology; Contributions to Mineralogy and Petrology, v. 110, p. 211-22"
BA-0,930.0,6.0,6.0,Ar/Ar,Metamorphic,marble,Phlogopite,Ar Furnace-Step,Minimum Estimate,Grenville Province,ON,45.05006,-77.83308,No topographic references given. Coordinates interpolated from sketch map in report.,"Central Metasedimentary Belt, Bancroft terrane - unknown",Metamorphic,marble,"Cosca, M.A., Essene, E.J., Kunk, M.G. and Sutter, J.F., 1992. Differential unroofing within the Central Metasedimentary Belt of the Grenville Orogen: constraints from 40Ar/39Ar thermochronology; Contributions to Mineralogy and Petrology, v. 110, p. 211-22"
FA86-11,938.0,6.0,6.0,Ar/Ar,Metamorphic,amphibolite,Hornblende,Ar Furnace-Step,Direct,Grenville Province,ON,44.75006,-76.91638,No topographic references given. Coordinates interpolated from sketch map in report.,"NCentral Metasedimentary Belt, Elzevir terrane - Elzevir",Metamorphic,amphibolite,"Cosca, M.A., Essene, E.J., Kunk, M.G. and Sutter, J.F., 1992. Differential unroofing within the Central Metasedimentary Belt of the Grenville Orogen: constraints from 40Ar/39Ar thermochronology; Contributions to Mineralogy and Petrology, v. 110, p. 211-22"
MC88-7,940.0,6.0,6.0,Ar/Ar,Metamorphic,amphibolite,Hornblende,Ar Furnace-Step,Direct,Grenville Province,ON,44.45006,-76.97472,No topographic references given. Coordinates interpolated from sketch map in report.,"Central Metasedimentary Belt, Elzevir terrane - Elzevir",Metamorphic,amphibolite,"Cosca, M.A., Essene, E.J., Kunk, M.G. and Sutter, J.F., 1992. Differential unroofing within the Central Metasedimentary Belt of the Grenville Orogen: constraints from 40Ar/39Ar thermochronology; Contributions to Mineralogy and Petrology, v. 110, p. 211-22"
BA-11,997.0,6.0,6.0,Ar/Ar,Metamorphic,marble,Phlogopite,Ar Furnace-Step,Direct,Grenville Province,ON,45.05006,-77.83308,No topographic references given. Coordinates interpolated from sketch map in report.,"Central Metasedimentary Belt, Bancroft terrane - unknown",Metamorphic,marble,"Cosca, M.A., Essene, E.J., Kunk, M.G. and Sutter, J.F., 1992. Differential unroofing within the Central Metasedimentary Belt of the Grenville Orogen: constraints from 40Ar/39Ar thermochronology; Contributions to Mineralogy and Petrology, v. 110, p. 211-22"
BA-0,1004.0,6.0,6.0,Ar/Ar,Metamorphic,marble,Phlogopite,Ar Furnace-Step,Maximum Estimate,Grenville Province,ON,45.05006,-77.83308,No topographic references given. Coordinates interpolated from sketch map in report.,"Central Metasedimentary Belt, Bancroft terrane - unknown",Metamorphic,marble,"Cosca, M.A., Essene, E.J., Kunk, M.G. and Sutter, J.F., 1992. Differential unroofing within the Central Metasedimentary Belt of the Grenville Orogen: constraints from 40Ar/39Ar thermochronology; Contributions to Mineralogy and Petrology, v. 110, p. 211-22"
WI-1A,1008.0,6.0,6.0,Ar/Ar,Metamorphic,not described,Phlogopite,Ar Furnace-Step,Minimum Estimate,Grenville Province,ON,45.03339,-78.21644,No topographic references given. Coordinates interpolated from sketch map in report.,"Central Metasedimentary Belt, Bancroft terrane - unknown",Metamorphic,not described,"Cosca, M.A., Essene, E.J., Kunk, M.G. and Sutter, J.F., 1992. Differential unroofing within the Central Metasedimentary Belt of the Grenville Orogen: constraints from 40Ar/39Ar thermochronology; Contributions to Mineralogy and Petrology, v. 110, p. 211-22"
MC87-22B,1015.0,6.0,6.0,Ar/Ar,Metamorphic,amphibolite,Hornblende,Ar Furnace-Step,Direct,Grenville Province,ON,45.06673,-77.81642,No topographic references given. Coordinates interpolated from sketch map in report.,"Central Metasedimentary Belt, Bancroft terrane - Bancroft undivided",Metamorphic,amphibolite,"Cosca, M.A., Essene, E.J., Kunk, M.G. and Sutter, J.F., 1992. Differential unroofing within the Central Metasedimentary Belt of the Grenville Orogen: constraints from 40Ar/39Ar thermochronology; Contributions to Mineralogy and Petrology, v. 110, p. 211-22"
MC88-8,1015.0,4.0,4.0,Ar/Ar,Metamorphic,amphibolite,Phlogopite,Ar Furnace-Step,Minimum Estimate,Grenville Province,ON,44.88339,-78.39977,No topographic references given. Coordinates interpolated from sketch map in report.,"Central Metasedimentary Belt, Bancroft terrane - Bancroft undivided",Metamorphic,amphibolite,"Cosca, M.A., Essene, E.J., Kunk, M.G. and Sutter, J.F., 1992. Differential unroofing within the Central Metasedimentary Belt of the Grenville Orogen: constraints from 40Ar/39Ar thermochronology; Contributions to Mineralogy and Petrology, v. 110, p. 211-22"
MC87-22A,1027.0,12.0,12.0,Ar/Ar,Metamorphic,marble,Phlogopite,Ar Furnace-Step,Minimum Estimate,Grenville Province,ON,45.06673,-77.81642,No topographic references given. Coordinates interpolated from sketch map in report.,"Central Metasedimentary Belt, Bancroft terrane - Bancroft undivided",Metamorphic,marble,"Cosca, M.A., Essene, E.J., Kunk, M.G. and Sutter, J.F., 1992. Differential unroofing within the Central Metasedimentary Belt of the Grenville Orogen: constraints from 40Ar/39Ar thermochronology; Contributions to Mineralogy and Petrology, v. 110, p. 211-22"
WI-1A,1039.0,8.0,8.0,Ar/Ar,Metamorphic,not described,Phlogopite,Ar Furnace-Step,Maximum Estimate,Grenville Province,ON,45.03339,-78.21644,No topographic references given. Coordinates interpolated from sketch map in report.,"Central Metasedimentary Belt, Bancroft terrane - unknown",Metamorphic,not described,"Cosca, M.A., Essene, E.J., Kunk, M.G. and Sutter, J.F., 1992. Differential unroofing within the Central Metasedimentary Belt of the Grenville Orogen: constraints from 40Ar/39Ar thermochronology; Contributions to Mineralogy and Petrology, v. 110, p. 211-22"
MC88-5,1040.0,6.0,6.0,Ar/Ar,Metamorphic,amphibolite,Hornblende,Ar Furnace-Step,Direct,Grenville Province,ON,44.83339,-76.5247,No topographic references given. Coordinates interpolated from sketch map in report.,"Central Metasedimentary Belt, Frontenac terrane - Frontenac",Metamorphic,amphibolite,"Cosca, M.A., Essene, E.J., Kunk, M.G. and Sutter, J.F., 1992. Differential unroofing within the Central Metasedimentary Belt of the Grenville Orogen: constraints from 40Ar/39Ar thermochronology; Contributions to Mineralogy and Petrology, v. 110, p. 211-22"
BA-31A,1047.0,4.0,4.0,Ar/Ar,Metamorphic,marble,Phlogopite,Ar Furnace-Step,Minimum Estimate,Grenville Province,ON,45.03339,-77.83308,No topographic references given. Coordinates interpolated from sketch map in report.,"Central Metasedimentary Belt, Bancroft terrane - unknown",Metamorphic,marble,"Cosca, M.A., Essene, E.J., Kunk, M.G. and Sutter, J.F., 1992. Differential unroofing within the Central Metasedimentary Belt of the Grenville Orogen: constraints from 40Ar/39Ar thermochronology; Contributions to Mineralogy and Petrology, v. 110, p. 211-22"
MC88-8,1060.0,4.0,4.0,Ar/Ar,Metamorphic,amphibolite,Phlogopite,Ar Furnace-Step,Maximum Estimate,Grenville Province,ON,44.88339,-78.39977,No topographic references given. Coordinates interpolated from sketch map in report.,"Central Metasedimentary Belt, Bancroft terrane - Bancroft undivided",Metamorphic,amphibolite,"Cosca, M.A., Essene, E.J., Kunk, M.G. and Sutter, J.F., 1992. Differential unroofing within the Central Metasedimentary Belt of the Grenville Orogen: constraints from 40Ar/39Ar thermochronology; Contributions to Mineralogy and Petrology, v. 110, p. 211-22"
MC87-22A,1097.0,4.0,4.0,Ar/Ar,Metamorphic,marble,Phlogopite,Ar Furnace-Step,Maximum Estimate,Grenville Province,ON,45.06673,-77.81642,No topographic references given. Coordinates interpolated from sketch map in report.,"Central Metasedimentary Belt, Bancroft terrane - Bancroft undivided",Metamorphic,marble,"Cosca, M.A., Essene, E.J., Kunk, M.G. and Sutter, J.F., 1992. Differential unroofing within the Central Metasedimentary Belt of the Grenville Orogen: constraints from 40Ar/39Ar thermochronology; Contributions to Mineralogy and Petrology, v. 110, p. 211-22"
FA86-5,1098.0,6.0,6.0,Ar/Ar,Metamorphic,amphibolite,Hornblende,Ar Furnace-Step,Estimate,Grenville Province,ON,44.57923,-76.41637,No topographic references given. Coordinates interpolated from sketch map in report.,"Central Metasedimentary Belt, Frontenac terrane - Frontenac",Metamorphic,amphibolite,"Cosca, M.A., Essene, E.J., Kunk, M.G. and Sutter, J.F., 1992. Differential unroofing within the Central Metasedimentary Belt of the Grenville Orogen: constraints from 40Ar/39Ar thermochronology; Contributions to Mineralogy and Petrology, v. 110, p. 211-22"
G0-12,1102.0,4.0,4.0,Ar/Ar,Metamorphic,marble,Muscovite,Ar Furnace-Step,Minimum Estimate,Grenville Province,ON,44.96673,-78.24977,No topographic references given. Coordinates interpolated from sketch map in report.,"Central Metasedimentary Belt, Bancroft terrane - unknown",Metamorphic,marble,"Cosca, M.A., Essene, E.J., Kunk, M.G. and Sutter, J.F., 1992. Differential unroofing within the Central Metasedimentary Belt of the Grenville Orogen: constraints from 40Ar/39Ar thermochronology; Contributions to Mineralogy and Petrology, v. 110, p. 211-22"
FA86-4,1114.0,6.0,6.0,Ar/Ar,Metamorphic,amphibolite,Hornblende,Ar Furnace-Step,Direct,Grenville Province,ON,44.48756,-76.45803,No topographic references given. Coordinates interpolated from sketch map in report.,"Central Metasedimentary Belt, Frontenac terrane - Frontenac",Metamorphic,amphibolite,"Cosca, M.A., Essene, E.J., Kunk, M.G. and Sutter, J.F., 1992. Differential unroofing within the Central Metasedimentary Belt of the Grenville Orogen: constraints from 40Ar/39Ar thermochronology; Contributions to Mineralogy and Petrology, v. 110, p. 211-22"
FA86-6,1122.0,6.0,6.0,Ar/Ar,Metamorphic,amphibolite,Hornblende,Ar Furnace-Step,Direct,Grenville Province,ON,44.45006,-76.70388,No topographic references given. Coordinates interpolated from sketch map in report.,"Central Metasedimentary Belt, Frontenac terrane - Frontenac",Metamorphic,amphibolite,"Cosca, M.A., Essene, E.J., Kunk, M.G. and Sutter, J.F., 1992. Differential unroofing within the Central Metasedimentary Belt of the Grenville Orogen: constraints from 40Ar/39Ar thermochronology; Contributions to Mineralogy and Petrology, v. 110, p. 211-22"
FA86-1,1122.0,6.0,6.0,Ar/Ar,Metamorphic,amphibolite,Hornblende,Ar Furnace-Step,Direct,Grenville Province,ON,44.59173,-76.30802,No topographic references given. Coordinates interpolated from sketch map in report.,"Central Metasedimentary Belt, Frontenac terrane - Perth Road mylonite zone",Metamorphic,amphibolite,"Cosca, M.A., Essene, E.J., Kunk, M.G. and Sutter, J.F., 1992. Differential unroofing within the Central Metasedimentary Belt of the Grenville Orogen: constraints from 40Ar/39Ar thermochronology; Contributions to Mineralogy and Petrology, v. 110, p. 211-22"
MC88-2,1130.0,6.0,6.0,Ar/Ar,Metamorphic,gneiss,Hornblende,Ar Furnace-Step,Direct,Grenville Province,ON,44.50006,-76.59138,No topographic references given. Coordinates interpolated from sketch map in report.,"Central Metasedimentary Belt, Frontenac terrane - Frontenac",Metamorphic,gneiss,"Cosca, M.A., Essene, E.J., Kunk, M.G. and Sutter, J.F., 1992. Differential unroofing within the Central Metasedimentary Belt of the Grenville Orogen: constraints from 40Ar/39Ar thermochronology; Contributions to Mineralogy and Petrology, v. 110, p. 211-22"
G0-12,1148.0,6.0,6.0,Ar/Ar,Metamorphic,marble,Muscovite,Ar Furnace-Step,Maximum Estimate,Grenville Province,ON,44.96673,-78.24977,No topographic references given. Coordinates interpolated from sketch map in report.,"Central Metasedimentary Belt, Bancroft terrane - unknown",Metamorphic,marble,"Cosca, M.A., Essene, E.J., Kunk, M.G. and Sutter, J.F., 1992. Differential unroofing within the Central Metasedimentary Belt of the Grenville Orogen: constraints from 40Ar/39Ar thermochronology; Contributions to Mineralogy and Petrology, v. 110, p. 211-22"
BA-31A,1173.0,6.0,6.0,Ar/Ar,Metamorphic,marble,Phlogopite,Ar Furnace-Step,Maximum Estimate,Grenville Province,ON,45.03339,-77.83308,No topographic references given. Coordinates interpolated from sketch map in report.,"Central Metasedimentary Belt, Bancroft terrane - unknown",Metamorphic,marble,"Cosca, M.A., Essene, E.J., Kunk, M.G. and Sutter, J.F., 1992. Differential unroofing within the Central Metasedimentary Belt of the Grenville Orogen: constraints from 40Ar/39Ar thermochronology; Contributions to Mineralogy and Petrology, v. 110, p. 211-22"
Ban 34,963.0,6.0,6.0,Ar/Ar,Metamorphic,amphibolite; [audit 2026-10: errors converted published 1σ to 2σ (x2)],Hornblende,Ar Furnace-Step,Direct,Grenville Province,ON,44.97062,-77.97893,SW of Bancroft. Coordinates approximated from regional-scale sketch map in report.,"Bancroft Terrane, Central Gneiss belt - Bancroft",Metamorphic,amphibolite,"Cosca, M.A., Essene, E.J., Mezger, K. and van der Pluijm, B.A., 1995. Constraints on the duration of tectonic processes: protracted extension and deep-crustal rotation in the Grenville orogen; Geology, v. 23, p. 361-36"
Ban 36,985.0,6.0,6.0,Ar/Ar,Metamorphic,amphibolite; [audit 2026-10: errors converted published 1σ to 2σ (x2)],Hornblende,Ar Furnace-Step,Direct,Grenville Province,ON,44.97756,-78.02504,SW of Bancroft. Coordinates approximated from regional-scale sketch map in report.,"Bancroft Terrane, Central Gneiss belt - Bancroft",Metamorphic,amphibolite,"Cosca, M.A., Essene, E.J., Mezger, K. and van der Pluijm, B.A., 1995. Constraints on the duration of tectonic processes: protracted extension and deep-crustal rotation in the Grenville orogen; Geology, v. 23, p. 361-36"
Ban 42,986.0,6.0,6.0,Ar/Ar,Metamorphic,amphibolite; [audit 2026-10: errors converted published 1σ to 2σ (x2)],Hornblende,Ar Furnace-Step,Estimate,Grenville Province,ON,44.83867,-78.30505,SW of Bancroft. Coordinates approximated from regional-scale sketch map in report.,"Bancroft Terrane, Central Gneiss belt - Bancroft",Metamorphic,amphibolite,"Cosca, M.A., Essene, E.J., Mezger, K. and van der Pluijm, B.A., 1995. Constraints on the duration of tectonic processes: protracted extension and deep-crustal rotation in the Grenville orogen; Geology, v. 23, p. 361-36"
Ban 39,1000.0,4.0,4.0,Ar/Ar,Metamorphic,amphibolite; [audit 2026-10: errors converted published 1σ to 2σ (x2)],Hornblende,Ar Furnace-Step,Direct,Grenville Province,ON,44.95645,-78.19754,SW of Bancroft. Coordinates approximated from regional-scale sketch map in report.,"Bancroft Terrane, Central Gneiss belt - Bancroft",Metamorphic,amphibolite,"Cosca, M.A., Essene, E.J., Mezger, K. and van der Pluijm, B.A., 1995. Constraints on the duration of tectonic processes: protracted extension and deep-crustal rotation in the Grenville orogen; Geology, v. 23, p. 361-36"
Ban 44,1001.0,4.0,4.0,Ar/Ar,Metamorphic,amphibolite; [audit 2026-10: errors converted published 1σ to 2σ (x2)],Hornblende,Ar Furnace-Step,Direct,Grenville Province,ON,44.85784,-78.21476,SW of Bancroft. Coordinates approximated from regional-scale sketch map in report.,"Bancroft Terrane, Central Gneiss belt - Bancroft",Metamorphic,amphibolite,"Cosca, M.A., Essene, E.J., Mezger, K. and van der Pluijm, B.A., 1995. Constraints on the duration of tectonic processes: protracted extension and deep-crustal rotation in the Grenville orogen; Geology, v. 23, p. 361-36"
SSA-10A,731.0,8.0,8.0,Ar/Ar,Cooling,pegmatite,K-Feldspar,Ar Furnace-Step,Estimate,Grenville Province,ON,45.50006,-78.24977,Approx. 50 km WSE of Pembroke. Location approximate.,Central Gneiss Belt - unknown,Plutonic,pegmatite,"Cosca, M.A., Sutter, J.F. and Essene, E.J., 1991. Late metamorphic cooling and erosion history of the Ontario Grenville Province: constraints from 40Ar/39Ar thermochronometry; Tectonics, v. 10, p. 959-97"
SSA-11B,758.0,8.0,8.0,Ar/Ar,Cooling,amphibolite,K-Feldspar,Ar Furnace-Fusion,Estimate,Grenville Province,ON,45.58339,-78.38311,Huntsville area. Location approximate.,Central Gneiss Belt - unknown,Metamorphic,amphibolite,"Cosca, M.A., Sutter, J.F. and Essene, E.J., 1991. Late metamorphic cooling and erosion history of the Ontario Grenville Province: constraints from 40Ar/39Ar thermochronometry; Tectonics, v. 10, p. 959-97"
MIN86-3B,787.0,4.0,4.0,Ar/Ar,Cooling,pegmatite,K-Feldspar,Ar Furnace-Step,Estimate,Grenville Province,ON,45.03339,-78.78312,50 km W of Bancroft. Location approximate.,"Central Metasedimentary Belt, Boundary Zone - unknown",Plutonic,pegmatite,"Cosca, M.A., Sutter, J.F. and Essene, E.J., 1991. Late metamorphic cooling and erosion history of the Ontario Grenville Province: constraints from 40Ar/39Ar thermochronometry; Tectonics, v. 10, p. 959-97"
HL86-11A,819.0,6.0,6.0,Ar/Ar,Cooling,pegmatite,K-Feldspar,Ar Furnace-Step,Estimate,Grenville Province,ON,45.01673,-77.91643,Approx. 8 km SW of Bancroft. Location approximate.,"Central Metasedimentary Belt, Elzevir terrane - unknown",Plutonic,pegmatite,"Cosca, M.A., Sutter, J.F. and Essene, E.J., 1991. Late metamorphic cooling and erosion history of the Ontario Grenville Province: constraints from 40Ar/39Ar thermochronometry; Tectonics, v. 10, p. 959-97"
SSA-7C,831.0,8.0,8.0,Ar/Ar,Cooling,gneiss,K-Feldspar,Ar Furnace-Step,Estimate,Grenville Province,ON,45.61672,-79.4165,NNW of Huntsville. Location approximate.,"Central Gneiss Belt, Kiosk Domain - unknown",Metamorphic,gneiss,"Cosca, M.A., Sutter, J.F. and Essene, E.J., 1991. Late metamorphic cooling and erosion history of the Ontario Grenville Province: constraints from 40Ar/39Ar thermochronometry; Tectonics, v. 10, p. 959-97"
SSA-9B,845.0,8.0,8.0,Ar/Ar,Cooling,pegmatite,K-Feldspar,Ar Furnace-Step,Estimate,Grenville Province,ON,45.33338,-78.96647,Location approximate.,Central Gneiss Belt - unknown,Plutonic,pegmatite,"Cosca, M.A., Sutter, J.F. and Essene, E.J., 1991. Late metamorphic cooling and erosion history of the Ontario Grenville Province: constraints from 40Ar/39Ar thermochronometry; Tectonics, v. 10, p. 959-97"
MIN86-3A,848.0,6.0,6.0,Ar/Ar,Cooling,amphibolite,Biotite,Ar Furnace-Fusion,Estimate,Grenville Province,ON,45.03339,-78.78312,50 km W of Bancroft. Location approximate.,"Central Metasedimentary Belt, Boundary Zone - unknown",Metamorphic,amphibolite,"Cosca, M.A., Sutter, J.F. and Essene, E.J., 1991. Late metamorphic cooling and erosion history of the Ontario Grenville Province: constraints from 40Ar/39Ar thermochronometry; Tectonics, v. 10, p. 959-97"
HL86-3,850.0,20.0,20.0,Ar/Ar,Cooling,amphibolite,Biotite,Ar Furnace-Fusion,Estimate,Grenville Province,ON,44.61256,-77.1664,NE of Madoc. Location approximate,"Central Metasedimentary Belt, Elzevir terrane - unknown",Metamorphic,amphibolite,"Cosca, M.A., Sutter, J.F. and Essene, E.J., 1991. Late metamorphic cooling and erosion history of the Ontario Grenville Province: constraints from 40Ar/39Ar thermochronometry; Tectonics, v. 10, p. 959-97"
PS86B-1B,866.0,6.0,6.0,Ar/Ar,Cooling,pegmatite,Muscovite,Ar Furnace-Fusion,Direct,Grenville Province,ON,45.25005,-79.8165,Location approximate.,"Cental Gneiss Belt, Parry Sound Domain - unknown",Plutonic,pegmatite,"Cosca, M.A., Sutter, J.F. and Essene, E.J., 1991. Late metamorphic cooling and erosion history of the Ontario Grenville Province: constraints from 40Ar/39Ar thermochronometry; Tectonics, v. 10, p. 959-97"
SSA-3A,872.0,8.0,8.0,Ar/Ar,Cooling,diorite,K-Feldspar,Ar Furnace-Step,Estimate,Grenville Province,ON,45.65005,-79.89983,Huntsville area. Location approximate.,Central Gneiss Belt - unknown,Plutonic,diorite,"Cosca, M.A., Sutter, J.F. and Essene, E.J., 1991. Late metamorphic cooling and erosion history of the Ontario Grenville Province: constraints from 40Ar/39Ar thermochronometry; Tectonics, v. 10, p. 959-97"
SSA-7B,876.0,8.0,8.0,Ar/Ar,Cooling,gneiss,Muscovite,Ar Furnace-Step,Direct,Grenville Province,ON,45.61672,-79.4165,NNW of Huntsville. Location approximate.,"Central Gneiss Belt, Kiosk Domain - unknown",Metamorphic,gneiss,"Cosca, M.A., Sutter, J.F. and Essene, E.J., 1991. Late metamorphic cooling and erosion history of the Ontario Grenville Province: constraints from 40Ar/39Ar thermochronometry; Tectonics, v. 10, p. 959-97"
PS86B-14B,895.0,6.0,6.0,Ar/Ar,Cooling,pegmatite,Muscovite,Ar Furnace-Step,Direct,Grenville Province,ON,45.37505,-80.0665,Location approximate.,Central Gneiss Belt - unknown,Plutonic,pegmatite,"Cosca, M.A., Sutter, J.F. and Essene, E.J., 1991. Late metamorphic cooling and erosion history of the Ontario Grenville Province: constraints from 40Ar/39Ar thermochronometry; Tectonics, v. 10, p. 959-97"
HL86-2B,895.0,4.0,4.0,Ar/Ar,Cooling,gneiss,Muscovite,Ar Furnace-Step,Direct,Grenville Province,ON,44.64589,-77.09972,NE of Madoc. Location approximate,"Central Metasedimentary Belt, Elzevir terrane - unknown",Metamorphic,gneiss,"Cosca, M.A., Sutter, J.F. and Essene, E.J., 1991. Late metamorphic cooling and erosion history of the Ontario Grenville Province: constraints from 40Ar/39Ar thermochronometry; Tectonics, v. 10, p. 959-97"
HL86-2B,897.0,4.0,4.0,Ar/Ar,Cooling,gneiss,Biotite,Ar Furnace-Fusion,Estimate,Grenville Province,ON,44.64589,-77.09972,NE of Madoc. Location approximate,"Central Metasedimentary Belt, Elzevir terrane - unknown",Metamorphic,gneiss,"Cosca, M.A., Sutter, J.F. and Essene, E.J., 1991. Late metamorphic cooling and erosion history of the Ontario Grenville Province: constraints from 40Ar/39Ar thermochronometry; Tectonics, v. 10, p. 959-97"
PS86B-9,900.0,6.0,6.0,Ar/Ar,Cooling,anorthosite,Muscovite,Ar Furnace-Step,Direct,Grenville Province,ON,45.47505,-80.00261,Location approximate.,Central Gneiss Belt - unknown,Plutonic,anorthosite,"Cosca, M.A., Sutter, J.F. and Essene, E.J., 1991. Late metamorphic cooling and erosion history of the Ontario Grenville Province: constraints from 40Ar/39Ar thermochronometry; Tectonics, v. 10, p. 959-97"
PSA-1,903.0,8.0,8.0,Ar/Ar,Cooling,gneiss,Muscovite,Ar Furnace-Step,Direct,Grenville Province,ON,45.43755,-80.02483,Location approximate.,Central Gneiss Belt - unknown,Metamorphic,gneiss,"Cosca, M.A., Sutter, J.F. and Essene, E.J., 1991. Late metamorphic cooling and erosion history of the Ontario Grenville Province: constraints from 40Ar/39Ar thermochronometry; Tectonics, v. 10, p. 959-97"
HL86-5,903.0,6.0,6.0,Ar/Ar,Cooling,schist,Muscovite,Ar Furnace-Step,Direct,Grenville Province,ON,44.54173,-77.3164,Location approximate,"Central Metasedimentary Belt, Elzevir terrane - unknown",Metamorphic,schist,"Cosca, M.A., Sutter, J.F. and Essene, E.J., 1991. Late metamorphic cooling and erosion history of the Ontario Grenville Province: constraints from 40Ar/39Ar thermochronometry; Tectonics, v. 10, p. 959-97"
SSA-10B,904.0,8.0,8.0,Ar/Ar,Cooling,amphibolite,Biotite,Ar Furnace-Fusion,Direct,Grenville Province,ON,45.50006,-78.24977,Approx. 50 km WSE of Pembroke. Location approximate.,Central Gneiss Belt - unknown,Metamorphic,amphibolite,"Cosca, M.A., Sutter, J.F. and Essene, E.J., 1991. Late metamorphic cooling and erosion history of the Ontario Grenville Province: constraints from 40Ar/39Ar thermochronometry; Tectonics, v. 10, p. 959-97"
PSA-2,904.0,8.0,8.0,Ar/Ar,Cooling,gneiss,Biotite,Ar Furnace-Step,Direct,Grenville Province,ON,45.44172,-80.02066,Location very approximate; not specifically located in paper. Coordinates to be verified from thesis.,Central Gneiss Belt - unknown,Metamorphic,gneiss,"Cosca, M.A., Sutter, J.F. and Essene, E.J., 1991. Late metamorphic cooling and erosion history of the Ontario Grenville Province: constraints from 40Ar/39Ar thermochronometry; Tectonics, v. 10, p. 959-97"
SSA-8A,907.0,8.0,8.0,Ar/Ar,Cooling,gneiss,Biotite,Ar Furnace-Step,Direct,Grenville Province,ON,45.35005,-79.13314,NE of Huntsville. Location approximate.,"Central Gneiss Belt, Algonquin Domain - unknown",Metamorphic,gneiss,"Cosca, M.A., Sutter, J.F. and Essene, E.J., 1991. Late metamorphic cooling and erosion history of the Ontario Grenville Province: constraints from 40Ar/39Ar thermochronometry; Tectonics, v. 10, p. 959-97"
PS86B-16C,909.0,6.0,6.0,Ar/Ar,Cooling,schist,Muscovite,Ar Furnace-Step,Direct,Grenville Province,ON,45.39172,-80.0665,Location approximate.,Central Gneiss Belt - unknown,Metamorphic,schist,"Cosca, M.A., Sutter, J.F. and Essene, E.J., 1991. Late metamorphic cooling and erosion history of the Ontario Grenville Province: constraints from 40Ar/39Ar thermochronometry; Tectonics, v. 10, p. 959-97"
MR86-8B,909.0,6.0,6.0,Ar/Ar,Cooling,schist,Muscovite,Ar Furnace-Fusion,Direct,Grenville Province,ON,46.35838,-79.41648,North Bay. Location approximate.,"Central Gneiss Belt, Ottawa-Bonnechere graben - unknown",Metamorphic,schist,"Cosca, M.A., Sutter, J.F. and Essene, E.J., 1991. Late metamorphic cooling and erosion history of the Ontario Grenville Province: constraints from 40Ar/39Ar thermochronometry; Tectonics, v. 10, p. 959-97"
PSI86-1,915.0,6.0,6.0,Ar/Ar,Cooling,schist,Muscovite,Ar Furnace-Step,Direct,Grenville Province,ON,45.30838,-80.12484,Location approximate.,Central Gneiss Belt - unknown,Metamorphic,schist,"Cosca, M.A., Sutter, J.F. and Essene, E.J., 1991. Late metamorphic cooling and erosion history of the Ontario Grenville Province: constraints from 40Ar/39Ar thermochronometry; Tectonics, v. 10, p. 959-97"
HL86-2C,917.0,4.0,4.0,Ar/Ar,Cooling,gneiss,Biotite,Ar Furnace-Fusion,Estimate,Grenville Province,ON,44.64589,-77.09972,NE of Madoc. Location approximate,"Central Metasedimentary Belt, Elzevir terrane - unknown",Metamorphic,gneiss,"Cosca, M.A., Sutter, J.F. and Essene, E.J., 1991. Late metamorphic cooling and erosion history of the Ontario Grenville Province: constraints from 40Ar/39Ar thermochronometry; Tectonics, v. 10, p. 959-97"
HL86-1,925.0,6.0,6.0,Ar/Ar,Cooling,amphibolite,Hornblende,Ar Furnace-Step,Direct,Grenville Province,ON,44.69173,-76.99972,NE of Kingston. Location approximate,"Central Metasedimentary Belt, Frontenac terrane - Mazinaw",Metamorphic,amphibolite,"Cosca, M.A., Sutter, J.F. and Essene, E.J., 1991. Late metamorphic cooling and erosion history of the Ontario Grenville Province: constraints from 40Ar/39Ar thermochronometry; Tectonics, v. 10, p. 959-97"
HL86-11B,930.0,6.0,6.0,Ar/Ar,Cooling,gneiss,Biotite,Ar Furnace-Fusion,Estimate,Grenville Province,ON,45.01673,-77.91643,Approx. 8 km SW of Bancroft. Location approximate.,"Central Metasedimentary Belt, Elzevir terrane - unknown",Metamorphic,gneiss,"Cosca, M.A., Sutter, J.F. and Essene, E.J., 1991. Late metamorphic cooling and erosion history of the Ontario Grenville Province: constraints from 40Ar/39Ar thermochronometry; Tectonics, v. 10, p. 959-97"
SSA-8A,936.0,8.0,8.0,Ar/Ar,Cooling,gneiss,Hornblende,Ar Furnace-Step,Direct,Grenville Province,ON,45.35005,-79.13314,NE of Huntsville. Location approximate.,"Central Gneiss Belt, Algonquin Domain - unknown",Metamorphic,gneiss,"Cosca, M.A., Sutter, J.F. and Essene, E.J., 1991. Late metamorphic cooling and erosion history of the Ontario Grenville Province: constraints from 40Ar/39Ar thermochronometry; Tectonics, v. 10, p. 959-97"
HL86-2C,943.0,6.0,6.0,Ar/Ar,Cooling,gneiss,Hornblende,Ar Furnace-Step,Direct,Grenville Province,ON,44.64589,-77.09972,NE of Madoc. Location approximate,"Central Metasedimentary Belt, Elzevir terrane - unknown",Metamorphic,gneiss,"Cosca, M.A., Sutter, J.F. and Essene, E.J., 1991. Late metamorphic cooling and erosion history of the Ontario Grenville Province: constraints from 40Ar/39Ar thermochronometry; Tectonics, v. 10, p. 959-97"
MR86-1B,947.0,4.0,4.0,Ar/Ar,Cooling,gneiss,Biotite,Ar Furnace-Fusion,Estimate,Grenville Province,ON,46.25839,-78.99147,E of North Bay. Location approximate.,"Central Gneiss Belt, Ottawa-Bonnechere graben - unknown",Metamorphic,gneiss,"Cosca, M.A., Sutter, J.F. and Essene, E.J., 1991. Late metamorphic cooling and erosion history of the Ontario Grenville Province: constraints from 40Ar/39Ar thermochronometry; Tectonics, v. 10, p. 959-97"
HL86-3,948.0,6.0,6.0,Ar/Ar,Cooling,amphibolite,Hornblende,Ar Furnace-Step,Direct,Grenville Province,ON,44.61256,-77.1664,NE of Madoc. Location approximate,"Central Metasedimentary Belt, Elzevir terrane - unknown",Metamorphic,amphibolite,"Cosca, M.A., Sutter, J.F. and Essene, E.J., 1991. Late metamorphic cooling and erosion history of the Ontario Grenville Province: constraints from 40Ar/39Ar thermochronometry; Tectonics, v. 10, p. 959-97"
MIN86-4A,954.0,6.0,6.0,Ar/Ar,Cooling,amphibolite,Hornblende,Ar Furnace-Step,Direct,Grenville Province,ON,45.01673,-78.84979,Approx. 60 km W of Bancroft. Location approximate.,"Central Gneiss Belt, Muskoka Domain - unknown",Metamorphic,amphibolite,"Cosca, M.A., Sutter, J.F. and Essene, E.J., 1991. Late metamorphic cooling and erosion history of the Ontario Grenville Province: constraints from 40Ar/39Ar thermochronometry; Tectonics, v. 10, p. 959-97"
MR86-8A,959.0,4.0,4.0,Ar/Ar,Cooling,amphibolite,Biotite,Ar Furnace-Step,Estimate,Grenville Province,ON,46.35838,-79.41648,North Bay. Location approximate.,"Central Gneiss Belt, Ottawa-Bonnechere graben - unknown",Metamorphic,amphibolite,"Cosca, M.A., Sutter, J.F. and Essene, E.J., 1991. Late metamorphic cooling and erosion history of the Ontario Grenville Province: constraints from 40Ar/39Ar thermochronometry; Tectonics, v. 10, p. 959-97"
MR86-8A,963.0,8.0,8.0,Ar/Ar,Cooling,amphibolite,Hornblende,Ar Furnace-Step,Estimate,Grenville Province,ON,46.35838,-79.41648,North Bay. Location approximate.,"Central Gneiss Belt, Ottawa-Bonnechere graben - unknown",Metamorphic,amphibolite,"Cosca, M.A., Sutter, J.F. and Essene, E.J., 1991. Late metamorphic cooling and erosion history of the Ontario Grenville Province: constraints from 40Ar/39Ar thermochronometry; Tectonics, v. 10, p. 959-97"
FA86E-6,967.0,6.0,6.0,Ar/Ar,Cooling,amphibolite,Biotite,Ar Furnace-Fusion,Estimate,Grenville Province,ON,44.44589,-76.68304,Location approximate,"Central Metasedimentary Belt, Frontenac terrane - unknown",Metamorphic,amphibolite,"Cosca, M.A., Sutter, J.F. and Essene, E.J., 1991. Late metamorphic cooling and erosion history of the Ontario Grenville Province: constraints from 40Ar/39Ar thermochronometry; Tectonics, v. 10, p. 959-97"
SSA-7A,976.0,8.0,8.0,Ar/Ar,Cooling,gneiss,Hornblende,Ar Furnace-Step,Direct,Grenville Province,ON,45.61672,-79.4165,NNW of Huntsville. Location approximate.,"Central Gneiss Belt, Kiosk Domain - unknown",Metamorphic,gneiss,"Cosca, M.A., Sutter, J.F. and Essene, E.J., 1991. Late metamorphic cooling and erosion history of the Ontario Grenville Province: constraints from 40Ar/39Ar thermochronometry; Tectonics, v. 10, p. 959-97"
MIN86-3A,978.0,6.0,6.0,Ar/Ar,Cooling,amphibolite,Hornblende,Ar Furnace-Step,Direct,Grenville Province,ON,45.03339,-78.78312,50 km W of Bancroft. Location approximate.,"Central Metasedimentary Belt, Boundary Zone - unknown",Metamorphic,amphibolite,"Cosca, M.A., Sutter, J.F. and Essene, E.J., 1991. Late metamorphic cooling and erosion history of the Ontario Grenville Province: constraints from 40Ar/39Ar thermochronometry; Tectonics, v. 10, p. 959-97"
SSA-4,989.0,8.0,8.0,Ar/Ar,Cooling,amphibolite,Hornblende,Ar Furnace-Step,Direct,Grenville Province,ON,45.90005,-79.79983,NW of Huntsville. Location approximate.,"Central Gneiss Belt, Parry Sound Domain - unknown",Metamorphic,amphibolite,"Cosca, M.A., Sutter, J.F. and Essene, E.J., 1991. Late metamorphic cooling and erosion history of the Ontario Grenville Province: constraints from 40Ar/39Ar thermochronometry; Tectonics, v. 10, p. 959-97"
SSA-14,994.0,8.0,8.0,Ar/Ar,Cooling,amphibolite,Hornblende,Ar Furnace-Step,Direct,Grenville Province,ON,45.30005,-78.98313,Huntsville area. Location approximate.,"Central Gneiss Belt, Algonquin Domain - unknown",Metamorphic,amphibolite,"Cosca, M.A., Sutter, J.F. and Essene, E.J., 1991. Late metamorphic cooling and erosion history of the Ontario Grenville Province: constraints from 40Ar/39Ar thermochronometry; Tectonics, v. 10, p. 959-97"
SSA-10B,1001.0,8.0,8.0,Ar/Ar,Cooling,amphibolite,Hornblende,Ar Furnace-Step,Direct,Grenville Province,ON,45.50006,-78.24977,Approx. 50 km WSE of Pembroke. Location approximate.,Central Gneiss Belt - unknown,Metamorphic,amphibolite,"Cosca, M.A., Sutter, J.F. and Essene, E.J., 1991. Late metamorphic cooling and erosion history of the Ontario Grenville Province: constraints from 40Ar/39Ar thermochronometry; Tectonics, v. 10, p. 959-97"
SSA-5,1005.0,8.0,8.0,Ar/Ar,Cooling,amphibolite,Hornblende,Ar Furnace-Step,Direct,Grenville Province,ON,45.90005,-79.78316,NW of Huntsville. Location approximate.,"Central Gneiss Belt, Parry Sound Domain - unknown",Metamorphic,amphibolite,"Cosca, M.A., Sutter, J.F. and Essene, E.J., 1991. Late metamorphic cooling and erosion history of the Ontario Grenville Province: constraints from 40Ar/39Ar thermochronometry; Tectonics, v. 10, p. 959-97"
FKL-6,1008.0,8.0,8.0,Ar/Ar,Cooling,gneiss,Hornblende,Ar Furnace-Fusion,Direct,Grenville Province,ON,45.32089,-79.07898,E of Huntsville. Location approximate.,"Central Gneiss Belt, Algonquin Domain - unknown",Metamorphic,gneiss,"Cosca, M.A., Sutter, J.F. and Essene, E.J., 1991. Late metamorphic cooling and erosion history of the Ontario Grenville Province: constraints from 40Ar/39Ar thermochronometry; Tectonics, v. 10, p. 959-97"
SSA-13,1011.0,8.0,8.0,Ar/Ar,Cooling,amphibolite,Hornblende,Ar Furnace-Step,Direct,Grenville Province,ON,45.53338,-78.68312,Huntsville area. Location approximate.,"Central Gneiss Belt, Algonquin Domain - unknown",Metamorphic,amphibolite,"Cosca, M.A., Sutter, J.F. and Essene, E.J., 1991. Late metamorphic cooling and erosion history of the Ontario Grenville Province: constraints from 40Ar/39Ar thermochronometry; Tectonics, v. 10, p. 959-97"
HL86-6,1012.0,6.0,6.0,Ar/Ar,Cooling,amphibolite,Hornblende,Ar Furnace-Step,Direct,Grenville Province,ON,44.52506,-77.49557,N of Madoc. Location approximate.,"Central Metasedimentary Belt, Elzevir terrane - unknown",Metamorphic,amphibolite,"Cosca, M.A., Sutter, J.F. and Essene, E.J., 1991. Late metamorphic cooling and erosion history of the Ontario Grenville Province: constraints from 40Ar/39Ar thermochronometry; Tectonics, v. 10, p. 959-97"
FA86-10,1013.0,6.0,6.0,Ar/Ar,Cooling,amphibolite,Hornblende,Ar Furnace-Step,Direct,Grenville Province,ON,44.76673,-76.77471,Midway between Ottawa and Kingston. Location approximate,"Central Metasedimentary Belt, Frontenac terrane - unknown",Metamorphic,amphibolite,"Cosca, M.A., Sutter, J.F. and Essene, E.J., 1991. Late metamorphic cooling and erosion history of the Ontario Grenville Province: constraints from 40Ar/39Ar thermochronometry; Tectonics, v. 10, p. 959-97"
HL86-10,1027.0,6.0,6.0,Ar/Ar,Cooling,amphibolite,Hornblende,Ar Furnace-Step,Direct,Grenville Province,ON,44.98339,-77.79142,SE of Bancroft. Location approximate.,"Central Metasedimentary Belt, Elzevir terrane - unknown",Metamorphic,amphibolite,"Cosca, M.A., Sutter, J.F. and Essene, E.J., 1991. Late metamorphic cooling and erosion history of the Ontario Grenville Province: constraints from 40Ar/39Ar thermochronometry; Tectonics, v. 10, p. 959-97"
SSA-14,1030.0,8.0,8.0,Ar/Ar,Cooling,amphibolite,Biotite,Ar Furnace-Step,Estimate,Grenville Province,ON,45.30005,-78.98313,Huntsville area. Location approximate.,"Central Gneiss Belt, Algonquin Domain - unknown",Metamorphic,amphibolite,"Cosca, M.A., Sutter, J.F. and Essene, E.J., 1991. Late metamorphic cooling and erosion history of the Ontario Grenville Province: constraints from 40Ar/39Ar thermochronometry; Tectonics, v. 10, p. 959-97"
MR86-1A,1031.0,6.0,6.0,Ar/Ar,Cooling,amphibolite,Hornblende,Ar Furnace-Step,Direct,Grenville Province,ON,46.25839,-78.99147,E of North Bay. Location approximate.,"Central Gneiss Belt, Ottawa-Bonnechere graben - unknown",Metamorphic,amphibolite,"Cosca, M.A., Sutter, J.F. and Essene, E.J., 1991. Late metamorphic cooling and erosion history of the Ontario Grenville Province: constraints from 40Ar/39Ar thermochronometry; Tectonics, v. 10, p. 959-97"
HL86-11B,1032.0,6.0,6.0,Ar/Ar,Cooling,gneiss,Hornblende,Ar Furnace-Step,Estimate,Grenville Province,ON,45.01673,-77.91643,Approx. 8 km SW of Bancroft. Location approximate.,"Central Metasedimentary Belt, Elzevir terrane - unknown",Metamorphic,gneiss,"Cosca, M.A., Sutter, J.F. and Essene, E.J., 1991. Late metamorphic cooling and erosion history of the Ontario Grenville Province: constraints from 40Ar/39Ar thermochronometry; Tectonics, v. 10, p. 959-97"
PSM4-1,1074.0,6.0,6.0,Ar/Ar,Cooling,amphibolite,Hornblende,Ar Furnace-Step,Direct,Grenville Province,ON,44.73339,-76.70388,NNW of Kingston. Location approximate.,"Central Metasedimentary Belt, Frontenac/Sharbot Lake terrane boundary - unknown",Metamorphic,amphibolite,"Cosca, M.A., Sutter, J.F. and Essene, E.J., 1991. Late metamorphic cooling and erosion history of the Ontario Grenville Province: constraints from 40Ar/39Ar thermochronometry; Tectonics, v. 10, p. 959-97"
HL86-7,1106.0,6.0,6.0,Ar/Ar,Cooling,gabbro,Hornblende,Ar Furnace-Step,Estimate,Grenville Province,ON,44.75423,-77.62474,N of Madoc. Location approximate.,"Central Metasedimentary Belt, Elzevir terrane - unknown",Plutonic,gabbro,"Cosca, M.A., Sutter, J.F. and Essene, E.J., 1991. Late metamorphic cooling and erosion history of the Ontario Grenville Province: constraints from 40Ar/39Ar thermochronometry; Tectonics, v. 10, p. 959-97"
FA86-3,1111.0,6.0,6.0,Ar/Ar,Cooling,amphibolite,Hornblende,Ar Furnace-Step,Direct,Grenville Province,ON,44.57089,-76.32887,NNE of Kingston. Location approximate,"Central Metasedimentary Belt, Frontenac terrane - unknown",Metamorphic,amphibolite,"Cosca, M.A., Sutter, J.F. and Essene, E.J., 1991. Late metamorphic cooling and erosion history of the Ontario Grenville Province: constraints from 40Ar/39Ar thermochronometry; Tectonics, v. 10, p. 959-97"
PSI86-1,1133.0,4.0,4.0,Ar/Ar,Cooling,schist,Biotite,Ar Furnace-Fusion,Uncertain,Grenville Province,ON,45.30838,-80.12484,Location approximate.,Central Gneiss Belt - unknown,Metamorphic,schist,"Cosca, M.A., Sutter, J.F. and Essene, E.J., 1991. Late metamorphic cooling and erosion history of the Ontario Grenville Province: constraints from 40Ar/39Ar thermochronometry; Tectonics, v. 10, p. 959-97"
FA86E-3,1319.0,6.0,6.0,Ar/Ar,Cooling,amphibolite,Biotite,Ar Furnace-Fusion,Estimate,Grenville Province,ON,44.57089,-76.32887,NNE of Kingston. Location approximate,"Central Metasedimentary Belt, Frontnac terrane - unknown",Metamorphic,amphibolite,"Cosca, M.A., Sutter, J.F. and Essene, E.J., 1991. Late metamorphic cooling and erosion history of the Ontario Grenville Province: constraints from 40Ar/39Ar thermochronometry; Tectonics, v. 10, p. 959-97"
SSA-12,875.0,8.0,8.0,Ar/Ar,Cooling,gneiss,Biotite,Ar Furnace-Step,Direct,Grenville Province,ON,45.5872,-78.50004,No topographic reference given in report; located by UTM in appendix,"Central Metasedimentary Belt, Algonquin/McClintock terrane boundary - unknown",Metamorphic,gneiss,"Cosca, M.A., Sutter, J.F. and Essene, E.J., 1991. Late metamorphic cooling and erosion history of the Ontario Grenville Province: constraints from 40Ar/39Ar thermochronometry; Tectonics, v. 10, p. 959-977 OR/OU Mezger, K., Essene, E.J., van der Pluijm, B.A. and Halliday, A.N., 1993. U-Pb geochronology of the Grenville Orogen of Ontario and New York: constraints on ancient crustal tectonics; Contributions to Mineralogy and Petrology, v. 114, p. 13-2"
RDT-3,924.0,8.0,8.0,Ar/Ar,Cooling,gneiss,Biotite,Ar Furnace-Step,Direct,Grenville Province,ON,45.24958,-78.94818,No topographic reference given in report; located by UTM in appendix,"Central Gneiss Belt, Muskoka Domain - unknown",Metamorphic,gneiss,"Cosca, M.A., Sutter, J.F. and Essene, E.J., 1991. Late metamorphic cooling and erosion history of the Ontario Grenville Province: constraints from 40Ar/39Ar thermochronometry; Tectonics, v. 10, p. 959-977 OR/OU Mezger, K., Essene, E.J., van der Pluijm, B.A. and Halliday, A.N., 1993. U-Pb geochronology of the Grenville Orogen of Ontario and New York: constraints on ancient crustal tectonics; Contributions to Mineralogy and Petrology, v. 114, p. 13-2"
RDT-3,977.0,8.0,8.0,Ar/Ar,Cooling,gneiss,Hornblende,Ar Furnace-Fusion,Direct,Grenville Province,ON,45.24958,-78.94818,No topographic reference given in report; located by UTM in appendix,"Central Gneiss Belt, Muskoka Domain - unknown",Metamorphic,gneiss,"Cosca, M.A., Sutter, J.F. and Essene, E.J., 1991. Late metamorphic cooling and erosion history of the Ontario Grenville Province: constraints from 40Ar/39Ar thermochronometry; Tectonics, v. 10, p. 959-977 OR/OU Mezger, K., Essene, E.J., van der Pluijm, B.A. and Halliday, A.N., 1993. U-Pb geochronology of the Grenville Orogen of Ontario and New York: constraints on ancient crustal tectonics; Contributions to Mineralogy and Petrology, v. 114, p. 13-2"
CHF-2,1012.0,8.0,8.0,Ar/Ar,Cooling,gneiss,Hornblende,Ar Furnace-Step,Direct,Grenville Province,ON,45.42091,-79.23598,No topographic reference given in report; located by UTM in appendix,"Central Gneiss Belt, Novar subdomain - unknown",Metamorphic,gneiss,"Cosca, M.A., Sutter, J.F. and Essene, E.J., 1991. Late metamorphic cooling and erosion history of the Ontario Grenville Province: constraints from 40Ar/39Ar thermochronometry; Tectonics, v. 10, p. 959-977 OR/OU Mezger, K., Essene, E.J., van der Pluijm, B.A. and Halliday, A.N., 1993. U-Pb geochronology of the Grenville Orogen of Ontario and New York: constraints on ancient crustal tectonics; Contributions to Mineralogy and Petrology, v. 114, p. 13-2"
CHF-2,1039.0,2.0,2.0,U/Pb,Cooling,gneiss,Titanite,TIMS,Direct,Grenville Province,ON,45.42091,-79.23598,No topographic reference given in report; located by UTM in appendix,"Central Gneiss Belt, Novar subdomain - unknown",Metamorphic,gneiss,"Cosca, M.A., Sutter, J.F. and Essene, E.J., 1991. Late metamorphic cooling and erosion history of the Ontario Grenville Province: constraints from 40Ar/39Ar thermochronometry; Tectonics, v. 10, p. 959-977 OR/OU Mezger, K., Essene, E.J., van der Pluijm, B.A. and Halliday, A.N., 1993. U-Pb geochronology of the Grenville Orogen of Ontario and New York: constraints on ancient crustal tectonics; Contributions to Mineralogy and Petrology, v. 114, p. 13-2"
SSA-12,1074.0,2.0,2.0,U/Pb,Cooling,gneiss,Monazite,TIMS,Direct,Grenville Province,ON,45.5872,-78.50004,No topographic reference given in report; located by UTM in appendix,"Central Metasedimentary Belt, Algonquin/McClintock terrane boundary - unknown",Metamorphic,gneiss,"Cosca, M.A., Sutter, J.F. and Essene, E.J., 1991. Late metamorphic cooling and erosion history of the Ontario Grenville Province: constraints from 40Ar/39Ar thermochronometry; Tectonics, v. 10, p. 959-977 OR/OU Mezger, K., Essene, E.J., van der Pluijm, B.A. and Halliday, A.N., 1993. U-Pb geochronology of the Grenville Orogen of Ontario and New York: constraints on ancient crustal tectonics; Contributions to Mineralogy and Petrology, v. 114, p. 13-2"
RDT-3,1074.0,2.0,2.0,U/Pb,Cooling,gneiss,Titanite,TIMS,Estimate,Grenville Province,ON,45.24958,-78.94818,No topographic reference given in report; located by UTM in appendix,"Central Gneiss Belt, Muskoka Domain - unknown",Metamorphic,gneiss,"Cosca, M.A., Sutter, J.F. and Essene, E.J., 1991. Late metamorphic cooling and erosion history of the Ontario Grenville Province: constraints from 40Ar/39Ar thermochronometry; Tectonics, v. 10, p. 959-977 OR/OU Mezger, K., Essene, E.J., van der Pluijm, B.A. and Halliday, A.N., 1993. U-Pb geochronology of the Grenville Orogen of Ontario and New York: constraints on ancient crustal tectonics; Contributions to Mineralogy and Petrology, v. 114, p. 13-2"
BD 1,908.0,6.0,6.0,Ar/Ar,Cooling,granitoid - samples not individually described; compositions for all reported in this paper range from quartz monzonite to granite,K-Feldspar,Ar Furnace-Step,Direct,Grenville Province,ON,45.88337,-80.73319,N shore of Georgian Bay approx. 80 km N of Parry Sound. Coordinates approximated from regional-scale sketch map in report (by OGS compilers),Britt Domain - Britt pluton,Plutonic,granitoid - samples not individually described; compositions for all reported in this paper range from quartz monzonite to granite,"Culshaw, N., Reynolds, P.H. and Check, G., 1991. A 40Ar/39Ar study of post-tectonic cooling in the Britt domain of the Grenville Province, Ontario; Earth and Planetary Science Letters, v. 105, p. 405-41"
BD 5,910.0,3.0,3.0,Ar/Ar,Cooling,granitoid - samples not individually described; compositions for all reported in this paper range from quartz monzonite to granite,Muscovite,Ar Furnace-Step,Direct,Grenville Province,ON,45.51672,-80.45402,N shore of Georgian Bay north of Parry Sound. Coordinates approximated from regional-scale sketch map in report (by OGS compilers),Britt Domain - Shawanaga pluton,Plutonic,granitoid - samples not individually described; compositions for all reported in this paper range from quartz monzonite to granite,"Culshaw, N., Reynolds, P.H. and Check, G., 1991. A 40Ar/39Ar study of post-tectonic cooling in the Britt domain of the Grenville Province, Ontario; Earth and Planetary Science Letters, v. 105, p. 405-41"
BD 7,911.0,3.0,3.0,Ar/Ar,Cooling,granitoid - samples not individually described; compositions for all reported in this paper range from quartz monzonite to granite,Muscovite,Ar Furnace-Step,Direct,Grenville Province,ON,45.29589,-80.30818,N shore of Georgian Bay at Parry Sound. Coordinates approximated from regional-scale sketch map in report (by OGS compilers),Britt Domain - unknown,Plutonic,granitoid - samples not individually described; compositions for all reported in this paper range from quartz monzonite to granite,"Culshaw, N., Reynolds, P.H. and Check, G., 1991. A 40Ar/39Ar study of post-tectonic cooling in the Britt domain of the Grenville Province, Ontario; Earth and Planetary Science Letters, v. 105, p. 405-41"
BD 2,929.0,3.0,3.0,Ar/Ar,Cooling,granitoid - samples not individually described; compositions for all reported in this paper range from quartz monzonite to granite,Muscovite,Ar Furnace-Step,Direct,Grenville Province,ON,45.84171,-80.69986,N shore of Georgian Bay approx. 75 km N of Parry Sound. Coordinates approximated from regional-scale sketch map in report (by OGS compilers),Britt Domain - Britt pluton,Plutonic,granitoid - samples not individually described; compositions for all reported in this paper range from quartz monzonite to granite,"Culshaw, N., Reynolds, P.H. and Check, G., 1991. A 40Ar/39Ar study of post-tectonic cooling in the Britt domain of the Grenville Province, Ontario; Earth and Planetary Science Letters, v. 105, p. 405-41"
BD 1,931.0,3.0,3.0,Ar/Ar,Cooling,granitoid - samples not individually described; compositions for all reported in this paper range from quartz monzonite to granite,Muscovite,Ar Furnace-Step,Direct,Grenville Province,ON,45.88337,-80.73319,N shore of Georgian Bay approx. 80 km N of Parry Sound. Coordinates approximated from regional-scale sketch map in report (by OGS compilers),Britt Domain - Britt pluton,Plutonic,granitoid - samples not individually described; compositions for all reported in this paper range from quartz monzonite to granite,"Culshaw, N., Reynolds, P.H. and Check, G., 1991. A 40Ar/39Ar study of post-tectonic cooling in the Britt domain of the Grenville Province, Ontario; Earth and Planetary Science Letters, v. 105, p. 405-41"
BD 6,943.0,5.0,5.0,Ar/Ar,Cooling,granitoid - samples not individually described; compositions for all reported in this paper range from quartz monzonite to granite,Biotite,Ar Furnace-Step,Estimate,Grenville Province,ON,45.41256,-80.40818,N shore of Georgian Bay just N of Parry Sound. Coordinates approximated from regional-scale sketch map in report (by OGS compilers),Britt Domain - unknown,Plutonic,granitoid - samples not individually described; compositions for all reported in this paper range from quartz monzonite to granite,"Culshaw, N., Reynolds, P.H. and Check, G., 1991. A 40Ar/39Ar study of post-tectonic cooling in the Britt domain of the Grenville Province, Ontario; Earth and Planetary Science Letters, v. 105, p. 405-41"
BD 5,955.0,5.0,5.0,Ar/Ar,Cooling,granitoid - samples not individually described; compositions for all reported in this paper range from quartz monzonite to granite,Biotite,Ar Furnace-Step,Estimate,Grenville Province,ON,45.51672,-80.45402,N shore of Georgian Bay north of Parry Sound. Coordinates approximated from regional-scale sketch map in report (by OGS compilers),Britt Domain - Shawanaga pluton,Plutonic,granitoid - samples not individually described; compositions for all reported in this paper range from quartz monzonite to granite,"Culshaw, N., Reynolds, P.H. and Check, G., 1991. A 40Ar/39Ar study of post-tectonic cooling in the Britt domain of the Grenville Province, Ontario; Earth and Planetary Science Letters, v. 105, p. 405-41"
BD 5,971.0,5.0,5.0,Ar/Ar,Cooling,granitoid - samples not individually described; compositions for all reported in this paper range from quartz monzonite to granite,Hornblende,Ar Furnace-Step,Direct,Grenville Province,ON,45.51672,-80.45402,N shore of Georgian Bay north of Parry Sound. Coordinates approximated from regional-scale sketch map in report (by OGS compilers),Britt Domain - Shawanaga pluton,Plutonic,granitoid - samples not individually described; compositions for all reported in this paper range from quartz monzonite to granite,"Culshaw, N., Reynolds, P.H. and Check, G., 1991. A 40Ar/39Ar study of post-tectonic cooling in the Britt domain of the Grenville Province, Ontario; Earth and Planetary Science Letters, v. 105, p. 405-41"
BD 3,974.0,7.0,7.0,Ar/Ar,Cooling,granitoid - samples not individually described; compositions for all reported in this paper range from quartz monzonite to granite,Hornblende,Ar Furnace-Step,Direct,Grenville Province,ON,45.76671,-80.61653,N shore of Georgian Bay approx. 65 km N of Parry Sound. Coordinates approximated from regional-scale sketch map in report (by OGS compilers),Britt Domain - Britt pluton,Plutonic,granitoid - samples not individually described; compositions for all reported in this paper range from quartz monzonite to granite,"Culshaw, N., Reynolds, P.H. and Check, G., 1991. A 40Ar/39Ar study of post-tectonic cooling in the Britt domain of the Grenville Province, Ontario; Earth and Planetary Science Letters, v. 105, p. 405-41"
BD 1,975.0,5.0,5.0,Ar/Ar,Cooling,granitoid - samples not individually described; compositions for all reported in this paper range from quartz monzonite to granite,Hornblende,Ar Furnace-Step,Direct,Grenville Province,ON,45.88337,-80.73319,N shore of Georgian Bay approx. 80 km N of Parry Sound. Coordinates approximated from regional-scale sketch map in report (by OGS compilers),Britt Domain - Britt pluton,Plutonic,granitoid - samples not individually described; compositions for all reported in this paper range from quartz monzonite to granite,"Culshaw, N., Reynolds, P.H. and Check, G., 1991. A 40Ar/39Ar study of post-tectonic cooling in the Britt domain of the Grenville Province, Ontario; Earth and Planetary Science Letters, v. 105, p. 405-41"
BD 6,976.0,5.0,5.0,Ar/Ar,Cooling,granitoid - samples not individually described; compositions for all reported in this paper range from quartz monzonite to granite,Hornblende,Ar Furnace-Step,Direct,Grenville Province,ON,45.41256,-80.40818,N shore of Georgian Bay just N of Parry Sound. Coordinates approximated from regional-scale sketch map in report (by OGS compilers),Britt Domain - unknown,Plutonic,granitoid - samples not individually described; compositions for all reported in this paper range from quartz monzonite to granite,"Culshaw, N., Reynolds, P.H. and Check, G., 1991. A 40Ar/39Ar study of post-tectonic cooling in the Britt domain of the Grenville Province, Ontario; Earth and Planetary Science Letters, v. 105, p. 405-41"
BD 4,981.0,5.0,5.0,Ar/Ar,Cooling,granitoid - samples not individually described; compositions for all reported in this paper range from quartz monzonite to granite,Hornblende,Ar Furnace-Step,Direct,Grenville Province,ON,45.64172,-80.57486,N shore of Georgian Bay approx. 60 km N of Parry Sound. Coordinates approximated from regional-scale sketch map in report (by OGS compilers),Britt Domain - Britt pluton,Plutonic,granitoid - samples not individually described; compositions for all reported in this paper range from quartz monzonite to granite,"Culshaw, N., Reynolds, P.H. and Check, G., 1991. A 40Ar/39Ar study of post-tectonic cooling in the Britt domain of the Grenville Province, Ontario; Earth and Planetary Science Letters, v. 105, p. 405-41"
BD 1,985.0,6.0,6.0,Ar/Ar,Cooling,granitoid - samples not individually described; compositions for all reported in this paper range from quartz monzonite to granite,Biotite,Ar Furnace-Step,Estimate,Grenville Province,ON,45.88337,-80.73319,N shore of Georgian Bay approx. 80 km N of Parry Sound. Coordinates approximated from regional-scale sketch map in report (by OGS compilers),Britt Domain - Britt pluton,Plutonic,granitoid - samples not individually described; compositions for all reported in this paper range from quartz monzonite to granite,"Culshaw, N., Reynolds, P.H. and Check, G., 1991. A 40Ar/39Ar study of post-tectonic cooling in the Britt domain of the Grenville Province, Ontario; Earth and Planetary Science Letters, v. 105, p. 405-41"
BD 2,1000.0,5.0,5.0,Ar/Ar,Cooling,granitoid - samples not individually described; compositions for all reported in this paper range from quartz monzonite to granite,Biotite,Ar Furnace-Step,Estimate,Grenville Province,ON,45.84171,-80.69986,N shore of Georgian Bay approx. 75 km N of Parry Sound. Coordinates approximated from regional-scale sketch map in report (by OGS compilers),Britt Domain - Britt pluton,Plutonic,granitoid - samples not individually described; compositions for all reported in this paper range from quartz monzonite to granite,"Culshaw, N., Reynolds, P.H. and Check, G., 1991. A 40Ar/39Ar study of post-tectonic cooling in the Britt domain of the Grenville Province, Ontario; Earth and Planetary Science Letters, v. 105, p. 405-41"
BD 3,1004.0,6.0,6.0,Ar/Ar,Cooling,granitoid - samples not individually described; compositions for all reported in this paper range from quartz monzonite to granite,Biotite,Ar Furnace-Step,Estimate,Grenville Province,ON,45.76671,-80.61653,N shore of Georgian Bay approx. 65 km N of Parry Sound. Coordinates approximated from regional-scale sketch map in report (by OGS compilers),Britt Domain - Britt pluton,Plutonic,granitoid - samples not individually described; compositions for all reported in this paper range from quartz monzonite to granite,"Culshaw, N., Reynolds, P.H. and Check, G., 1991. A 40Ar/39Ar study of post-tectonic cooling in the Britt domain of the Grenville Province, Ontario; Earth and Planetary Science Letters, v. 105, p. 405-41"
AT8793,931.0,6.0,6.0,Ar/Ar,Cooling,"From ""amphibolite / metavolcanic"" unit. Individual sample not described.",Hornblende,Laser-Step,Direct,Grenville Province,ON,44.55006,-77.33306,No topographic features given in report. Coordinates approximated from sketch map in report.,Elzevier terrane - Mooroton shear zone,Metamorphic,"From ""amphibolite / metavolcanic"" unit. Individual sample not described.","Cureton, J.S., van der Pluijm, B.A. and Essene, E.J., 1997. Nature of the Elzevir-Mazinaw domain boundary, Grenville Orogen, Ontario; Canadian Journal of Earth Sciences, v. 34, p. 976-99"
10193,966.0,6.0,6.0,Ar/Ar,Cooling,"From ""clastic metasediments"" unit. Individual sample not described.",Hornblende,Laser-Step,Direct,Grenville Province,ON,44.55006,-77.29973,No topographic features given in report. Coordinates approximated from sketch map in report.,Mazinaw terrane - Mooroton shear zone,Metamorphic,"From ""clastic metasediments"" unit. Individual sample not described.","Cureton, J.S., van der Pluijm, B.A. and Essene, E.J., 1997. Nature of the Elzevir-Mazinaw domain boundary, Grenville Orogen, Ontario; Canadian Journal of Earth Sciences, v. 34, p. 976-99"
AL97-13b,1020.0,8.0,8.0,Ar/Ar,Cooling,[audit 2026-10: errors converted published 1σ to 2σ (x2)],Hornblende,Laser-Step,,Grenville Province,NY,44.45237,-75.25455,Adirondack Lowlands,Adirondack Lowlands,Plutonic,Hermon granite,"Dahl, P.S., Pomfrey, M.E., and Foland, K.A., 2004, Slow cooling and apparent tilting of the Adirondacks Lowlands, Grenville province, New York, USA, based upon 40Ar/39Ar ages: GSA Memoir 197, p. 299-323."
AL97-15a,1080.0,6.0,6.0,Ar/Ar,Cooling,[audit 2026-10: errors converted published 1σ to 2σ (x2)],Hornblende,Laser-Step,,Grenville Province,NY,44.37252,-75.55488,Adirondack Lowlands,Adirondack Lowlands,Metamorphic,Amphibolite-metagabbro,"Dahl, P.S., Pomfrey, M.E., and Foland, K.A., 2004, Slow cooling and apparent tilting of the Adirondacks Lowlands, Grenville province, New York, USA, based upon 40Ar/39Ar ages: GSA Memoir 197, p. 299-323."
AL97-18a,1055.0,20.0,20.0,Ar/Ar,Cooling,[audit 2026-10: errors converted published 1σ to 2σ (x2)],Hornblende,Laser-Step,,Grenville Province,NY,44.3869,-75.64777,Adirondack Lowlands,Adirondack Lowlands,Plutonic,Antwerp granite,"Dahl, P.S., Pomfrey, M.E., and Foland, K.A., 2004, Slow cooling and apparent tilting of the Adirondacks Lowlands, Grenville province, New York, USA, based upon 40Ar/39Ar ages: GSA Memoir 197, p. 299-323."
AL97-22b,1098.0,6.0,6.0,Ar/Ar,Cooling,[audit 2026-10: errors converted published 1σ to 2σ (x2)],Hornblende,Laser-Step,,Grenville Province,NY,44.41687,-75.56672,Adirondack Lowlands,Adirondack Lowlands,Metamorphic,Hyde School gneiss,"Dahl, P.S., Pomfrey, M.E., and Foland, K.A., 2004, Slow cooling and apparent tilting of the Adirondacks Lowlands, Grenville province, New York, USA, based upon 40Ar/39Ar ages: GSA Memoir 197, p. 299-323."
AL97-27c,1050.0,20.0,20.0,Ar/Ar,Cooling,[audit 2026-10: errors converted published 1σ to 2σ (x2)],Hornblende,Laser-Step,,Grenville Province,NY,44.28902,-75.39705,Adirondack Lowlands,Adirondack Lowlands,Metamorphic,Popple Hill gneiss,"Dahl, P.S., Pomfrey, M.E., and Foland, K.A., 2004, Slow cooling and apparent tilting of the Adirondacks Lowlands, Grenville province, New York, USA, based upon 40Ar/39Ar ages: GSA Memoir 197, p. 299-323."
AL97-27d,1063.0,6.0,6.0,Ar/Ar,Cooling,[audit 2026-10: errors converted published 1σ to 2σ (x2)],Hornblende,Laser-Step,,Grenville Province,NY,44.28902,-75.39705,Adirondack Lowlands,Adirondack Lowlands,Metamorphic,Popple Hill gneiss,"Dahl, P.S., Pomfrey, M.E., and Foland, K.A., 2004, Slow cooling and apparent tilting of the Adirondacks Lowlands, Grenville province, New York, USA, based upon 40Ar/39Ar ages: GSA Memoir 197, p. 299-323."
AL97-35,1053.0,8.0,8.0,Ar/Ar,Cooling,[audit 2026-10: errors converted published 1σ to 2σ (x2)],Hornblende,Laser-Step,,Grenville Province,NY,44.22635,-75.38517,Adirondack Lowlands,Adirondack Lowlands,Metamorphic,Hyde School gneiss,"Dahl, P.S., Pomfrey, M.E., and Foland, K.A., 2004, Slow cooling and apparent tilting of the Adirondacks Lowlands, Grenville province, New York, USA, based upon 40Ar/39Ar ages: GSA Memoir 197, p. 299-323."
AL98-45,1055.0,20.0,20.0,Ar/Ar,Cooling,[audit 2026-10: errors converted published 1σ to 2σ (x2)],Hornblende,Laser-Step,,Grenville Province,NY,44.41463,-75.33897,Adirondack Lowlands,Adirondack Lowlands,Plutonic,Antwerp granite,"Dahl, P.S., Pomfrey, M.E., and Foland, K.A., 2004, Slow cooling and apparent tilting of the Adirondacks Lowlands, Grenville province, New York, USA, based upon 40Ar/39Ar ages: GSA Memoir 197, p. 299-323."
AL98-46,1015.0,6.0,6.0,Ar/Ar,Cooling,[audit 2026-10: errors converted published 1σ to 2σ (x2)],Hornblende,Laser-Step,,Grenville Province,NY,44.52148,-75.2087,Adirondack Lowlands,Adirondack Lowlands,Metamorphic,Amphibolite-metagabbro,"Dahl, P.S., Pomfrey, M.E., and Foland, K.A., 2004, Slow cooling and apparent tilting of the Adirondacks Lowlands, Grenville province, New York, USA, based upon 40Ar/39Ar ages: GSA Memoir 197, p. 299-323."
AL98-47b,1012.0,6.0,6.0,Ar/Ar,Cooling,[audit 2026-10: errors converted published 1σ to 2σ (x2)],Hornblende,Laser-Step,,Grenville Province,NY,44.5854,-75.18005,Adirondack Lowlands,Adirondack Lowlands,Metamorphic,Hyde School gneiss,"Dahl, P.S., Pomfrey, M.E., and Foland, K.A., 2004, Slow cooling and apparent tilting of the Adirondacks Lowlands, Grenville province, New York, USA, based upon 40Ar/39Ar ages: GSA Memoir 197, p. 299-323."
AL98-50,1083.0,6.0,6.0,Ar/Ar,Cooling,[audit 2026-10: errors converted published 1σ to 2σ (x2)],Hornblende,Laser-Step,,Grenville Province,NY,44.52727,-75.5216,Adirondack Lowlands,Adirondack Lowlands,Metamorphic,Hyde School gneiss,"Dahl, P.S., Pomfrey, M.E., and Foland, K.A., 2004, Slow cooling and apparent tilting of the Adirondacks Lowlands, Grenville province, New York, USA, based upon 40Ar/39Ar ages: GSA Memoir 197, p. 299-323."
AL97-2a,970.0,6.0,6.0,Ar/Ar,Cooling,[audit 2026-10: errors converted published 1σ to 2σ (x2)],Biotite,Laser-Step,,Grenville Province,NY,44.31068,-75.45293,Adirondack Lowlands,Adirondack Lowlands,Plutonic,Antwerp granite,"Dahl, P.S., Pomfrey, M.E., and Foland, K.A., 2004, Slow cooling and apparent tilting of the Adirondacks Lowlands, Grenville province, New York, USA, based upon 40Ar/39Ar ages: GSA Memoir 197, p. 299-323."
AL97-5b,934.0,6.0,6.0,Ar/Ar,Cooling,[audit 2026-10: errors converted published 1σ to 2σ (x2)],Biotite,Laser-Step,,Grenville Province,NY,44.31793,-75.42348,Adirondack Lowlands,Adirondack Lowlands,Plutonic,Antwerp granite,"Dahl, P.S., Pomfrey, M.E., and Foland, K.A., 2004, Slow cooling and apparent tilting of the Adirondacks Lowlands, Grenville province, New York, USA, based upon 40Ar/39Ar ages: GSA Memoir 197, p. 299-323."
AL97-8,1058.0,6.0,6.0,Ar/Ar,Cooling,[audit 2026-10: errors converted published 1σ to 2σ (x2)],Biotite,Laser-Step,,Grenville Province,NY,44.31555,-75.24455,Adirondack Lowlands,Adirondack Lowlands,Plutonic,Diana syenite,"Dahl, P.S., Pomfrey, M.E., and Foland, K.A., 2004, Slow cooling and apparent tilting of the Adirondacks Lowlands, Grenville province, New York, USA, based upon 40Ar/39Ar ages: GSA Memoir 197, p. 299-323."
AL97-12a,896.0,6.0,6.0,Ar/Ar,Cooling,[audit 2026-10: errors converted published 1σ to 2σ (x2)],Biotite,Laser-Step,,Grenville Province,NY,44.44443,-75.18825,Adirondack Lowlands,Adirondack Lowlands,Metamorphic,Popple Hill gneiss,"Dahl, P.S., Pomfrey, M.E., and Foland, K.A., 2004, Slow cooling and apparent tilting of the Adirondacks Lowlands, Grenville province, New York, USA, based upon 40Ar/39Ar ages: GSA Memoir 197, p. 299-323."
AL97-13a,908.0,6.0,6.0,Ar/Ar,Cooling,[audit 2026-10: errors converted published 1σ to 2σ (x2)],Biotite,Laser-Step,,Grenville Province,NY,44.45237,-75.25455,Adirondack Lowlands,Adirondack Lowlands,Plutonic,Hermon granite,"Dahl, P.S., Pomfrey, M.E., and Foland, K.A., 2004, Slow cooling and apparent tilting of the Adirondacks Lowlands, Grenville province, New York, USA, based upon 40Ar/39Ar ages: GSA Memoir 197, p. 299-323."
AL97-14a,1086.0,6.0,6.0,Ar/Ar,Cooling,[audit 2026-10: errors converted published 1σ to 2σ (x2)],Biotite,Laser-Step,,Grenville Province,NY,44.43067,-75.397,Adirondack Lowlands,Adirondack Lowlands,Metamorphic,Calc-silicate gneiss,"Dahl, P.S., Pomfrey, M.E., and Foland, K.A., 2004, Slow cooling and apparent tilting of the Adirondacks Lowlands, Grenville province, New York, USA, based upon 40Ar/39Ar ages: GSA Memoir 197, p. 299-323."
AL97-15a,1210.0,6.0,6.0,Ar/Ar,Cooling,[audit 2026-10: errors converted published 1σ to 2σ (x2)],Biotite,Laser-Step,,Grenville Province,NY,44.37252,-75.55488,Adirondack Lowlands,Adirondack Lowlands,Metamorphic,Amphibolite,"Dahl, P.S., Pomfrey, M.E., and Foland, K.A., 2004, Slow cooling and apparent tilting of the Adirondacks Lowlands, Grenville province, New York, USA, based upon 40Ar/39Ar ages: GSA Memoir 197, p. 299-323."
AL97-17c,987.0,4.0,4.0,Ar/Ar,Cooling,[audit 2026-10: errors converted published 1σ to 2σ (x2)],Biotite,Laser-Step,,Grenville Province,NY,44.32925,-75.63508,Adirondack Lowlands,Adirondack Lowlands,Metamorphic,Calc-silicate gneiss,"Dahl, P.S., Pomfrey, M.E., and Foland, K.A., 2004, Slow cooling and apparent tilting of the Adirondacks Lowlands, Grenville province, New York, USA, based upon 40Ar/39Ar ages: GSA Memoir 197, p. 299-323."
AL97-18a,935.0,4.0,4.0,Ar/Ar,Cooling,[audit 2026-10: errors converted published 1σ to 2σ (x2)],Biotite,Laser-Step,,Grenville Province,NY,44.3869,-75.64777,Adirondack Lowlands,Adirondack Lowlands,Plutonic,Antwerp granite,"Dahl, P.S., Pomfrey, M.E., and Foland, K.A., 2004, Slow cooling and apparent tilting of the Adirondacks Lowlands, Grenville province, New York, USA, based upon 40Ar/39Ar ages: GSA Memoir 197, p. 299-323."
AL97-22b,931.0,6.0,6.0,Ar/Ar,Cooling,[audit 2026-10: errors converted published 1σ to 2σ (x2)],Biotite,Laser-Step,,Grenville Province,NY,44.41687,-75.56672,Adirondack Lowlands,Adirondack Lowlands,Metamorphic,Hyde School gneiss,"Dahl, P.S., Pomfrey, M.E., and Foland, K.A., 2004, Slow cooling and apparent tilting of the Adirondacks Lowlands, Grenville province, New York, USA, based upon 40Ar/39Ar ages: GSA Memoir 197, p. 299-323."
AL97-27c,978.0,6.0,6.0,Ar/Ar,Cooling,[audit 2026-10: errors converted published 1σ to 2σ (x2)],Biotite,Laser-Step,,Grenville Province,NY,44.28902,-75.39705,Adirondack Lowlands,Adirondack Lowlands,Metamorphic,Popple Hill gneiss,"Dahl, P.S., Pomfrey, M.E., and Foland, K.A., 2004, Slow cooling and apparent tilting of the Adirondacks Lowlands, Grenville province, New York, USA, based upon 40Ar/39Ar ages: GSA Memoir 197, p. 299-323."
AL97-27d,935.0,6.0,6.0,Ar/Ar,Cooling,[audit 2026-10: errors converted published 1σ to 2σ (x2)],Biotite,Laser-Step,,Grenville Province,NY,44.28902,-75.39705,Adirondack Lowlands,Adirondack Lowlands,Metamorphic,Popple Hill gneiss,"Dahl, P.S., Pomfrey, M.E., and Foland, K.A., 2004, Slow cooling and apparent tilting of the Adirondacks Lowlands, Grenville province, New York, USA, based upon 40Ar/39Ar ages: GSA Memoir 197, p. 299-323."
AL97-31,898.0,6.0,6.0,Ar/Ar,Cooling,[audit 2026-10: errors converted published 1σ to 2σ (x2)],Biotite,Laser-Step,,Grenville Province,NY,44.19778,-75.28213,Adirondack Lowlands,Adirondack Lowlands,Plutonic,Hermon granite,"Dahl, P.S., Pomfrey, M.E., and Foland, K.A., 2004, Slow cooling and apparent tilting of the Adirondacks Lowlands, Grenville province, New York, USA, based upon 40Ar/39Ar ages: GSA Memoir 197, p. 299-323."
AL97-33,920.0,4.0,4.0,Ar/Ar,Cooling,[audit 2026-10: errors converted published 1σ to 2σ (x2)],Biotite,Laser-Step,,Grenville Province,NY,44.21925,-75.376,Adirondack Lowlands,Adirondack Lowlands,Metamorphic,Popple Hill gneiss,"Dahl, P.S., Pomfrey, M.E., and Foland, K.A., 2004, Slow cooling and apparent tilting of the Adirondacks Lowlands, Grenville province, New York, USA, based upon 40Ar/39Ar ages: GSA Memoir 197, p. 299-323."
AL97-35,926.0,6.0,6.0,Ar/Ar,Cooling,[audit 2026-10: errors converted published 1σ to 2σ (x2)],Biotite,Laser-Step,,Grenville Province,NY,44.22635,-75.38517,Adirondack Lowlands,Adirondack Lowlands,Metamorphic,Hyde School gneiss,"Dahl, P.S., Pomfrey, M.E., and Foland, K.A., 2004, Slow cooling and apparent tilting of the Adirondacks Lowlands, Grenville province, New York, USA, based upon 40Ar/39Ar ages: GSA Memoir 197, p. 299-323."
AL97-37,968.0,6.0,6.0,Ar/Ar,Cooling,[audit 2026-10: errors converted published 1σ to 2σ (x2)],Biotite,Laser-Step,,Grenville Province,NY,44.24942,-75.58952,Adirondack Lowlands,Adirondack Lowlands,Plutonic,Antwerp granite,"Dahl, P.S., Pomfrey, M.E., and Foland, K.A., 2004, Slow cooling and apparent tilting of the Adirondacks Lowlands, Grenville province, New York, USA, based upon 40Ar/39Ar ages: GSA Memoir 197, p. 299-323."
AL97-40a,939.0,4.0,4.0,Ar/Ar,Cooling,[audit 2026-10: errors converted published 1σ to 2σ (x2)],Biotite,Laser-Step,,Grenville Province,NY,44.19537,-75.62437,Adirondack Lowlands,Adirondack Lowlands,Metamorphic,Popple Hill gneiss,"Dahl, P.S., Pomfrey, M.E., and Foland, K.A., 2004, Slow cooling and apparent tilting of the Adirondacks Lowlands, Grenville province, New York, USA, based upon 40Ar/39Ar ages: GSA Memoir 197, p. 299-323."
AL98-42,923.0,6.0,6.0,Ar/Ar,Cooling,[audit 2026-10: errors converted published 1σ to 2σ (x2)],Biotite,Laser-Step,,Grenville Province,NY,44.2842,-75.33203,Adirondack Lowlands,Adirondack Lowlands,Plutonic,Hermon granite,"Dahl, P.S., Pomfrey, M.E., and Foland, K.A., 2004, Slow cooling and apparent tilting of the Adirondacks Lowlands, Grenville province, New York, USA, based upon 40Ar/39Ar ages: GSA Memoir 197, p. 299-323."
AL98-43,901.0,6.0,6.0,Ar/Ar,Cooling,[audit 2026-10: errors converted published 1σ to 2σ (x2)],Biotite,Laser-Step,,Grenville Province,NY,44.34945,-75.27223,Adirondack Lowlands,Adirondack Lowlands,Plutonic,Hermon granite,"Dahl, P.S., Pomfrey, M.E., and Foland, K.A., 2004, Slow cooling and apparent tilting of the Adirondacks Lowlands, Grenville province, New York, USA, based upon 40Ar/39Ar ages: GSA Memoir 197, p. 299-323."
AL98-45,925.0,4.0,4.0,Ar/Ar,Cooling,[audit 2026-10: errors converted published 1σ to 2σ (x2)],Biotite,Laser-Step,,Grenville Province,NY,44.41463,-75.33897,Adirondack Lowlands,Adirondack Lowlands,Plutonic,Antwerp granite,"Dahl, P.S., Pomfrey, M.E., and Foland, K.A., 2004, Slow cooling and apparent tilting of the Adirondacks Lowlands, Grenville province, New York, USA, based upon 40Ar/39Ar ages: GSA Memoir 197, p. 299-323."
AL98-47b,980.0,6.0,6.0,Ar/Ar,Cooling,[audit 2026-10: errors converted published 1σ to 2σ (x2)],Biotite,Laser-Step,,Grenville Province,NY,44.5854,-75.18,Adirondack Lowlands,Adirondack Lowlands,Metamorphic,Hyde School gneiss,"Dahl, P.S., Pomfrey, M.E., and Foland, K.A., 2004, Slow cooling and apparent tilting of the Adirondacks Lowlands, Grenville province, New York, USA, based upon 40Ar/39Ar ages: GSA Memoir 197, p. 299-323."
AL98-49,920.0,4.0,4.0,Ar/Ar,Cooling,[audit 2026-10: errors converted published 1σ to 2σ (x2)],Biotite,Laser-Step,,Grenville Province,NY,44.512,-75.36583,Adirondack Lowlands,Adirondack Lowlands,Metamorphic,Calc-silicate gneiss,"Dahl, P.S., Pomfrey, M.E., and Foland, K.A., 2004, Slow cooling and apparent tilting of the Adirondacks Lowlands, Grenville province, New York, USA, based upon 40Ar/39Ar ages: GSA Memoir 197, p. 299-323."
AL98-50,1237.0,6.0,6.0,Ar/Ar,Cooling,[audit 2026-10: errors converted published 1σ to 2σ (x2)],Biotite,Laser-Step,,Grenville Province,NY,44.52727,-75.5216,Adirondack Lowlands,Adirondack Lowlands,Metamorphic,Hyde School gneiss,"Dahl, P.S., Pomfrey, M.E., and Foland, K.A., 2004, Slow cooling and apparent tilting of the Adirondacks Lowlands, Grenville province, New York, USA, based upon 40Ar/39Ar ages: GSA Memoir 197, p. 299-323."
AL98-51,1037.0,6.0,6.0,Ar/Ar,Cooling,[audit 2026-10: errors converted published 1σ to 2σ (x2)],Biotite,Laser-Step,,Grenville Province,NY,44.4607,-75.71077,Adirondack Lowlands,Adirondack Lowlands,Plutonic,Rockport granite,"Dahl, P.S., Pomfrey, M.E., and Foland, K.A., 2004, Slow cooling and apparent tilting of the Adirondacks Lowlands, Grenville province, New York, USA, based upon 40Ar/39Ar ages: GSA Memoir 197, p. 299-323."
AL98-55,994.0,6.0,6.0,Ar/Ar,Cooling,[audit 2026-10: errors converted published 1σ to 2σ (x2)],Biotite,Laser-Step,,Grenville Province,NY,44.29062,-75.67975,Adirondack Lowlands,Adirondack Lowlands,Metamorphic,Hyde School gneiss,"Dahl, P.S., Pomfrey, M.E., and Foland, K.A., 2004, Slow cooling and apparent tilting of the Adirondacks Lowlands, Grenville province, New York, USA, based upon 40Ar/39Ar ages: GSA Memoir 197, p. 299-323."
AL98-57,951.0,6.0,6.0,Ar/Ar,Cooling,[audit 2026-10: errors converted published 1σ to 2σ (x2)],Biotite,Laser-Step,,Grenville Province,NY,44.16047,-75.7025,Adirondack Lowlands,Adirondack Lowlands,Plutonic,Hermon granite,"Dahl, P.S., Pomfrey, M.E., and Foland, K.A., 2004, Slow cooling and apparent tilting of the Adirondacks Lowlands, Grenville province, New York, USA, based upon 40Ar/39Ar ages: GSA Memoir 197, p. 299-323."
RF91-4,946.0,15.0,15.0,U/Pb,Cooling,metapelite: tourmaline-rich garnet-kyanite-sillimanite-biotite K-feldspar aluminous gneiss,Rutile,TIMS,Direct,Grenville Province,QC,46.05561,-74.92186,"At village of .Lac Simon at SE end of Lac des Trois, ontagnes. Coordinates from sketch map. Note that lab records have some distance away from this at 46-09-12N 74-55-20W; report taken as correct.","Mont-Laurier terrane, Central Metasedimentary Belt - Grenville Supergroup",Metamorphic,metapelite: tourmaline-rich garnet-kyanite-sillimanite-biotite K-feldspar aluminous gneiss,"Friedman, R.M. and Martignole, J., 1995. Mesoproterozoic sedimentation, magmatism, and metamorphism in the southern part of the Grenville Province (Western Quebec): U-Pb geochronological constraints; Canadian Journal of Earth Sciences, v. 32, p. 2103-211"
RF91-17,954.0,3.0,2.0,U/Pb,Cooling,"grt-sil gneiss, presumed pelitic protolith",Rutile,TIMS,Direct,Grenville Province,QC,47.23757,-76.4755,"Along road to Cabonga Dam, east of the reservoir, about 500m SE of Lac Hogen.",Reservoir Cabonga terrane - Grenville Supergroup,Metamorphic,"grt-sil gneiss, presumed pelitic protolith","Friedman, R.M. and Martignole, J., 1995. Mesoproterozoic sedimentation, magmatism, and metamorphism in the southern part of the Grenville Province (Western Quebec): U-Pb geochronological constraints; Canadian Journal of Earth Sciences, v. 32, p. 2103-211"
RF91-20,1026.0,5.0,5.0,U/Pb,Cooling,"aplite: fine-grained granodioritic dyke, approx. 2 m thick",Titanite,TIMS,Estimate,Grenville Province,QC,46.43886,-75.24964,"Roadcut on Rt. 117 approx. 1 km NW of junction with Rt. 321. Stop 14 of Indares and Martignole (1989) GAC-MAC Fieldtrip guide book Fig 19, Dyke H. Lab records had long as 74-46 (disagrees w/sketch map",Mont-Laurier terrane - cuts Grenville Supergroup,Plutonic,"aplite: fine-grained granodioritic dyke, approx. 2 m thick","Friedman, R.M. and Martignole, J., 1995. Mesoproterozoic sedimentation, magmatism, and metamorphism in the southern part of the Grenville Province (Western Quebec): U-Pb geochronological constraints; Canadian Journal of Earth Sciences, v. 32, p. 2103-211"
RF91-20,1054.0,14.0,29.0,U/Pb,Igneous Crystallization,"aplite: fine-grained granodioritic dyke, approx. 2 m thick",Zircon,TIMS,Estimate,Grenville Province,QC,46.43886,-75.24964,"Roadcut on Rt. 117 approx. 1 km NW of junction with Rt. 321. Stop 14 of Indares and Martignole (1989) GAC-MAC Fieldtrip guide book Fig 19, Dyke H. Lab records had long as 74-46 (disagrees w/sketch map",Mont-Laurier terrane - cuts Grenville Supergroup,Plutonic,"aplite: fine-grained granodioritic dyke, approx. 2 m thick","Friedman, R.M. and Martignole, J., 1995. Mesoproterozoic sedimentation, magmatism, and metamorphism in the southern part of the Grenville Province (Western Quebec): U-Pb geochronological constraints; Canadian Journal of Earth Sciences, v. 32, p. 2103-211"
1c MLt,1118.0,6.0,6.0,U/Pb,Metamorphic,coarse-grained pyroxene-garnet amphibolite,Zircon,TIMS,Minimum Direct,Grenville Province,QC,46.05561,-74.92186,From eastern part of terrane. Coordinates interpolated from regional-scale sketch map in report.,Mont-Laurier terrane - unknown,Metamorphic,coarse-grained pyroxene-garnet amphibolite,"Friedman, R.M. and Martignole, J., 1995. Mesoproterozoic sedimentation, magmatism, and metamorphism in the southern part of the Grenville Province (Western Quebec): U-Pb geochronological constraints; Canadian Journal of Earth Sciences, v. 32, p. 2103-211"
3c Mt,1141.3,7.8,6.0,U/Pb,Protolith age,"decameter-scale quartzfeldspathic hornblende-bearing high-temp annealed mylonite, cuts charnockites",Zircon,TIMS,Maximum Estimate,Grenville Province,QC,46.05005,-74.66629,3 km W of contact with Morin anorthosite. Coordinates interpolated from regional-scale sketch map in report.,Morin terrane - unknown,Metamorphic,"decameter-scale quartzfeldspathic hornblende-bearing high-temp annealed mylonite, cuts charnockites","Friedman, R.M. and Martignole, J., 1995. Mesoproterozoic sedimentation, magmatism, and metamorphism in the southern part of the Grenville Province (Western Quebec): U-Pb geochronological constraints; Canadian Journal of Earth Sciences, v. 32, p. 2103-211"
3c Mt,1142.7,2.1,2.1,U/Pb,Protolith age,"decameter-scale quartzfeldspathic hornblende-bearing high-temp annealed mylonite, cuts charnockites",Zircon,TIMS,Minimum Estimate,Grenville Province,QC,46.05005,-74.66629,3 km W of contact with Morin anorthosite. Coordinates interpolated from regional-scale sketch map in report.,Morin terrane - unknown,Metamorphic,"decameter-scale quartzfeldspathic hornblende-bearing high-temp annealed mylonite, cuts charnockites","Friedman, R.M. and Martignole, J., 1995. Mesoproterozoic sedimentation, magmatism, and metamorphism in the southern part of the Grenville Province (Western Quebec): U-Pb geochronological constraints; Canadian Journal of Earth Sciences, v. 32, p. 2103-211"
RF91-17,1150.0,11.0,10.0,U/Pb,Metamorphic,"grt-sil gneiss, presumed pelitic protolith",Zircon,TIMS,Estimate,Grenville Province,QC,47.23757,-76.4755,"Along road to Cabonga Dam, east of the reservoir, about 500m SE of Lac Hogen.",Reservoir Cabonga terrane - Grenville Supergroup,Metamorphic,"grt-sil gneiss, presumed pelitic protolith","Friedman, R.M. and Martignole, J., 1995. Mesoproterozoic sedimentation, magmatism, and metamorphism in the southern part of the Grenville Province (Western Quebec): U-Pb geochronological constraints; Canadian Journal of Earth Sciences, v. 32, p. 2103-211"
3b Mt,1157.0,8.5,4.3,U/Pb,Igneous Crystallization,monzonitic gneiss (quartz orthoclase plagioclase hornblende biotite magnetite),Zircon,TIMS,Estimate,Grenville Province,QC,46.00005,-74.74963,3 km W of contact with Morin anorthosite. Coordinates interpolated from regional-scale sketch map in report.,Morin terrane - unknown,Metamorphic,monzonitic gneiss (quartz orthoclase plagioclase hornblende biotite magnetite),"Friedman, R.M. and Martignole, J., 1995. Mesoproterozoic sedimentation, magmatism, and metamorphism in the southern part of the Grenville Province (Western Quebec): U-Pb geochronological constraints; Canadian Journal of Earth Sciences, v. 32, p. 2103-211"
RF91-4,1157.5,2.5,2.5,U/Pb,Metamorphic,metapelite: tourmaline-rich garnet-kyanite-sillimanite-biotite K-feldspar aluminous gneiss,Monazite,TIMS,Estimate,Grenville Province,QC,46.05561,-74.92186,"At village of .Lac Simon at SE end of Lac des Trois, ontagnes. Coordinates from sketch map. Note that lab records have some distance away from this at 46-09-12N 74-55-20W; report taken as correct.","Mont-Laurier terrane, Central Metasedimentary Belt - Grenville Supergroup",Metamorphic,metapelite: tourmaline-rich garnet-kyanite-sillimanite-biotite K-feldspar aluminous gneiss,"Friedman, R.M. and Martignole, J., 1995. Mesoproterozoic sedimentation, magmatism, and metamorphism in the southern part of the Grenville Province (Western Quebec): U-Pb geochronological constraints; Canadian Journal of Earth Sciences, v. 32, p. 2103-211"
1b MLt,1162.0,5.0,5.0,U/Pb,Metamorphic,fine-grained pink (quartz microcline hornblende magnetite) alaskitic gneiss,Monazite,TIMS,Estimate,Grenville Province,QC,46.05561,-74.92186,From eastern part of terrane. Coordinates interpolated from regional-scale sketch map in report.,Mont-Laurier terrane - unknown,Metamorphic,fine-grained pink (quartz microcline hornblende magnetite) alaskitic gneiss,"Friedman, R.M. and Martignole, J., 1995. Mesoproterozoic sedimentation, magmatism, and metamorphism in the southern part of the Grenville Province (Western Quebec): U-Pb geochronological constraints; Canadian Journal of Earth Sciences, v. 32, p. 2103-211"
RF91-17,1164.0,18.0,20.0,U/Pb,Metamorphic,"grt-sil gneiss, presumed pelitic protolith",Monazite,TIMS,Estimate,Grenville Province,QC,47.23757,-76.4755,"Along road to Cabonga Dam, east of the reservoir, about 500m SE of Lac Hogen.",Reservoir Cabonga terrane - Grenville Supergroup,Metamorphic,"grt-sil gneiss, presumed pelitic protolith","Friedman, R.M. and Martignole, J., 1995. Mesoproterozoic sedimentation, magmatism, and metamorphism in the southern part of the Grenville Province (Western Quebec): U-Pb geochronological constraints; Canadian Journal of Earth Sciences, v. 32, p. 2103-211"
3a Mt,1164.9,10.7,5.6,U/Pb,Igneous Crystallization,coarse-grained charnockitic gneiss (quartz mesoperthite plagioclase orthopyroxene hornblende biotite magnetite),Zircon,TIMS,Maximum Estimate,Grenville Province,QC,46.10005,-74.66629,3 km W of contact with Morin anorthosite. Coordinates interpolated from regional-scale sketch map in report.,Morin terrane - unknown,Metamorphic,coarse-grained charnockitic gneiss (quartz mesoperthite plagioclase orthopyroxene hornblende biotite magnetite),"Friedman, R.M. and Martignole, J., 1995. Mesoproterozoic sedimentation, magmatism, and metamorphism in the southern part of the Grenville Province (Western Quebec): U-Pb geochronological constraints; Canadian Journal of Earth Sciences, v. 32, p. 2103-211"
RF91-4,1209.4,4.3,4.3,U/Pb,Deposition,metapelite: tourmaline-rich garnet-kyanite-sillimanite-biotite K-feldspar aluminous gneiss,Zircon,TIMS,Maximum Direct,Grenville Province,QC,46.05561,-74.92186,"At village of .Lac Simon at SE end of Lac des Trois, ontagnes. Coordinates from sketch map. Note that lab records have some distance away from this at 46-09-12N 74-55-20W; report taken as correct.","Mont-Laurier terrane, Central Metasedimentary Belt - Grenville Supergroup",Metamorphic,metapelite: tourmaline-rich garnet-kyanite-sillimanite-biotite K-feldspar aluminous gneiss,"Friedman, R.M. and Martignole, J., 1995. Mesoproterozoic sedimentation, magmatism, and metamorphism in the southern part of the Grenville Province (Western Quebec): U-Pb geochronological constraints; Canadian Journal of Earth Sciences, v. 32, p. 2103-211"
RF91-4,1245.9,14.4,14.4,U/Pb,Detrital,metapelite: tourmaline-rich garnet-kyanite-sillimanite-biotite K-feldspar aluminous gneiss,Zircon,TIMS,Direct,Grenville Province,QC,46.05561,-74.92186,"At village of .Lac Simon at SE end of Lac des Trois, ontagnes. Coordinates from sketch map. Note that lab records have some distance away from this at 46-09-12N 74-55-20W; report taken as correct.","Mont-Laurier terrane, Central Metasedimentary Belt - Grenville Supergroup",Metamorphic,metapelite: tourmaline-rich garnet-kyanite-sillimanite-biotite K-feldspar aluminous gneiss,"Friedman, R.M. and Martignole, J., 1995. Mesoproterozoic sedimentation, magmatism, and metamorphism in the southern part of the Grenville Province (Western Quebec): U-Pb geochronological constraints; Canadian Journal of Earth Sciences, v. 32, p. 2103-211"
1b MLt,1250.0,5.0,5.0,U/Pb,Protolith age,fine-grained pink (quartz microcline hornblende magnetite) alaskitic gneiss,Zircon,TIMS,Minimum Estimate,Grenville Province,QC,46.05561,-74.92186,From eastern part of terrane. Coordinates interpolated from regional-scale sketch map in report.,Mont-Laurier terrane - unknown,Metamorphic,fine-grained pink (quartz microcline hornblende magnetite) alaskitic gneiss,"Friedman, R.M. and Martignole, J., 1995. Mesoproterozoic sedimentation, magmatism, and metamorphism in the southern part of the Grenville Province (Western Quebec): U-Pb geochronological constraints; Canadian Journal of Earth Sciences, v. 32, p. 2103-211"
RF91-4,1275.4,25.7,25.7,U/Pb,Detrital,metapelite: tourmaline-rich garnet-kyanite-sillimanite-biotite K-feldspar aluminous gneiss,Zircon,TIMS,Direct,Grenville Province,QC,46.05561,-74.92186,"At village of .Lac Simon at SE end of Lac des Trois, ontagnes. Coordinates from sketch map. Note that lab records have some distance away from this at 46-09-12N 74-55-20W; report taken as correct.","Mont-Laurier terrane, Central Metasedimentary Belt - Grenville Supergroup",Metamorphic,metapelite: tourmaline-rich garnet-kyanite-sillimanite-biotite K-feldspar aluminous gneiss,"Friedman, R.M. and Martignole, J., 1995. Mesoproterozoic sedimentation, magmatism, and metamorphism in the southern part of the Grenville Province (Western Quebec): U-Pb geochronological constraints; Canadian Journal of Earth Sciences, v. 32, p. 2103-211"
1b MLt,1667.0,164.0,146.0,U/Pb,Protolith age,fine-grained pink (quartz microcline hornblende magnetite) alaskitic gneiss,Zircon,TIMS,Maximum Estimate,Grenville Province,QC,46.05561,-74.92186,From eastern part of terrane. Coordinates interpolated from regional-scale sketch map in report.,Mont-Laurier terrane - unknown,Metamorphic,fine-grained pink (quartz microcline hornblende magnetite) alaskitic gneiss,"Friedman, R.M. and Martignole, J., 1995. Mesoproterozoic sedimentation, magmatism, and metamorphism in the southern part of the Grenville Province (Western Quebec): U-Pb geochronological constraints; Canadian Journal of Earth Sciences, v. 32, p. 2103-211"
RF91-4,2002.0,10.3,10.3,U/Pb,Detrital,metapelite: tourmaline-rich garnet-kyanite-sillimanite-biotite K-feldspar aluminous gneiss,Zircon,TIMS,Estimate,Grenville Province,QC,46.05561,-74.92186,"At village of .Lac Simon at SE end of Lac des Trois, ontagnes. Coordinates from sketch map. Note that lab records have some distance away from this at 46-09-12N 74-55-20W; report taken as correct.","Mont-Laurier terrane, Central Metasedimentary Belt - Grenville Supergroup",Metamorphic,metapelite: tourmaline-rich garnet-kyanite-sillimanite-biotite K-feldspar aluminous gneiss,"Friedman, R.M. and Martignole, J., 1995. Mesoproterozoic sedimentation, magmatism, and metamorphism in the southern part of the Grenville Province (Western Quebec): U-Pb geochronological constraints; Canadian Journal of Earth Sciences, v. 32, p. 2103-211"
RF91-4,2238.2,2.3,2.3,U/Pb,Detrital,metapelite: tourmaline-rich garnet-kyanite-sillimanite-biotite K-feldspar aluminous gneiss,Zircon,TIMS,Estimate,Grenville Province,QC,46.05561,-74.92186,"At village of .Lac Simon at SE end of Lac des Trois, ontagnes. Coordinates from sketch map. Note that lab records have some distance away from this at 46-09-12N 74-55-20W; report taken as correct.","Mont-Laurier terrane, Central Metasedimentary Belt - Grenville Supergroup",Metamorphic,metapelite: tourmaline-rich garnet-kyanite-sillimanite-biotite K-feldspar aluminous gneiss,"Friedman, R.M. and Martignole, J., 1995. Mesoproterozoic sedimentation, magmatism, and metamorphism in the southern part of the Grenville Province (Western Quebec): U-Pb geochronological constraints; Canadian Journal of Earth Sciences, v. 32, p. 2103-211"
Mountain Grove,1047.0,4.0,4.0,Ar/Ar,Cooling,Gabbro,Biotite,Ar Furnace-Step,Unverified,Grenville Province,ON,44.70839,-76.79138,Location approximate.,Sharbot Lake terrane - Mountain Grove gabbro,Plutonic,Gabbro,"Grammatikopoulos, T.A.L., 1997. Tectonic implications of U-Pb and 40Ar/39Ar ages of plutons and wollastonite skarns in the Sharbot Lake and Frontenac terranes, Central Metasedimentary Belt, Grenville Province, Southeastern Ontario. Unpublislhed Ph.D. thesis, Queen's University, Ontario, p. 77"
Mountain Grove,1058.0,14.0,14.0,Ar/Ar,Cooling,Gabbro,Hornblende,Ar Furnace-Step,Unverified,Grenville Province,ON,44.70839,-76.79138,Location approximate.,Sharbot Lake terrane - Mountain Grove gabbro,Plutonic,Gabbro,"Grammatikopoulos, T.A.L., 1997. Tectonic implications of U-Pb and 40Ar/39Ar ages of plutons and wollastonite skarns in the Sharbot Lake and Frontenac terranes, Central Metasedimentary Belt, Grenville Province, Southeastern Ontario. Unpublislhed Ph.D. thesis, Queen's University, Ontario, p. 77"
Hawley,1065.0,4.0,4.0,Ar/Ar,Cooling,Skarn,Phlogopite,Ar Furnace-Step,Unverified,Grenville Province,ON,44.73339,-76.89971,Location approximate.,Sharbot Lake terrane - Hawley wollastonite skarn,Metamorphic,Skarn,"Grammatikopoulos, T.A.L., 1997. Tectonic implications of U-Pb and 40Ar/39Ar ages of plutons and wollastonite skarns in the Sharbot Lake and Frontenac terranes, Central Metasedimentary Belt, Grenville Province, Southeastern Ontario. Unpublislhed Ph.D. thesis, Queen's University, Ontario, p. 77"
Leo Lake sy,1121.0,6.0,6.0,Ar/Ar,Cooling,Syenite,Hornblende,Ar Furnace-Step,Unverified,Grenville Province,ON,44.45006,-76.26636,Location approximate.,Frontenac terrane - Leo Lake pluton,Plutonic,Syenite,"Grammatikopoulos, T.A.L., 1997. Tectonic implications of U-Pb and 40Ar/39Ar ages of plutons and wollastonite skarns in the Sharbot Lake and Frontenac terranes, Central Metasedimentary Belt, Grenville Province, Southeastern Ontario. Unpublislhed Ph.D. thesis, Queen's University, Ontario, p. 77"
Leo Lake sk,1149.0,5.0,5.0,U/Pb,Metamorphic,Skarn,Titanite,TIMS,Unverified,Grenville Province,ON,44.45006,-76.26636,Location approximate.,Frontenac terrane - Leo Lake pluton,Metamorphic,Skarn,"Grammatikopoulos, T.A.L., 1997. Tectonic implications of U-Pb and 40Ar/39Ar ages of plutons and wollastonite skarns in the Sharbot Lake and Frontenac terranes, Central Metasedimentary Belt, Grenville Province, Southeastern Ontario. Unpublislhed Ph.D. thesis, Queen's University, Ontario, p. 77"
Leo Lake sk,1159.0,6.0,6.0,Ar/Ar,Cooling,Skarn,Hornblende,Ar Furnace-Step,Unverified,Grenville Province,ON,44.45006,-76.26636,Location approximate.,Frontenac terrane - Leo Lake pluton,Metamorphic,Skarn,"Grammatikopoulos, T.A.L., 1997. Tectonic implications of U-Pb and 40Ar/39Ar ages of plutons and wollastonite skarns in the Sharbot Lake and Frontenac terranes, Central Metasedimentary Belt, Grenville Province, Southeastern Ontario. Unpublislhed Ph.D. thesis, Queen's University, Ontario, p. 77"
Leo Lake sk,1258.0,4.0,4.0,Ar/Ar,Cooling,Skarn,Phlogopite,Ar Furnace-Step,Unverified,Grenville Province,ON,44.45006,-76.26636,Location approximate.,Frontenac terrane - Leo Lake pluton,Metamorphic,Skarn,"Grammatikopoulos, T.A.L., 1997. Tectonic implications of U-Pb and 40Ar/39Ar ages of plutons and wollastonite skarns in the Sharbot Lake and Frontenac terranes, Central Metasedimentary Belt, Grenville Province, Southeastern Ontario. Unpublislhed Ph.D. thesis, Queen's University, Ontario, p. 77"
GF-18,935.0,0.0,0.0,Ar/Ar,Cooling,granitoid orthogneiss,K-Feldspar,Ar Furnace-Step,Estimate,Grenville Province,ON,45.99587,-81.27071,"N shore of Collins Inlet, approx. 2.5 km E of Mill Lake, Georgian Bay. Coordinates approximated from undatumed sketch map in report.",Grenville Front Tectonic Zone - unknown,Metamorphic,granitoid orthogneiss,"Haggart, M.J., Jamieson, R.A., Reynolds, P.H., Krogh, T.E., Beaumont, C. and Culshaw, N.G., 1993. Last gasp of the Grenville Orogeny: Thermonchronology of the Grenville Front Tectonic Zone near Killarney, Ontario; Journal of Geology, v. 101, p. 575-58"
ND-88,937.0,5.0,5.0,Ar/Ar,Cooling,from quartzite-pelite-amphibolite assemblage,Muscovite,Ar Furnace-Step,Direct,Grenville Province,ON,46.00421,-81.21655,"N shore of Mill Lake, at Philips Edwards Island in Georgian Bay. NCoordinates approximated from undatumed sketch map in report.",Grenville Front Tectonic Zone - from quartzite-pelite-amphibolite assemblage,Metamorphic,from quartzite-pelite-amphibolite assemblage,"Haggart, M.J., Jamieson, R.A., Reynolds, P.H., Krogh, T.E., Beaumont, C. and Culshaw, N.G., 1993. Last gasp of the Grenville Orogeny: Thermonchronology of the Grenville Front Tectonic Zone near Killarney, Ontario; Journal of Geology, v. 101, p. 575-58"
CI-20,942.0,0.0,0.0,Ar/Ar,Cooling,granitoid orthogneiss,K-Feldspar,Ar Furnace-Step,Estimate,Grenville Province,ON,45.99726,-81.18738,"On N shore of Philips Edward Island, just E of Mill Lake, Georgian Bay. Coordinates approximated from undatumed sketch map in report.",Grenville Front Tectonic Zone - unknown,Metamorphic,granitoid orthogneiss,"Haggart, M.J., Jamieson, R.A., Reynolds, P.H., Krogh, T.E., Beaumont, C. and Culshaw, N.G., 1993. Last gasp of the Grenville Orogeny: Thermonchronology of the Grenville Front Tectonic Zone near Killarney, Ontario; Journal of Geology, v. 101, p. 575-58"
GF-8,960.0,7.0,7.0,Ar/Ar,Cooling,from quartzite-pelite-amphibolite assemblage,Biotite,Ar Furnace-Step,Direct,Grenville Province,ON,45.98337,-81.22905,"E shore of Mill Lake, on Philip Edward Island, Georgian Bay. Coordinates approximated from undatumed sketch map in report.",Grenville Front Tectonic Zone - unknown,Metamorphic,from quartzite-pelite-amphibolite assemblage,"Haggart, M.J., Jamieson, R.A., Reynolds, P.H., Krogh, T.E., Beaumont, C. and Culshaw, N.G., 1993. Last gasp of the Grenville Orogeny: Thermonchronology of the Grenville Front Tectonic Zone near Killarney, Ontario; Journal of Geology, v. 101, p. 575-58"
TK83-40Z,978.0,13.0,13.0,U/Pb,Metamorphic,granitoid orthogneiss,"Zircon, Titanite",TIMS,Direct,Grenville Province,ON,46.00421,-81.16237,"Composite age, from various samples of orthogneiss along the S shore of Collins Inlet (Philip Edward Island). Coordinates approximated from undatumed sketch map in report.",Grenville Front Tectonic Zone - unknown,Metamorphic,granitoid orthogneiss,"Haggart, M.J., Jamieson, R.A., Reynolds, P.H., Krogh, T.E., Beaumont, C. and Culshaw, N.G., 1993. Last gasp of the Grenville Orogeny: Thermonchronology of the Grenville Front Tectonic Zone near Killarney, Ontario; Journal of Geology, v. 101, p. 575-58"
GF-35,980.0,0.0,0.0,Ar/Ar,Cooling,granitoid gneiss,K-Feldspar,Ar Furnace-Step,Estimate,Grenville Province,ON,46.00282,-81.16237,"NE shore of Phillips Edward Island, Georgian Bay. Coordinates approximated from undatumed sketch map in report.",Grenville Front Tectonic Zone - unknown,Metamorphic,granitoid gneiss,"Haggart, M.J., Jamieson, R.A., Reynolds, P.H., Krogh, T.E., Beaumont, C. and Culshaw, N.G., 1993. Last gasp of the Grenville Orogeny: Thermonchronology of the Grenville Front Tectonic Zone near Killarney, Ontario; Journal of Geology, v. 101, p. 575-58"
GF-35,986.0,9.0,9.0,Ar/Ar,Cooling,granitoid gneiss,Hornblende,Ar Furnace-Step,Direct,Grenville Province,ON,46.00282,-81.16237,"NE shore of Phillips Edward Island, Georgian Bay. Coordinates approximated from undatumed sketch map in report.",Grenville Front Tectonic Zone - unknown,Metamorphic,granitoid gneiss,"Haggart, M.J., Jamieson, R.A., Reynolds, P.H., Krogh, T.E., Beaumont, C. and Culshaw, N.G., 1993. Last gasp of the Grenville Orogeny: Thermonchronology of the Grenville Front Tectonic Zone near Killarney, Ontario; Journal of Geology, v. 101, p. 575-58"
GF-34,1001.0,5.0,5.0,Ar/Ar,Cooling,granitoid orthogneiss,Hornblende,Ar Furnace-Step,Direct,Grenville Province,ON,46.00282,-81.16237,"N shore of inlet between Mill Lake and Beaverstone Bay, at Philips Edward Island, Georgian Bay. Coordinates approximated from undatumed sketch map in report.",Grenville Front Tectonic Zone - unknown,Metamorphic,granitoid orthogneiss,"Haggart, M.J., Jamieson, R.A., Reynolds, P.H., Krogh, T.E., Beaumont, C. and Culshaw, N.G., 1993. Last gasp of the Grenville Orogeny: Thermonchronology of the Grenville Front Tectonic Zone near Killarney, Ontario; Journal of Geology, v. 101, p. 575-58"
CI-19,1003.0,5.0,5.0,Ar/Ar,Cooling,Gneiss,Hornblende,Ar Furnace-Step,Direct,Grenville Province,ON,46.00282,-81.19571,"N shore of inlet between Mill Lake and Beaverstone Bay, at Philips Edward Island, Georgian Bay. Coordinates approximated from undatumed sketch map in report.",Grenville Front Tectonic Zone - unknown,Metamorphic,Gneiss,"Haggart, M.J., Jamieson, R.A., Reynolds, P.H., Krogh, T.E., Beaumont, C. and Culshaw, N.G., 1993. Last gasp of the Grenville Orogeny: Thermonchronology of the Grenville Front Tectonic Zone near Killarney, Ontario; Journal of Geology, v. 101, p. 575-58"
CI-14,1007.0,0.0,0.0,Ar/Ar,Cooling,granitoid gneiss,K-Feldspar,Ar Furnace-Step,Estimate,Grenville Province,ON,46.00421,-81.16237,"N shore of Beaverstone Bay, just N of NE tip of Philips Edward Island. Coordinates approximated from undatumed sketch map in report.",Grenville Front Tectonic Zone - unknown,Metamorphic,granitoid gneiss,"Haggart, M.J., Jamieson, R.A., Reynolds, P.H., Krogh, T.E., Beaumont, C. and Culshaw, N.G., 1993. Last gasp of the Grenville Orogeny: Thermonchronology of the Grenville Front Tectonic Zone near Killarney, Ontario; Journal of Geology, v. 101, p. 575-58"
GF-7,1037.0,10.0,10.0,Ar/Ar,Cooling,from quartzite-pelite-amphibolite assemblage,Biotite,Ar Furnace-Step,Estimate,Grenville Province,ON,45.98615,-81.23321,"Small island in Mill Lake, at Philip Edwards Island, Georgian Bay. Coordinates approximated from undatumed sketch map in report.",Grenville Front Tectonic Zone - unknown,Metamorphic,from quartzite-pelite-amphibolite assemblage,"Haggart, M.J., Jamieson, R.A., Reynolds, P.H., Krogh, T.E., Beaumont, C. and Culshaw, N.G., 1993. Last gasp of the Grenville Orogeny: Thermonchronology of the Grenville Front Tectonic Zone near Killarney, Ontario; Journal of Geology, v. 101, p. 575-58"
GF-8,1120.0,5.0,5.0,Ar/Ar,Cooling,from quartzite-pelite-amphibolite assemblage,Hornblende,Ar Furnace-Step,Estimate,Grenville Province,ON,45.98337,-81.22905,"E shore of Mill Lake, on Philip Edward Island, Georgian Bay. Coordinates approximated from undatumed sketch map in report.",Grenville Front Tectonic Zone - unknown,Metamorphic,from quartzite-pelite-amphibolite assemblage,"Haggart, M.J., Jamieson, R.A., Reynolds, P.H., Krogh, T.E., Beaumont, C. and Culshaw, N.G., 1993. Last gasp of the Grenville Orogeny: Thermonchronology of the Grenville Front Tectonic Zone near Killarney, Ontario; Journal of Geology, v. 101, p. 575-58"
GF-32,1200.0,0.0,0.0,Ar/Ar,Cooling,granitoid orthgneiss,Hornblende,Ar Furnace-Step,Estimate,Grenville Province,ON,45.99171,-81.33738,"N shore of Collins Inlet, approx. 8 km E of Mill Lake, Georgian Bay. Coordinates approximated from undatumed sketch map in report.",Grenville Front Tectonic Zone - unknown,Metamorphic,granitoid orthgneiss,"Haggart, M.J., Jamieson, R.A., Reynolds, P.H., Krogh, T.E., Beaumont, C. and Culshaw, N.G., 1993. Last gasp of the Grenville Orogeny: Thermonchronology of the Grenville Front Tectonic Zone near Killarney, Ontario; Journal of Geology, v. 101, p. 575-58"
CI-37,1214.0,10.0,10.0,Ar/Ar,Cooling,granitoid orthogneiss,Hornblende,Ar Furnace-Step,Direct,Grenville Province,ON,45.98754,-81.29988,"N shore of Collins Inlet, approx. 6 km E of Mill Lake, Georgian Bay. Coordinates approximated from undatumed sketch map in report.",Grenville Front Tectonic Zone - unknown,Metamorphic,granitoid orthogneiss,"Haggart, M.J., Jamieson, R.A., Reynolds, P.H., Krogh, T.E., Beaumont, C. and Culshaw, N.G., 1993. Last gasp of the Grenville Orogeny: Thermonchronology of the Grenville Front Tectonic Zone near Killarney, Ontario; Journal of Geology, v. 101, p. 575-58"
GF-35,1248.0,10.0,10.0,Ar/Ar,Cooling,granitoid gneiss,Biotite,Ar Furnace-Step,Uncertain,Grenville Province,ON,46.00282,-81.16237,"NE shore of Phillips Edward Island, Georgian Bay. Coordinates approximated from undatumed sketch map in report.",Grenville Front Tectonic Zone - unknown,Metamorphic,granitoid gneiss,"Haggart, M.J., Jamieson, R.A., Reynolds, P.H., Krogh, T.E., Beaumont, C. and Culshaw, N.G., 1993. Last gasp of the Grenville Orogeny: Thermonchronology of the Grenville Front Tectonic Zone near Killarney, Ontario; Journal of Geology, v. 101, p. 575-58"
GF-19,1256.0,10.0,10.0,Ar/Ar,Cooling,grantoid orthogneiss,Biotite,Ar Furnace-Step,Uncertain,Grenville Province,ON,45.99171,-81.28738,"N shore of Collins Inlet, approx. 4 km E of Mill Lake, Georgian Bay. Coordinates approximated from undatumed sketch map in report.",Grenville Front Tectonic Zone - unknown,Metamorphic,grantoid orthogneiss,"Haggart, M.J., Jamieson, R.A., Reynolds, P.H., Krogh, T.E., Beaumont, C. and Culshaw, N.G., 1993. Last gasp of the Grenville Orogeny: Thermonchronology of the Grenville Front Tectonic Zone near Killarney, Ontario; Journal of Geology, v. 101, p. 575-58"
TK83-40Z,1454.0,8.0,8.0,U/Pb,Protolith age,granitoid orthogneiss,"Zircon, Titanite",TIMS,Direct,Grenville Province,ON,46.00421,-81.16237,"Composite age, from various samples of orthogneiss along the S shore of Collins Inlet (Philip Edward Island). Coordinates approximated from undatumed sketch map in report.",Grenville Front Tectonic Zone - unknown,Metamorphic,granitoid orthogneiss,"Haggart, M.J., Jamieson, R.A., Reynolds, P.H., Krogh, T.E., Beaumont, C. and Culshaw, N.G., 1993. Last gasp of the Grenville Orogeny: Thermonchronology of the Grenville Front Tectonic Zone near Killarney, Ontario; Journal of Geology, v. 101, p. 575-58"
Frederic Inlet,1001.0,4.0,4.0,U/Pb,Metamorphic,pseudoeclogite,Zircon,TIMS,Unverified,Grenville Province,ON,45.49172,-80.44152,Twin Doves Isl. Coordinates approximate.,Shawanga shear zone - Frederic Inlet pseudoecologite,Metamorphic,pseudoeclogite,"Ketchum, J.W.F. and Krogh, T.E., 1997. U-Pb constraints on high-pressure metamorphism in the Central Gneiss Belt, southwestern Grenville Orogen; Program with Abstracts - Geological Association of Canada; Mineralogical Association of Canada, Vol. 22, p. 78-7"
Rosseau,1016.0,32.0,46.0,U/Pb,Metamorphic,Mafic gneiss,Zircon,TIMS,Unverified,Grenville Province,ON,45.19172,-79.62482,Rosseau,Rosseau domain - Juddhaven pseudoecologite,Metamorphic,Mafic gneiss,"Ketchum, J.W.F. and Krogh, T.E., 1997. U-Pb constraints on high-pressure metamorphism in the Central Gneiss Belt, southwestern Grenville Orogen; Program with Abstracts - Geological Association of Canada; Mineralogical Association of Canada, Vol. 22, p. 78-7"
Emsdale,1048.0,30.0,30.0,U/Pb,Metamorphic,Mafic gneiss,Zircon,TIMS,Unverified,Grenville Province,ON,45.55005,-79.24982,,Kiosk domain - Emsdale pseudoecologite,Metamorphic,Mafic gneiss,"Ketchum, J.W.F. and Krogh, T.E., 1997. U-Pb constraints on high-pressure metamorphism in the Central Gneiss Belt, southwestern Grenville Orogen; Program with Abstracts - Geological Association of Canada; Mineralogical Association of Canada, Vol. 22, p. 78-7"
Britt-Shawanaga,1088.0,3.0,3.0,U/Pb,Metamorphic,Mafic gneiss,Zircon,TIMS,Unverified,Grenville Province,ON,45.87505,-79.75816,,Shawanga shear zone - Arnstein pseudoecologite,Metamorphic,Mafic gneiss,"Ketchum, J.W.F. and Krogh, T.E., 1997. U-Pb constraints on high-pressure metamorphism in the Central Gneiss Belt, southwestern Grenville Orogen; Program with Abstracts - Geological Association of Canada; Mineralogical Association of Canada, Vol. 22, p. 78-7"
Go Home p-eclogite,1089.0,2.0,2.0,U/Pb,Metamorphic,gneiss,Zircon,TIMS,Unverified,Grenville Province,ON,44.81255,-79.78316,,Go Home domain - Go Home pseudoeclogite,Metamorphic,gneiss,"Ketchum, J.W.F. and Krogh, T.E., 1997. U-Pb constraints on high-pressure metamorphism in the Central Gneiss Belt, southwestern Grenville Orogen; Program with Abstracts - Geological Association of Canada; Mineralogical Association of Canada, Vol. 22, p. 78-7"
Frederic Inlet,1091.0,11.0,11.0,U/Pb,Metamorphic,pseudoeclogite,Zircon,TIMS,Unverified,Grenville Province,ON,45.49172,-80.44152,Twin Doves Isl. Coordinates approximate.,Shawanga shear zone - Frederic Inlet pseudoecologite,Metamorphic,pseudoeclogite,"Ketchum, J.W.F. and Krogh, T.E., 1997. U-Pb constraints on high-pressure metamorphism in the Central Gneiss Belt, southwestern Grenville Orogen; Program with Abstracts - Geological Association of Canada; Mineralogical Association of Canada, Vol. 22, p. 78-7"
Frederic Inlet,1095.0,0.0,0.0,U/Pb,Metamorphic,pseudoeclogite,Zircon,TIMS,Unverified,Grenville Province,ON,45.49172,-80.44152,Twin Doves Isl. Coordinates approximate.,Shawanga shear zone - Frederic Inlet pseudoecologite,Metamorphic,pseudoeclogite,"Ketchum, J.W.F. and Krogh, T.E., 1997. U-Pb constraints on high-pressure metamorphism in the Central Gneiss Belt, southwestern Grenville Orogen; Program with Abstracts - Geological Association of Canada; Mineralogical Association of Canada, Vol. 22, p. 78-7"
Frederic Inlet,1121.0,12.0,12.0,U/Pb,Protolith age,pseudoeclogite,Zircon,TIMS,Unverified,Grenville Province,ON,45.49172,-80.44152,Twin Doves Isl. Coordinates approximate.,Shawanga shear zone - Frederic Inlet pseudoecologite,Metamorphic,pseudoeclogite,"Ketchum, J.W.F. and Krogh, T.E., 1997. U-Pb constraints on high-pressure metamorphism in the Central Gneiss Belt, southwestern Grenville Orogen; Program with Abstracts - Geological Association of Canada; Mineralogical Association of Canada, Vol. 22, p. 78-7"
Emsdale,1396.0,15.0,13.0,U/Pb,Protolith age,Mafic gneiss,Zircon,TIMS,Unverified,Grenville Province,ON,45.55005,-79.24982,,Kiosk domain - Emsdale pseudoecologite,Metamorphic,Mafic gneiss,"Ketchum, J.W.F. and Krogh, T.E., 1997. U-Pb constraints on high-pressure metamorphism in the Central Gneiss Belt, southwestern Grenville Orogen; Program with Abstracts - Geological Association of Canada; Mineralogical Association of Canada, Vol. 22, p. 78-7"
Rosseau,1441.0,86.0,72.0,U/Pb,Protolith age,Mafic gneiss,Zircon,TIMS,Unverified,Grenville Province,ON,45.19172,-79.62482,Rosseau,Rosseau domain - Juddhaven pseudoecologite,Metamorphic,Mafic gneiss,"Ketchum, J.W.F. and Krogh, T.E., 1997. U-Pb constraints on high-pressure metamorphism in the Central Gneiss Belt, southwestern Grenville Orogen; Program with Abstracts - Geological Association of Canada; Mineralogical Association of Canada, Vol. 22, p. 78-7"
Go Home p-eclogite,1469.0,11.0,11.0,U/Pb,Protolith age,gneiss,Zircon,TIMS,Unverified,Grenville Province,ON,44.81255,-79.78316,,Go Home domain - Go Home pseudoeclogite,Metamorphic,gneiss,"Ketchum, J.W.F. and Krogh, T.E., 1997. U-Pb constraints on high-pressure metamorphism in the Central Gneiss Belt, southwestern Grenville Orogen; Program with Abstracts - Geological Association of Canada; Mineralogical Association of Canada, Vol. 22, p. 78-7"
DS-1,956.0,0.0,0.0,U/Pb,Metamorphic,gneiss,Titanite,TIMS,Estimate,Grenville Province,ON,45.46801,-80.39094,Georgian Bay area. UTM's for these samples are given Appendix A,"Central Gneiss Belt, Shawanaga domain - unknown",Metamorphic,gneiss,"Ketchum, J.W.F., Heaman, L.M., Krogh, T.E., Culshaw, N.G. and Jamieson, R.A., 1998. Timing and thermal infleuence of late orogenic extension in the lower crust: a U-Pb geochronological study from the southwest Grenville orogen, Canada; Precambrian Research, v. 89, p. 25-4"
GC89-123,958.0,0.0,0.0,U/Pb,Metamorphic,gneiss,Titanite,TIMS,Estimate,Grenville Province,ON,45.52483,-80.4121,Georgian Bay area. UTM's for these samples are given Appendix A,"Central Gneiss Belt, Britt domain - unknown",Metamorphic,gneiss,"Ketchum, J.W.F., Heaman, L.M., Krogh, T.E., Culshaw, N.G. and Jamieson, R.A., 1998. Timing and thermal infleuence of late orogenic extension in the lower crust: a U-Pb geochronological study from the southwest Grenville orogen, Canada; Precambrian Research, v. 89, p. 25-4"
GC89-127,966.0,0.0,0.0,U/Pb,Metamorphic,gneiss,Titanite,TIMS,Estimate,Grenville Province,ON,45.50417,-80.42128,Georgian Bay area. UTM's for these samples are given Appendix A,"Central Gneiss Belt, Shawanaga domain - unknown",Metamorphic,gneiss,"Ketchum, J.W.F., Heaman, L.M., Krogh, T.E., Culshaw, N.G. and Jamieson, R.A., 1998. Timing and thermal infleuence of late orogenic extension in the lower crust: a U-Pb geochronological study from the southwest Grenville orogen, Canada; Precambrian Research, v. 89, p. 25-4"
DS-1,967.0,0.0,0.0,U/Pb,Metamorphic,gneiss,Titanite,TIMS,Estimate,Grenville Province,ON,45.46801,-80.39094,Georgian Bay area. UTM's for these samples are given Appendix A,"Central Gneiss Belt, Shawanaga domain - unknown",Metamorphic,gneiss,"Ketchum, J.W.F., Heaman, L.M., Krogh, T.E., Culshaw, N.G. and Jamieson, R.A., 1998. Timing and thermal infleuence of late orogenic extension in the lower crust: a U-Pb geochronological study from the southwest Grenville orogen, Canada; Precambrian Research, v. 89, p. 25-4"
TK84-91,985.0,0.0,0.0,U/Pb,Metamorphic,gneiss,Titanite,TIMS,Direct,Grenville Province,ON,45.57395,-80.34238,Georgian Bay area. UTM's for these samples are given Appendix A,"Central Gneiss Belt, Britt Domain - unknown",Metamorphic,gneiss,"Ketchum, J.W.F., Heaman, L.M., Krogh, T.E., Culshaw, N.G. and Jamieson, R.A., 1998. Timing and thermal infleuence of late orogenic extension in the lower crust: a U-Pb geochronological study from the southwest Grenville orogen, Canada; Precambrian Research, v. 89, p. 25-4"
GC91-269,988.0,2.0,2.0,U/Pb,Igneous Crystallization,"pegmatite dyke, post-kinematic",Zircon,TIMS,Estimate,Grenville Province,ON,45.49447,-80.46233,Georgian Bay area. UTM's for these samples are given Appendix A,"Central Gneiss Belt, Shawanga domain - Shawanga shear zone, cuts Point-au-Baril complex",Plutonic,"pegmatite dyke, post-kinematic","Ketchum, J.W.F., Heaman, L.M., Krogh, T.E., Culshaw, N.G. and Jamieson, R.A., 1998. Timing and thermal infleuence of late orogenic extension in the lower crust: a U-Pb geochronological study from the southwest Grenville orogen, Canada; Precambrian Research, v. 89, p. 25-4"
GC89-118,1000.0,0.0,0.0,U/Pb,Metamorphic,gneiss,Titanite,TIMS,Estimate,Grenville Province,ON,45.57214,-80.52055,Georgian Bay area. UTM's for these samples are given Appendix A,"Central Gneiss Belt, Britt domain - unknown",Metamorphic,gneiss,"Ketchum, J.W.F., Heaman, L.M., Krogh, T.E., Culshaw, N.G. and Jamieson, R.A., 1998. Timing and thermal infleuence of late orogenic extension in the lower crust: a U-Pb geochronological study from the southwest Grenville orogen, Canada; Precambrian Research, v. 89, p. 25-4"
GC89-122,1000.0,0.0,0.0,U/Pb,Metamorphic,gneiss,Titanite,TIMS,Estimate,Grenville Province,ON,45.53938,-80.44141,Georgian Bay area. UTM's for these samples are given Appendix A,"Central Gneiss Belt, Britt domain - unknown",Metamorphic,gneiss,"Ketchum, J.W.F., Heaman, L.M., Krogh, T.E., Culshaw, N.G. and Jamieson, R.A., 1998. Timing and thermal infleuence of late orogenic extension in the lower crust: a U-Pb geochronological study from the southwest Grenville orogen, Canada; Precambrian Research, v. 89, p. 25-4"
GC89-118,1004.0,0.0,0.0,U/Pb,Metamorphic,gneiss,Titanite,TIMS,Estimate,Grenville Province,ON,45.57214,-80.52055,Georgian Bay area. UTM's for these samples are given Appendix A,"Central Gneiss Belt, Britt domain - unknown",Metamorphic,gneiss,"Ketchum, J.W.F., Heaman, L.M., Krogh, T.E., Culshaw, N.G. and Jamieson, R.A., 1998. Timing and thermal infleuence of late orogenic extension in the lower crust: a U-Pb geochronological study from the southwest Grenville orogen, Canada; Precambrian Research, v. 89, p. 25-4"
GC89-119,1005.0,0.0,0.0,U/Pb,Metamorphic,gneiss,Titanite,TIMS,Direct,Grenville Province,ON,45.55855,-80.50016,Georgian Bay area. UTM's for these samples are given Appendix A,"Central Gneiss Belt, Britt domain - unknown",Metamorphic,gneiss,"Ketchum, J.W.F., Heaman, L.M., Krogh, T.E., Culshaw, N.G. and Jamieson, R.A., 1998. Timing and thermal infleuence of late orogenic extension in the lower crust: a U-Pb geochronological study from the southwest Grenville orogen, Canada; Precambrian Research, v. 89, p. 25-4"
DS-4,1008.0,0.0,0.0,U/Pb,Metamorphic,gneiss,Titanite,TIMS,Estimate,Grenville Province,ON,45.50688,-80.42253,Georgian Bay area. UTM's for these samples are given Appendix A,"Central Gneiss Belt, Shawanaga domain - unknown",Metamorphic,gneiss,"Ketchum, J.W.F., Heaman, L.M., Krogh, T.E., Culshaw, N.G. and Jamieson, R.A., 1998. Timing and thermal infleuence of late orogenic extension in the lower crust: a U-Pb geochronological study from the southwest Grenville orogen, Canada; Precambrian Research, v. 89, p. 25-4"
DS-3,1018.0,0.0,0.0,U/Pb,Metamorphic,gneiss,Titanite,TIMS,Direct,Grenville Province,ON,45.46443,-80.39354,Georgian Bay area. UTM's for these samples are given Appendix A,"Central Gneiss Belt, Shawanaga domain - unknown",Metamorphic,gneiss,"Ketchum, J.W.F., Heaman, L.M., Krogh, T.E., Culshaw, N.G. and Jamieson, R.A., 1998. Timing and thermal infleuence of late orogenic extension in the lower crust: a U-Pb geochronological study from the southwest Grenville orogen, Canada; Precambrian Research, v. 89, p. 25-4"
GC91-267a,1019.0,4.0,4.0,U/Pb,Igneous Crystallization,"pegmatite dyke, late syn-kinematic",Zircon,TIMS,Direct,Grenville Province,ON,45.4981,-80.46742,Georgian Bay area. UTM's for these samples are given Appendix A,"Central Gneiss Belt, Shawanga domain - Shawanga shear zone, cuts Point-au-Baril complex",Plutonic,"pegmatite dyke, late syn-kinematic","Ketchum, J.W.F., Heaman, L.M., Krogh, T.E., Culshaw, N.G. and Jamieson, R.A., 1998. Timing and thermal infleuence of late orogenic extension in the lower crust: a U-Pb geochronological study from the southwest Grenville orogen, Canada; Precambrian Research, v. 89, p. 25-4"
GC91-270,1021.0,23.0,23.0,U/Pb,Reset,"pegmatite, pre-kinematic: contains relict coarse-grained feldspar in strongly recrystallized quartzofeldspathic matrix",Zircon,TIMS,Direct,Grenville Province,ON,45.48815,-80.45727,Georgian Bay area. UTM's for these samples are given Appendix A,"Central Gneiss Belt - cuts Pointe-au-Baril complex, Shawanaga shear zone",Plutonic,"pegmatite, pre-kinematic: contains relict coarse-grained feldspar in strongly recrystallized quartzofeldspathic matrix","Ketchum, J.W.F., Heaman, L.M., Krogh, T.E., Culshaw, N.G. and Jamieson, R.A., 1998. Timing and thermal infleuence of late orogenic extension in the lower crust: a U-Pb geochronological study from the southwest Grenville orogen, Canada; Precambrian Research, v. 89, p. 25-4"
GC89-124,1022.0,0.0,0.0,U/Pb,Metamorphic,gneiss,Titanite,TIMS,Estimate,Grenville Province,ON,45.50132,-80.39186,Georgian Bay area. UTM's for these samples are given Appendix A,"Central Gneiss Belt, Shawanaga domain - unknown",Metamorphic,gneiss,"Ketchum, J.W.F., Heaman, L.M., Krogh, T.E., Culshaw, N.G. and Jamieson, R.A., 1998. Timing and thermal infleuence of late orogenic extension in the lower crust: a U-Pb geochronological study from the southwest Grenville orogen, Canada; Precambrian Research, v. 89, p. 25-4"
GC89-119,1024.0,0.0,0.0,U/Pb,Metamorphic,gneiss,Titanite,TIMS,Estimate,Grenville Province,ON,45.55855,-80.50016,Georgian Bay area. UTM's for these samples are given Appendix A,"Central Gneiss Belt, Britt domain - unknown",Metamorphic,gneiss,"Ketchum, J.W.F., Heaman, L.M., Krogh, T.E., Culshaw, N.G. and Jamieson, R.A., 1998. Timing and thermal infleuence of late orogenic extension in the lower crust: a U-Pb geochronological study from the southwest Grenville orogen, Canada; Precambrian Research, v. 89, p. 25-4"
LH89-12,1025.0,0.0,0.0,U/Pb,Metamorphic,gneiss,Titanite,TIMS,Direct,Grenville Province,ON,45.46021,-80.15567,Georgian Bay area. UTM's for these samples are given Appendix A,"Central Gneiss Belt, Shawanaga domain - unknown",Metamorphic,gneiss,"Ketchum, J.W.F., Heaman, L.M., Krogh, T.E., Culshaw, N.G. and Jamieson, R.A., 1998. Timing and thermal infleuence of late orogenic extension in the lower crust: a U-Pb geochronological study from the southwest Grenville orogen, Canada; Precambrian Research, v. 89, p. 25-4"
LH89-11,1026.0,0.0,0.0,U/Pb,Metamorphic,gneiss,Titanite,TIMS,Estimate,Grenville Province,ON,45.46021,-80.15567,Georgian Bay area. UTM's for these samples are given Appendix A,"Central Gneiss Belt, Shawanaga domain - unknown",Metamorphic,gneiss,"Ketchum, J.W.F., Heaman, L.M., Krogh, T.E., Culshaw, N.G. and Jamieson, R.A., 1998. Timing and thermal infleuence of late orogenic extension in the lower crust: a U-Pb geochronological study from the southwest Grenville orogen, Canada; Precambrian Research, v. 89, p. 25-4"
GC89-128,1028.0,0.0,0.0,U/Pb,Metamorphic,gneiss,Titanite,TIMS,Estimate,Grenville Province,ON,45.53666,-80.43759,Georgian Bay area. UTM's for these samples are given Appendix A,"Central Gneiss Belt, Britt domain - unknown",Metamorphic,gneiss,"Ketchum, J.W.F., Heaman, L.M., Krogh, T.E., Culshaw, N.G. and Jamieson, R.A., 1998. Timing and thermal infleuence of late orogenic extension in the lower crust: a U-Pb geochronological study from the southwest Grenville orogen, Canada; Precambrian Research, v. 89, p. 25-4"
GC91-270,1042.0,4.0,2.0,U/Pb,Igneous Crystallization,"pegmatite, pre-kinematic: contains relict coarse-grained feldspar in strongly recrystallized quartzofeldspathic matrix",Zircon,TIMS,Direct,Grenville Province,ON,45.48815,-80.45727,Georgian Bay area. UTM's for these samples are given Appendix A,"Central Gneiss Belt - cuts Pointe-au-Baril complex, Shawanaga shear zone",Plutonic,"pegmatite, pre-kinematic: contains relict coarse-grained feldspar in strongly recrystallized quartzofeldspathic matrix","Ketchum, J.W.F., Heaman, L.M., Krogh, T.E., Culshaw, N.G. and Jamieson, R.A., 1998. Timing and thermal infleuence of late orogenic extension in the lower crust: a U-Pb geochronological study from the southwest Grenville orogen, Canada; Precambrian Research, v. 89, p. 25-4"
LH89-11,1045.0,0.0,0.0,U/Pb,Metamorphic,gneiss,Titanite,TIMS,Estimate,Grenville Province,ON,45.46021,-80.15567,Georgian Bay area. UTM's for these samples are given Appendix A,"Central Gneiss Belt, Shawanaga domain - unknown",Metamorphic,gneiss,"Ketchum, J.W.F., Heaman, L.M., Krogh, T.E., Culshaw, N.G. and Jamieson, R.A., 1998. Timing and thermal infleuence of late orogenic extension in the lower crust: a U-Pb geochronological study from the southwest Grenville orogen, Canada; Precambrian Research, v. 89, p. 25-4"
TK84-92,1049.0,0.0,0.0,U/Pb,Metamorphic,gneiss,Titanite,TIMS,Estimate,Grenville Province,ON,45.57578,-80.3462,Georgian Bay area. UTM's for these samples are given Appendix A,"Central Gneiss Belt, Britt domain - unknown",Metamorphic,gneiss,"Ketchum, J.W.F., Heaman, L.M., Krogh, T.E., Culshaw, N.G. and Jamieson, R.A., 1998. Timing and thermal infleuence of late orogenic extension in the lower crust: a U-Pb geochronological study from the southwest Grenville orogen, Canada; Precambrian Research, v. 89, p. 25-4"
GC91-267a,1457.0,10.0,11.0,U/Pb,Inheritance,"pegmatite dyke, late syn-kinematic",Zircon,TIMS,Direct,Grenville Province,ON,45.4981,-80.46742,Georgian Bay area. UTM's for these samples are given Appendix A,"Central Gneiss Belt, Shawanga domain - Shawanga shear zone, cuts Point-au-Baril complex",Plutonic,"pegmatite dyke, late syn-kinematic","Ketchum, J.W.F., Heaman, L.M., Krogh, T.E., Culshaw, N.G. and Jamieson, R.A., 1998. Timing and thermal infleuence of late orogenic extension in the lower crust: a U-Pb geochronological study from the southwest Grenville orogen, Canada; Precambrian Research, v. 89, p. 25-4"
GC91-270,1457.0,10.0,11.0,U/Pb,Inheritance,"pegmatite, pre-kinematic: contains relict coarse-grained feldspar in strongly recrystallized quartzofeldspathic matrix",Zircon,TIMS,Direct,Grenville Province,ON,45.48815,-80.45727,Georgian Bay area. UTM's for these samples are given Appendix A,"Central Gneiss Belt - cuts Pointe-au-Baril complex, Shawanaga shear zone",Plutonic,"pegmatite, pre-kinematic: contains relict coarse-grained feldspar in strongly recrystallized quartzofeldspathic matrix","Ketchum, J.W.F., Heaman, L.M., Krogh, T.E., Culshaw, N.G. and Jamieson, R.A., 1998. Timing and thermal infleuence of late orogenic extension in the lower crust: a U-Pb geochronological study from the southwest Grenville orogen, Canada; Precambrian Research, v. 89, p. 25-4"
89-73a,1433.0,1.0,1.0,U/Pb,Metamorphic,mafic granulite,Zircon,TIMS,Direct,Grenville Province,ON,45.56204,-80.4745,"Georgian Bay area. UTM's for these samples are given in Ketchum et al (1998) Precamb Research, Appendix A",central Britt domain - unknown,Metamorphic,mafic granulite,"Ketchum, J.W.F., Jamieson, R.A., Heaman, L.M., Culshaw, N.G. and Krogh, T.E., 1994. 1.45 Ga granulites in the southwestern Grenville Province: geologic setting, P-T conditions, and U-Pb geochronology; Geology, v. 22, p. 215-21"
91-266,1448.0,1.0,1.0,U/Pb,Metamorphic,coarse-grained leucosome in mafic granulite (gneiss),Zircon,TIMS,Direct,Grenville Province,ON,45.56734,-80.45395,"Georgian Bay area. UTM's for these samples are given in Ketchum et al (1998) Precamb Research, Appendix A",central Britt domain - unknown,Metamorphic,coarse-grained leucosome in mafic granulite (gneiss),"Ketchum, J.W.F., Jamieson, R.A., Heaman, L.M., Culshaw, N.G. and Krogh, T.E., 1994. 1.45 Ga granulites in the southwestern Grenville Province: geologic setting, P-T conditions, and U-Pb geochronology; Geology, v. 22, p. 215-21"
89-73a,1452.0,2.0,2.0,U/Pb,Metamorphic,mafic granulite,Zircon,TIMS,Direct,Grenville Province,ON,45.56204,-80.4745,"Georgian Bay area. UTM's for these samples are given in Ketchum et al (1998) Precamb Research, Appendix A",central Britt domain - unknown,Metamorphic,mafic granulite,"Ketchum, J.W.F., Jamieson, R.A., Heaman, L.M., Culshaw, N.G. and Krogh, T.E., 1994. 1.45 Ga granulites in the southwestern Grenville Province: geologic setting, P-T conditions, and U-Pb geochronology; Geology, v. 22, p. 215-21"
1 GF zone peg,827.0,151.0,151.0,U/Pb,Pb Loss,"quartz K-feldspar biotite pegmatite, rotated into concordant with regional foliation and converted to coarse-grained gneiss with disccrete SE-dipping shear planes and sigmoidal augen","Zircon, Monazite",TIMS,Estimate,Grenville Province,QC,47.60008,-77.22888,"S of Val d'Or, 35 km SE of Front. Coordinates interpolated from regional-scale sketch map in report (approximate)",Grenville Front Zone - Val d'Or gneiss,Metamorphic,"quartz K-feldspar biotite pegmatite, rotated into concordant with regional foliation and converted to coarse-grained gneiss with disccrete SE-dipping shear planes and sigmoidal augen","Martignole, J. and Friedman, R., 1998. Geochronological constraints on the last stages of terrane assembly in the central part of the Grenville Province; Precambrian Research, v. 92, p. 145-16"
5 Renzy peg,982.9,3.0,3.0,U/Pb,Cooling,pegmatite,Monazite,TIMS,Direct,Grenville Province,QC,46.85006,-76.31635,Of Hwy 117. Coordinates interpolated from regional scale sketch map in report (approximate),Reservoir Dozois Terrane - Renzy shear zone,Plutonic,pegmatite,"Martignole, J. and Friedman, R., 1998. Geochronological constraints on the last stages of terrane assembly in the central part of the Grenville Province; Precambrian Research, v. 92, p. 145-16"
3 Cadgecrib gab,983.1,3.1,3.4,U/Pb,Cooling,"coarse-grained foliated metamorphosed (presence of sparse garnet coronas) gabbro, adjacent to shear zone",Titanite,TIMS,Direct,Grenville Province,QC,47.25007,-76.49967,"Off of Hwy 117, a few hundred m from Cadgecrib shear zone, 70 km SE of Grenville Fault. Coordinates interpolated from regional scale sketch map in report (approximate)",Reservoir Dozois Terrane - Cadgecrib gabbro,Plutonic,"coarse-grained foliated metamorphosed (presence of sparse garnet coronas) gabbro, adjacent to shear zone","Martignole, J. and Friedman, R., 1998. Geochronological constraints on the last stages of terrane assembly in the central part of the Grenville Province; Precambrian Research, v. 92, p. 145-16"
2 Cadgecrib peg,998.1,15.8,6.5,U/Pb,Igneous Crystallization,"late-kinematic pegmatite, cuts ductile fabrics of SZ and is itself slightly deformed",Zircon,TIMS,Direct,Grenville Province,QC,47.24785,-76.73497,"Off of Hwy 117, a few hundred m from Cadgecrib shear zone, 70 km SE of Grenville Fault. Coordinates interpolated from regional scale sketch map in report (approximate)",Reservoir Dozois Terrane - Cadgecrib Shear Zone,Plutonic,"late-kinematic pegmatite, cuts ductile fabrics of SZ and is itself slightly deformed","Martignole, J. and Friedman, R., 1998. Geochronological constraints on the last stages of terrane assembly in the central part of the Grenville Province; Precambrian Research, v. 92, p. 145-16"
4 Cabonga peg,998.4,9.0,5.2,U/Pb,Igneous Crystallization,"pegmatite, weakly deformed (small pegamatitic clots and isolated feldspar megacrysts apparently pulled from main mass of pegmatite, around which foliateion has been detected)",Zircon,TIMS,Estimate,Grenville Province,QC,47.23896,-76.58135,Off of Hwy 117. Coordinates interpolated from regional scale sketch map in report (approximate),Reservoir Dozois Terrane - Cabonga Thrust,Plutonic,"pegmatite, weakly deformed (small pegamatitic clots and isolated feldspar megacrysts apparently pulled from main mass of pegmatite, around which foliateion has been detected)","Martignole, J. and Friedman, R., 1998. Geochronological constraints on the last stages of terrane assembly in the central part of the Grenville Province; Precambrian Research, v. 92, p. 145-16"
5 Renzy peg,1003.0,4.1,4.8,U/Pb,Igneous Crystallization,pegmatite,Zircon,TIMS,Estimate,Grenville Province,QC,46.85006,-76.31635,Of Hwy 117. Coordinates interpolated from regional scale sketch map in report (approximate),Reservoir Dozois Terrane - Renzy shear zone,Plutonic,pegmatite,"Martignole, J. and Friedman, R., 1998. Geochronological constraints on the last stages of terrane assembly in the central part of the Grenville Province; Precambrian Research, v. 92, p. 145-16"
RF91-18A,1020.1,1.8,1.3,U/Pb,Igneous Crystallization,"quartz-plagioclase-biotite pegmatite in mylonitic rocks, approx. 3 cubic decametres in volume, cuts fabric associated with the Renzy Shear Zone",Zircon,TIMS,Direct,Grenville Province,QC,46.71395,-76.09967,"On Rt 117, approx. 0.5 km S of Lac du Faucard. oordinates interpolated from regional scale sketch map in report (approximate)",Reservoir Dozois Terrane - Baskatong shear zone,Plutonic,"quartz-plagioclase-biotite pegmatite in mylonitic rocks, approx. 3 cubic decametres in volume, cuts fabric associated with the Renzy Shear Zone","Martignole, J. and Friedman, R., 1998. Geochronological constraints on the last stages of terrane assembly in the central part of the Grenville Province; Precambrian Research, v. 92, p. 145-16"
RF92-2,1074.0,4.0,4.0,U/Pb,Igneous Crystallization,quartz monzonite dyke,Zircon,TIMS,Minimum Estimate,Grenville Province,QC,46.85698,-74.03849,N of Hwy 117. Coordinates interpolated from regional-scale sketch map in report (approximate),Reservoir Taureau Terrane - Taureau dyke,Plutonic,quartz monzonite dyke,"Martignole, J. and Friedman, R., 1998. Geochronological constraints on the last stages of terrane assembly in the central part of the Grenville Province; Precambrian Research, v. 92, p. 145-16"
RF92-1,1078.8,6.0,5.6,U/Pb,Igneous Crystallization,aplite dyke,Zircon,TIMS,Estimate,Grenville Province,QC,46.41394,-74.74963,N of Hwy 117. Coordinates interpolated from regional-scale sketch map in report (approximate),Morin Terrane - Macaza dyke,Plutonic,aplite dyke,"Martignole, J. and Friedman, R., 1998. Geochronological constraints on the last stages of terrane assembly in the central part of the Grenville Province; Precambrian Research, v. 92, p. 145-16"
4 Cabonga peg,1600.0,0.0,0.2,U/Pb,Inheritance,"pegmatite, weakly deformed (small pegamatitic clots and isolated feldspar megacrysts apparently pulled from main mass of pegmatite, around which foliateion has been detected)",Zircon,TIMS,Estimate,Grenville Province,QC,47.23896,-76.58135,Off of Hwy 117. Coordinates interpolated from regional scale sketch map in report (approximate),Reservoir Dozois Terrane - Cabonga Thrust,Plutonic,"pegmatite, weakly deformed (small pegamatitic clots and isolated feldspar megacrysts apparently pulled from main mass of pegmatite, around which foliateion has been detected)","Martignole, J. and Friedman, R., 1998. Geochronological constraints on the last stages of terrane assembly in the central part of the Grenville Province; Precambrian Research, v. 92, p. 145-16"
1 GF zone peg,2642.6,6.1,5.3,U/Pb,Protolith age,"quartz K-feldspar biotite pegmatite, rotated into concordant with regional foliation and converted to coarse-grained gneiss with disccrete SE-dipping shear planes and sigmoidal augen","Zircon, Monazite",TIMS,Estimate,Grenville Province,QC,47.60008,-77.22888,"S of Val d'Or, 35 km SE of Front. Coordinates interpolated from regional-scale sketch map in report (approximate)",Grenville Front Zone - Val d'Or gneiss,Metamorphic,"quartz K-feldspar biotite pegmatite, rotated into concordant with regional foliation and converted to coarse-grained gneiss with disccrete SE-dipping shear planes and sigmoidal augen","Martignole, J. and Friedman, R., 1998. Geochronological constraints on the last stages of terrane assembly in the central part of the Grenville Province; Precambrian Research, v. 92, p. 145-16"
MLT 17,813.0,9.0,9.0,Ar/Ar,Cooling,not specified,K-Feldspar,Ar Furnace-Step,Estimate,Grenville Province,QC,46.26672,-74.85796,Southwestern Quebec. Coordinates interpolated from regional-scale sketch map in report (approximate),Mont-Laurier terrane - unknown,Metamorphic,not specified,"Martignole, J. and Reynolds, P., 1997. 40Ar / 39Ar thermochronology along a western Quebec transect of the Grenville Province, Canada; Journal Of Metamorphic Geology, v. 15, p. 283-29"
MT 33,864.0,9.0,9.0,Ar/Ar,Cooling,unspecified material,K-Feldspar,Ar Furnace-Step,Estimate,Grenville Province,QC,46.18337,-74.63295,Southwestern Quebec. Coordinates interpolated from regional-scale sketch map in report (approximate),Morin terrane - unknown,Metamorphic,unspecified material,"Martignole, J. and Reynolds, P., 1997. 40Ar / 39Ar thermochronology along a western Quebec transect of the Grenville Province, Canada; Journal Of Metamorphic Geology, v. 15, p. 283-29"
MT 13,894.0,11.0,11.0,Ar/Ar,Cooling,not described,Biotite,Ar Furnace-Step,Direct,Grenville Province,QC,46.18338,-74.68295,Southwestern Quebec. Coordinates interpolated from regional-scale sketch map in report (approximate),Morin terrane - unknown,Metamorphic,not described,"Martignole, J. and Reynolds, P., 1997. 40Ar / 39Ar thermochronology along a western Quebec transect of the Grenville Province, Canada; Journal Of Metamorphic Geology, v. 15, p. 283-29"
MLT 17,906.0,8.0,8.0,Ar/Ar,Cooling,not specified,Biotite,Ar Furnace-Step,Direct,Grenville Province,QC,46.26672,-74.85796,Southwestern Quebec. Coordinates interpolated from regional-scale sketch map in report (approximate),Mont-Laurier terrane - unknown,Metamorphic,not specified,"Martignole, J. and Reynolds, P., 1997. 40Ar / 39Ar thermochronology along a western Quebec transect of the Grenville Province, Canada; Journal Of Metamorphic Geology, v. 15, p. 283-29"
MLT 34,907.0,5.0,5.0,Ar/Ar,Cooling,not specified,Muscovite,Ar Furnace-Step,Direct,Grenville Province,QC,46.23338,-74.93714,Southwestern Quebec. Coordinates interpolated from regional-scale sketch map in report (approximate),Mont-Laurier Terrane - unknown,Metamorphic,not specified,"Martignole, J. and Reynolds, P., 1997. 40Ar / 39Ar thermochronology along a western Quebec transect of the Grenville Province, Canada; Journal Of Metamorphic Geology, v. 15, p. 283-29"
GFZ 1,945.0,9.0,9.0,Ar/Ar,Cooling,not reported,Muscovite,Ar Furnace-Step,Direct,Grenville Province,QC,47.40841,-77.01637,"Approximatly 50 km south-east of the Grenville Front, southwestern Quebec. Coordinates interpolated from regional-scale sketch map in report (approximate)",Grenville Front Zone - unknown,Metamorphic,not reported,"Martignole, J. and Reynolds, P., 1997. 40Ar / 39Ar thermochronology along a western Quebec transect of the Grenville Province, Canada; Journal Of Metamorphic Geology, v. 15, p. 283-29"
RDT 8,955.0,9.0,9.0,Ar/Ar,Cooling,tonalitic to granodioritic migmatites with amphibolite-grade mafic boudins and a few leucocratic granites,Hornblende,Ar Furnace-Step,Direct,Grenville Province,QC,46.86256,-76.44135,Southwestern Quebec. Coordinates interpolated from regional-scale sketch map in report (approximate),Reservoir Dozois terrane - unknown,Metamorphic,tonalitic to granodioritic migmatites with amphibolite-grade mafic boudins and a few leucocratic granites,"Martignole, J. and Reynolds, P., 1997. 40Ar / 39Ar thermochronology along a western Quebec transect of the Grenville Province, Canada; Journal Of Metamorphic Geology, v. 15, p. 283-29"
RDT 3,966.0,8.0,8.0,Ar/Ar,Cooling,tonalitic to granodioritic migmatites with amphibolite-grade mafic boudins and a few leucocratic granites,Hornblende,Ar Furnace-Step,Direct,Grenville Province,QC,46.80839,-76.35246,Southwestern Quebec. Coordinates interpolated from regional-scale sketch map in report (approximate),Reservoir Dozois terrane - unknown,Metamorphic,tonalitic to granodioritic migmatites with amphibolite-grade mafic boudins and a few leucocratic granites,"Martignole, J. and Reynolds, P., 1997. 40Ar / 39Ar thermochronology along a western Quebec transect of the Grenville Province, Canada; Journal Of Metamorphic Geology, v. 15, p. 283-29"
RDT 7,967.0,8.0,8.0,Ar/Ar,Cooling,tonalitic to granodioritic migmatites with amphibolite-grade mafic boudins and a few leucocratic granites,Hornblende,Ar Furnace-Step,Direct,Grenville Province,QC,46.86256,-76.44135,Southwestern Quebec. Coordinates interpolated from regional-scale sketch map in report (approximate),Reservoir Dozois terrane - unknown,Metamorphic,tonalitic to granodioritic migmatites with amphibolite-grade mafic boudins and a few leucocratic granites,"Martignole, J. and Reynolds, P., 1997. 40Ar / 39Ar thermochronology along a western Quebec transect of the Grenville Province, Canada; Journal Of Metamorphic Geology, v. 15, p. 283-29"
RDT 28,973.0,12.0,12.0,Ar/Ar,Cooling,tonalitic to granodioritic migmatites with amphibolite-grade mafic boudins and a few leucocratic granites,Hornblende,Ar Furnace-Step,Direct,Grenville Province,QC,47.19174,-76.74136,Southwestern Quebec. Coordinates interpolated from regional-scale sketch map in report (approximate),Reservoir Dozois terrane - unknown,Metamorphic,tonalitic to granodioritic migmatites with amphibolite-grade mafic boudins and a few leucocratic granites,"Martignole, J. and Reynolds, P., 1997. 40Ar / 39Ar thermochronology along a western Quebec transect of the Grenville Province, Canada; Journal Of Metamorphic Geology, v. 15, p. 283-29"
RDT 25,977.0,12.0,12.0,Ar/Ar,Cooling,tonalitic to granodioritic migmatites with amphibolite-grade mafic boudins and a few leucocratic granites,Hornblende,Ar Furnace-Step,Direct,Grenville Province,QC,47.0584,-76.55801,Southwestern Quebec. Coordinates interpolated from regional-scale sketch map in report (approximate),Reservoir Dozois terrane - unknown,Metamorphic,tonalitic to granodioritic migmatites with amphibolite-grade mafic boudins and a few leucocratic granites,"Martignole, J. and Reynolds, P., 1997. 40Ar / 39Ar thermochronology along a western Quebec transect of the Grenville Province, Canada; Journal Of Metamorphic Geology, v. 15, p. 283-29"
GFZ 29,1000.0,12.0,12.0,Ar/Ar,Cooling,low to medium grade archean pontiac schists overridden by a slab of granulite-grade metasedimentary and metaplutonic rocks,Hornblende,Ar Furnace-Step,Direct,Grenville Province,QC,47.48758,-77.04137,Southwestern Quebec. Coordinates interpolated from regional-scale sketch map in report (approximate),Lac Timiskaming terrane - Grenville Front Zone,Metamorphic,low to medium grade archean pontiac schists overridden by a slab of granulite-grade metasedimentary and metaplutonic rocks,"Martignole, J. and Reynolds, P., 1997. 40Ar / 39Ar thermochronology along a western Quebec transect of the Grenville Province, Canada; Journal Of Metamorphic Geology, v. 15, p. 283-29"
MT 2,1002.0,9.0,9.0,Ar/Ar,Cooling,not described,Hornblende,Ar Furnace-Step,Direct,Grenville Province,QC,46.11255,-74.7788,"East of the Labelle shear zone, wouthwestern Quebec. Coordinates interpolated from regional-scale sketch map in report (approximate)",Morin terrane - unknown,Metamorphic,not described,"Martignole, J. and Reynolds, P., 1997. 40Ar / 39Ar thermochronology along a western Quebec transect of the Grenville Province, Canada; Journal Of Metamorphic Geology, v. 15, p. 283-29"
MT 38,1007.0,6.0,6.0,Ar/Ar,Cooling,not specified,Hornblende,Ar Furnace-Step,Direct,Grenville Province,QC,45.76671,-74.27878,"South of Morin anorthosite, ssouthwestern Quebec. Coordinates interpolated from regional-scale sketch map in report (approximate)",Morin terrane - unknown,Metamorphic,not specified,"Martignole, J. and Reynolds, P., 1997. 40Ar / 39Ar thermochronology along a western Quebec transect of the Grenville Province, Canada; Journal Of Metamorphic Geology, v. 15, p. 283-29"
MT 11,1014.0,9.0,9.0,Ar/Ar,Cooling,not specified,Hornblende,Ar Furnace-Step,Direct,Grenville Province,QC,46.03337,-73.58291,"East of Morin anorthosite, wouthwestern Quebec. Coordinates interpolated from regional-scale sketch map in report (approximate)",Morin terrane - unknown,Metamorphic,not specified,"Martignole, J. and Reynolds, P., 1997. 40Ar / 39Ar thermochronology along a western Quebec transect of the Grenville Province, Canada; Journal Of Metamorphic Geology, v. 15, p. 283-29"
MT 9,1017.0,9.0,9.0,Ar/Ar,Cooling,not specified,Hornblende,Ar Furnace-Step,Direct,Grenville Province,QC,46.08337,-73.61625,"East of Morin anorthosite, southwestern Quebec. Coordinates interpolated from regional-scale sketch map in report (approximate)",Morin terrane - unknown,Metamorphic,not specified,"Martignole, J. and Reynolds, P., 1997. 40Ar / 39Ar thermochronology along a western Quebec transect of the Grenville Province, Canada; Journal Of Metamorphic Geology, v. 15, p. 283-29"
MT 10,1017.0,9.0,9.0,Ar/Ar,Cooling,not specified,Hornblende,Ar Furnace-Step,Direct,Grenville Province,QC,46.18337,-73.64125,"East of Morin anorthosite, wouthwestern Quebec. Coordinates interpolated from regional-scale sketch map in report (approximate)",Morin terrane - unknown,Metamorphic,not specified,"Martignole, J. and Reynolds, P., 1997. 40Ar / 39Ar thermochronology along a western Quebec transect of the Grenville Province, Canada; Journal Of Metamorphic Geology, v. 15, p. 283-29"
GFZ 27,1025.0,0.0,0.0,Ar/Ar,Cooling,not reported,Hornblende,Ar Furnace-Step,Minimum Estimate,Grenville Province,QC,47.40841,-77.01637,Southwestern Quebec. Coordinates interpolated from regional-scale sketch map in report (approximate),Grenville Front Zone - unknown,Metamorphic,not reported,"Martignole, J. and Reynolds, P., 1997. 40Ar / 39Ar thermochronology along a western Quebec transect of the Grenville Province, Canada; Journal Of Metamorphic Geology, v. 15, p. 283-29"
MLT 6,1028.0,13.0,13.0,Ar/Ar,Cooling,Metasedimentary belt in the western part of the 'upper allochthonous deck' of transported terranes,Hornblende,Ar Furnace-Step,Estimate,Grenville Province,QC,46.19173,-76.12051,Southwestern Quebec. Coordinates interpolated from regional-scale sketch map in report (approximate),Mont-Laurier terrane - Baskatong shear zone,Metamorphic,Metasedimentary belt in the western part of the 'upper allochthonous deck' of transported terranes,"Martignole, J. and Reynolds, P., 1997. 40Ar / 39Ar thermochronology along a western Quebec transect of the Grenville Province, Canada; Journal Of Metamorphic Geology, v. 15, p. 283-29"
MT 4,1032.0,10.0,10.0,Ar/Ar,Cooling,High temperature mylonite cross-cutting the charnockitic envelope west of the Morin anorthosite,Hornblende,Ar Furnace-Step,Direct,Grenville Province,QC,46.08338,-74.57879,"West of the Morin anorthosite, southwestern Quebec. Coordinates interpolated from regional-scale sketch map in report (approximate)",Morin terrane - unknown,Metamorphic,High temperature mylonite cross-cutting the charnockitic envelope west of the Morin anorthosite,"Martignole, J. and Reynolds, P., 1997. 40Ar / 39Ar thermochronology along a western Quebec transect of the Grenville Province, Canada; Journal Of Metamorphic Geology, v. 15, p. 283-29"
MT 5,1033.0,15.0,15.0,Ar/Ar,Cooling,not specified,Hornblende,Ar Furnace-Step,Estimate,Grenville Province,QC,46.18337,-73.63291,"East of Morin anorthosite, wouthwestern Quebec. Coordinates interpolated from regional-scale sketch map in report (approximate)",Morin terrane - unknown,Metamorphic,not specified,"Martignole, J. and Reynolds, P., 1997. 40Ar / 39Ar thermochronology along a western Quebec transect of the Grenville Province, Canada; Journal Of Metamorphic Geology, v. 15, p. 283-29"
MLT 31G,1040.0,13.0,13.0,Ar/Ar,Cooling,amphibolite and gneiss,Hornblende,Ar Furnace-Step,Direct,Grenville Province,QC,46.33755,-74.8788,"Near Labelle shear zone, southwestern Quebec. Coordinates interpolated from regional-scale sketch map in report (approximate)",Mont-Laurier terrane - Labelle shear zone,Metamorphic,amphibolite and gneiss,"Martignole, J. and Reynolds, P., 1997. 40Ar / 39Ar thermochronology along a western Quebec transect of the Grenville Province, Canada; Journal Of Metamorphic Geology, v. 15, p. 283-29"
MLT 35,1045.0,6.0,6.0,Ar/Ar,Cooling,Metasedimentary belt in the western part of the 'upper allochthonous deck' of transported terranes,Hornblende,Ar Furnace-Step,Direct,Grenville Province,QC,46.25838,-74.98297,Southwestern Quebec. Coordinates interpolated from regional-scale sketch map in report (approximate),Mont-Laurier terrane - unknown,Metamorphic,Metasedimentary belt in the western part of the 'upper allochthonous deck' of transported terranes,"Martignole, J. and Reynolds, P., 1997. 40Ar / 39Ar thermochronology along a western Quebec transect of the Grenville Province, Canada; Journal Of Metamorphic Geology, v. 15, p. 283-29"
MLT 31A,1047.0,13.0,13.0,Ar/Ar,Cooling,amphibolite and gneiss,Hornblende,Ar Furnace-Step,Direct,Grenville Province,QC,46.33755,-74.8788,"Near Labelle shear zone, southwestern Quebec. Coordinates interpolated from regional-scale sketch map in report (approximate)",Mont-Laurier terrane - unknown,Metamorphic,amphibolite and gneiss,"Martignole, J. and Reynolds, P., 1997. 40Ar / 39Ar thermochronology along a western Quebec transect of the Grenville Province, Canada; Journal Of Metamorphic Geology, v. 15, p. 283-29"
MLT 26,1048.0,13.0,13.0,Ar/Ar,Cooling,metasedimentary belt in the western part of the 'upper allochthonous deck' of transported terranes,Hornblende,Ar Furnace-Step,Direct,Grenville Province,QC,46.48755,-75.19964,Southwestern Quebec. Coordinates interpolated from regional-scale sketch map in report (approximate),Mont-Laurier terrane - unknown,Metamorphic,metasedimentary belt in the western part of the 'upper allochthonous deck' of transported terranes,"Martignole, J. and Reynolds, P., 1997. 40Ar / 39Ar thermochronology along a western Quebec transect of the Grenville Province, Canada; Journal Of Metamorphic Geology, v. 15, p. 283-29"
MLT 30,1049.0,13.0,13.0,Ar/Ar,Cooling,Metasedimentary belt in the western part of the 'upper allochthonous deck' of transported terranes,Hornblende,Ar Furnace-Step,Direct,Grenville Province,QC,46.18338,-74.98297,Southwestern Quebec. Coordinates interpolated from regional-scale sketch map in report (approximate),Mont-Laurier terrane - unknown,Metamorphic,Metasedimentary belt in the western part of the 'upper allochthonous deck' of transported terranes,"Martignole, J. and Reynolds, P., 1997. 40Ar / 39Ar thermochronology along a western Quebec transect of the Grenville Province, Canada; Journal Of Metamorphic Geology, v. 15, p. 283-29"
MT 37,1052.0,6.0,6.0,Ar/Ar,Cooling,not specified,Hornblende,Ar Furnace-Step,Direct,Grenville Province,QC,45.71672,-74.52045,"South of Morin anorthosite, southwestern Quebec. Coordinates interpolated from regional-scale sketch map in report (approximate)",Morin terrane - unknown,Metamorphic,not specified,"Martignole, J. and Reynolds, P., 1997. 40Ar / 39Ar thermochronology along a western Quebec transect of the Grenville Province, Canada; Journal Of Metamorphic Geology, v. 15, p. 283-29"
MLT 19,1057.0,12.0,12.0,Ar/Ar,Cooling,not specified,Biotite,Ar Furnace-Step,Direct,Grenville Province,QC,46.23338,-74.93714,Southwestern Quebec. Coordinates interpolated from regional-scale sketch map in report (approximate),Mont-Laurier terrane - unknown,Metamorphic,not specified,"Martignole, J. and Reynolds, P., 1997. 40Ar / 39Ar thermochronology along a western Quebec transect of the Grenville Province, Canada; Journal Of Metamorphic Geology, v. 15, p. 283-29"
MLT 36,1058.0,14.0,14.0,Ar/Ar,Cooling,Metasedimentary belt in the western part of the 'upper allochthonous deck' of transported terranes,Hornblende,Ar Furnace-Step,Estimate,Grenville Province,QC,46.36255,-74.96631,Southwestern Quebec. Coordinates interpolated from regional-scale sketch map in report (approximate),Mont-Laurier terrane - unknown,Metamorphic,Metasedimentary belt in the western part of the 'upper allochthonous deck' of transported terranes,"Martignole, J. and Reynolds, P., 1997. 40Ar / 39Ar thermochronology along a western Quebec transect of the Grenville Province, Canada; Journal Of Metamorphic Geology, v. 15, p. 283-29"
MLT 32,1062.0,14.0,14.0,Ar/Ar,Cooling,Metasedimentary belt in the western part of the 'upper allochthonous deck' of transported terranes,Hornblende,Ar Furnace-Step,Estimate,Grenville Province,QC,46.16672,-74.98297,Southwestern Quebec. Coordinates interpolated from regional-scale sketch map in report (approximate),Mont-Laurier terrane - Labelle Shear zone,Metamorphic,Metasedimentary belt in the western part of the 'upper allochthonous deck' of transported terranes,"Martignole, J. and Reynolds, P., 1997. 40Ar / 39Ar thermochronology along a western Quebec transect of the Grenville Province, Canada; Journal Of Metamorphic Geology, v. 15, p. 283-29"
GFZ 1,1086.0,0.0,0.0,Ar/Ar,Cooling,not reported,Hornblende,Ar Furnace-Step,Minimum Estimate,Grenville Province,QC,47.40841,-77.01637,"Approximatly 50 km south-east of the Grenville Front, southwestern Quebec. Coordinates interpolated from regional-scale sketch map in report (approximate)",Grenville Front Zone - unknown,Metamorphic,not reported,"Martignole, J. and Reynolds, P., 1997. 40Ar / 39Ar thermochronology along a western Quebec transect of the Grenville Province, Canada; Journal Of Metamorphic Geology, v. 15, p. 283-29"
Lac la Galissonniere,987.0,8.0,8.0,U/Pb,Metamorphic,weakly foliated finer-grained granite,Titanite,TIMS,Direct,Grenville Province,QC,51.43183,-61.89448,Between the two arms of Natashquan River and 7 km E of Lac la Galissonierre. Coordinates approximate (given to nearest km),Wakeham Terrane - unnamed granite,Plutonic,weakly foliated finer-grained granite,"Martignole, J., Machado, N. and Indares, A., 1994. The Wakeham Terrane: a Mesoproterozoic terrestrial rift in the eastern part of the Grenville Province; Precambrian Research, v. 68, p. 291-30"
Davy Group,1177.0,5.0,4.0,U/Pb,Igneous Crystallization,coarse-grained gabbro,"Zircon, Baddeleyite",TIMS,Direct,Grenville Province,QC,50.96896,-62.80316,1 km W of Lac Davy. Coordinates interpolated from regional-scale sketch map in report (approximate),Wakeham Terrane - Davy Group,Plutonic,coarse-grained gabbro,"Martignole, J., Machado, N. and Indares, A., 1994. The Wakeham Terrane: a Mesoproterozoic terrestrial rift in the eastern part of the Grenville Province; Precambrian Research, v. 68, p. 291-30"
Natashquan R gran,1239.0,3.0,3.0,U/Pb,Igneous Crystallization,weakly foliated finer-grained granite,Zircon,TIMS,Estimate,Grenville Province,QC,51.41926,-61.71933,Between the two arms of Natashquan River and 7 km E of Lac la Galissonierre. Coordinates approximate (given to nearest km),Wakeham Terrane - Natashquan River granite,Plutonic,weakly foliated finer-grained granite,"Martignole, J., Machado, N. and Indares, A., 1994. The Wakeham Terrane: a Mesoproterozoic terrestrial rift in the eastern part of the Grenville Province; Precambrian Research, v. 68, p. 291-30"
Lac la Galissonniere,1245.0,3.0,3.0,U/Pb,Igneous Crystallization,weakly foliated finer-grained granite,Zircon,TIMS,Estimate,Grenville Province,QC,51.43183,-61.89448,Between the two arms of Natashquan River and 7 km E of Lac la Galissonierre. Coordinates approximate (given to nearest km),Wakeham Terrane - unnamed granite,Plutonic,weakly foliated finer-grained granite,"Martignole, J., Machado, N. and Indares, A., 1994. The Wakeham Terrane: a Mesoproterozoic terrestrial rift in the eastern part of the Grenville Province; Precambrian Research, v. 68, p. 291-30"
RPA myl anorth,1008.0,6.0,6.0,U/Pb,Metamorphic,biotite hornblende anorthositic mylonite,Titanite,TIMS,Estimate,Grenville Province,QC,50.01394,-66.93966,"At coast, approx. 15 km NE of Riviere-Pentecote. Coordinates interpolated from detailed sketch map in report.",AMCG suite - Riviere-Pentecote Anorthosite,Plutonic,biotite hornblende anorthositic mylonite,"Martignole, J., Machado, N. and Nantel, S., 1993. Timing of intrusion and deformation of the Riviere-Pentecote Anorthosite (Grenville Province); Journal of Geology, v. 101, p. 652-65"
BUR44,1000.0,2.0,2.0,U/Pb,Metamorphic,pelitic schist,Monazite,TIMS,Direct,Grenville Province,ON,46.47832,-80.75887,No topographic reference given in report; located by UTM in appendix,Grenville Front Tectonic Zone - unknown,Metamorphic,pelitic schist,"Mezger, K., Essene, E.J., van der Pluijm, B.A. and Halliday, A.N., 1993. U-Pb geochronology of the Grenville Orogen of Ontario and New York: constraints on ancient crustal tectonics; Contributions to Mineralogy and Petrology, v. 114, p. 13-2"
90-41,1003.0,2.0,2.0,U/Pb,Metamorphic,calc-silicate schist,Titanite,TIMS,Direct,Grenville Province,ON,44.74119,-78.81467,No topographic reference given in report; located by UTM in appendix,"Central Metasedimentary Belt, Bancroft Terrane - unknown",Metamorphic,calc-silicate schist,"Mezger, K., Essene, E.J., van der Pluijm, B.A. and Halliday, A.N., 1993. U-Pb geochronology of the Grenville Orogen of Ontario and New York: constraints on ancient crustal tectonics; Contributions to Mineralogy and Petrology, v. 114, p. 13-2"
90-08,1012.0,2.0,2.0,U/Pb,Metamorphic,marble,Titanite,TIMS,Direct,Grenville Province,ON,45.14296,-76.69136,No topographic reference given in report; located by UTM in appendix,"Central Metasedimentary Belt, Elzevir Terrane - unknown",Metamorphic,marble,"Mezger, K., Essene, E.J., van der Pluijm, B.A. and Halliday, A.N., 1993. U-Pb geochronology of the Grenville Orogen of Ontario and New York: constraints on ancient crustal tectonics; Contributions to Mineralogy and Petrology, v. 114, p. 13-2"
89-08,1018.0,1.0,1.0,U/Pb,Metamorphic,marble,Titanite,TIMS,Direct,Grenville Province,ON,45.28701,-77.63928,No topographic reference given in report; located by UTM in appendix,"Central Metasedimentary Belt, Boundary Zone - unknown",Metamorphic,marble,"Mezger, K., Essene, E.J., van der Pluijm, B.A. and Halliday, A.N., 1993. U-Pb geochronology of the Grenville Orogen of Ontario and New York: constraints on ancient crustal tectonics; Contributions to Mineralogy and Petrology, v. 114, p. 13-2"
90-88a,1024.0,2.0,2.0,U/Pb,Metamorphic,amphibolite,Titanite,TIMS,Direct,Grenville Province,ON,45.12468,-78.76828,No topographic reference given in report; located by UTM in appendix,"Central Gneiss Belt, Muskoka Domain - unknown",Metamorphic,amphibolite,"Mezger, K., Essene, E.J., van der Pluijm, B.A. and Halliday, A.N., 1993. U-Pb geochronology of the Grenville Orogen of Ontario and New York: constraints on ancient crustal tectonics; Contributions to Mineralogy and Petrology, v. 114, p. 13-2"
2927,1024.0,2.0,2.0,U/Pb,Metamorphic,pegmatite,Titanite,TIMS,Direct,Grenville Province,ON,45.50006,-77.08306,Renfrew County. Sample not located on sketch map in report; coordinates very approximate.,unknown (Elzevir?) - unknown,Plutonic,pegmatite,"Mezger, K., Essene, E.J., van der Pluijm, B.A. and Halliday, A.N., 1993. U-Pb geochronology of the Grenville Orogen of Ontario and New York: constraints on ancient crustal tectonics; Contributions to Mineralogy and Petrology, v. 114, p. 13-2"
90-47,1033.0,2.0,2.0,U/Pb,Metamorphic,calc-silicate schist,Titanite,TIMS,Direct,Grenville Province,ON,44.72387,-78.33801,No topographic reference given in report; located by UTM in appendix,"Central Metasedimentary Belt, Elzevir Terrane - unknown",Metamorphic,calc-silicate schist,"Mezger, K., Essene, E.J., van der Pluijm, B.A. and Halliday, A.N., 1993. U-Pb geochronology of the Grenville Orogen of Ontario and New York: constraints on ancient crustal tectonics; Contributions to Mineralogy and Petrology, v. 114, p. 13-2"
90-06,1034.0,3.0,3.0,U/Pb,Metamorphic,amphibolite,Rutile,TIMS,Direct,Grenville Province,ON,44.6014,-77.88524,No topographic reference given in report; located by UTM in appendix,"Central Metasedimentary belt, Elzevir terrane - unknown",Metamorphic,amphibolite,"Mezger, K., Essene, E.J., van der Pluijm, B.A. and Halliday, A.N., 1993. U-Pb geochronology of the Grenville Orogen of Ontario and New York: constraints on ancient crustal tectonics; Contributions to Mineralogy and Petrology, v. 114, p. 13-2"
90-45,1034.0,3.0,3.0,U/Pb,Metamorphic,marble,Titanite,TIMS,Direct,Grenville Province,ON,44.88265,-78.39147,No topographic reference given in report; located by UTM in appendix,"Central Metasedimentary Belt, Bancroft/Elzevir terrane boundary - unknown",Metamorphic,marble,"Mezger, K., Essene, E.J., van der Pluijm, B.A. and Halliday, A.N., 1993. U-Pb geochronology of the Grenville Orogen of Ontario and New York: constraints on ancient crustal tectonics; Contributions to Mineralogy and Petrology, v. 114, p. 13-2"
89-04,1040.0,3.0,3.0,U/Pb,Metamorphic,marble,Titanite,TIMS,Direct,Grenville Province,ON,44.9693,-77.75146,No topographic reference given in report; located by UTM in appendix,"Central Metasedimentary Belt, Elzevir Terrane - unknown",Metamorphic,marble,"Mezger, K., Essene, E.J., van der Pluijm, B.A. and Halliday, A.N., 1993. U-Pb geochronology of the Grenville Orogen of Ontario and New York: constraints on ancient crustal tectonics; Contributions to Mineralogy and Petrology, v. 114, p. 13-2"
REN82a-28,1041.0,2.0,2.0,U/Pb,Metamorphic,pelitic schist,Monazite,TIMS,Direct,Grenville Province,ON,45.58052,-77.16591,No topographic reference given in report; located by UTM in appendix,"Central Metasedimentary Belt, Elzevir Terrane - unknown",Metamorphic,pelitic schist,"Mezger, K., Essene, E.J., van der Pluijm, B.A. and Halliday, A.N., 1993. U-Pb geochronology of the Grenville Orogen of Ontario and New York: constraints on ancient crustal tectonics; Contributions to Mineralogy and Petrology, v. 114, p. 13-2"
ZR.15,1041.0,3.0,3.0,U/Pb,Metamorphic,pegmatite,Titanite,TIMS,Direct,Grenville Province,ON,45.35006,-77.26223,Near Quadeville. Coordinates interpolated from regional-scale sketch map in report (approximate),"Central Metasedimentary Belt, Elzevir Terrane - unknown",Plutonic,pegmatite,"Mezger, K., Essene, E.J., van der Pluijm, B.A. and Halliday, A.N., 1993. U-Pb geochronology of the Grenville Orogen of Ontario and New York: constraints on ancient crustal tectonics; Contributions to Mineralogy and Petrology, v. 114, p. 13-2"
89-06,1043.0,2.0,2.0,U/Pb,Metamorphic,skarn,Titanite,TIMS,Direct,Grenville Province,ON,45.1979,-77.79048,No topographic reference given in report; located by UTM in appendix,"Central Metasedimentary Belt, Elzevir Terrane - unknown",Metamorphic,skarn,"Mezger, K., Essene, E.J., van der Pluijm, B.A. and Halliday, A.N., 1993. U-Pb geochronology of the Grenville Orogen of Ontario and New York: constraints on ancient crustal tectonics; Contributions to Mineralogy and Petrology, v. 114, p. 13-2"
89-18,1043.0,6.0,6.0,U/Pb,Metamorphic,pegmatite,Titanite,TIMS,Direct,Grenville Province,ON,45.39419,-77.01824,No topographic reference given in report; located by UTM in appendix,"Central Metasedimentary Belt, Elzevir Terrane - unknown",Plutonic,pegmatite,"Mezger, K., Essene, E.J., van der Pluijm, B.A. and Halliday, A.N., 1993. U-Pb geochronology of the Grenville Orogen of Ontario and New York: constraints on ancient crustal tectonics; Contributions to Mineralogy and Petrology, v. 114, p. 13-2"
G0-4B,1044.0,1.0,1.0,U/Pb,Metamorphic,marble,Titanite,TIMS,Direct,Grenville Province,ON,44.88265,-78.39147,No topographic reference given in report; located by UTM in appendix,"Central Metasedimentary Belt, Bancroft Terrane - unknown",Metamorphic,marble,"Mezger, K., Essene, E.J., van der Pluijm, B.A. and Halliday, A.N., 1993. U-Pb geochronology of the Grenville Orogen of Ontario and New York: constraints on ancient crustal tectonics; Contributions to Mineralogy and Petrology, v. 114, p. 13-2"
BA-28,1045.0,2.0,2.0,U/Pb,Metamorphic,marble,Titanite,TIMS,Direct,Grenville Province,ON,45.04195,-77.90732,No topographic reference given in report; located by UTM in appendix,"Central Metasedimentary Belt, Elzevir Terrane - unknown",Metamorphic,marble,"Mezger, K., Essene, E.J., van der Pluijm, B.A. and Halliday, A.N., 1993. U-Pb geochronology of the Grenville Orogen of Ontario and New York: constraints on ancient crustal tectonics; Contributions to Mineralogy and Petrology, v. 114, p. 13-2"
90-40,1045.0,2.0,2.0,U/Pb,Metamorphic,calc-silicate schist,Titanite,TIMS,Direct,Grenville Province,ON,44.82772,-78.77346,No topographic reference given in report; located by UTM in appendix,"Central Metasedimentary Belt, Bancroft Terrane - unknown",Metamorphic,calc-silicate schist,"Mezger, K., Essene, E.J., van der Pluijm, B.A. and Halliday, A.N., 1993. U-Pb geochronology of the Grenville Orogen of Ontario and New York: constraints on ancient crustal tectonics; Contributions to Mineralogy and Petrology, v. 114, p. 13-2"
GO-5D,1046.0,1.0,1.0,U/Pb,Metamorphic,marble,Titanite,TIMS,Direct,Grenville Province,ON,44.88265,-78.39147,No topographic reference given in report; located by UTM in appendix,"Central Metasedimentary Belt, Bancroft Terrane - unknown",Metamorphic,marble,"Mezger, K., Essene, E.J., van der Pluijm, B.A. and Halliday, A.N., 1993. U-Pb geochronology of the Grenville Orogen of Ontario and New York: constraints on ancient crustal tectonics; Contributions to Mineralogy and Petrology, v. 114, p. 13-2"
Diane,1047.0,2.0,2.0,U/Pb,Metamorphic,syenite,Titanite,TIMS,Direct,Grenville Province,ON,45.30309,-77.60559,No topographic reference given in report; located by UTM in appendix,"Central Metasedimentary Belt, Elzevir Terrane - unknown",Plutonic,syenite,"Mezger, K., Essene, E.J., van der Pluijm, B.A. and Halliday, A.N., 1993. U-Pb geochronology of the Grenville Orogen of Ontario and New York: constraints on ancient crustal tectonics; Contributions to Mineralogy and Petrology, v. 114, p. 13-2"
ACP/3,1048.0,2.0,2.0,U/Pb,Metamorphic,pegmatite,Titanite,TIMS,Direct,Grenville Province,ON,45.31558,-77.36248,No topographic reference given in report; located by UTM in appendix,"Central Metasedimentary Belt, Elzevir Terrane - unknown",Plutonic,pegmatite,"Mezger, K., Essene, E.J., van der Pluijm, B.A. and Halliday, A.N., 1993. U-Pb geochronology of the Grenville Orogen of Ontario and New York: constraints on ancient crustal tectonics; Contributions to Mineralogy and Petrology, v. 114, p. 13-2"
90-48,1050.0,3.0,3.0,U/Pb,Metamorphic,calc-silicate schist,Titanite,TIMS,Direct,Grenville Province,ON,44.63041,-78.38389,No topographic reference given in report; located by UTM in appendix,"Central Metasedimentary Belt, Elzevir Terrane - unknown",Metamorphic,calc-silicate schist,"Mezger, K., Essene, E.J., van der Pluijm, B.A. and Halliday, A.N., 1993. U-Pb geochronology of the Grenville Orogen of Ontario and New York: constraints on ancient crustal tectonics; Contributions to Mineralogy and Petrology, v. 114, p. 13-2"
90-88b,1056.0,3.0,3.0,U/Pb,Metamorphic,granite,Titanite,TIMS,Direct,Grenville Province,ON,45.12468,-78.76828,No topographic reference given in report; located by UTM in appendix,"Central Gneiss Belt, Muskoka Domain - unknown",Plutonic,granite,"Mezger, K., Essene, E.J., van der Pluijm, B.A. and Halliday, A.N., 1993. U-Pb geochronology of the Grenville Orogen of Ontario and New York: constraints on ancient crustal tectonics; Contributions to Mineralogy and Petrology, v. 114, p. 13-2"
89-05,1060.0,3.0,3.0,U/Pb,Metamorphic,syenite,Titanite,TIMS,Direct,Grenville Province,ON,45.06603,-77.84502,No topographic reference given in report; located by UTM in appendix,"Central Metasedimentary Belt, Elzevir Terrane - unknown",Plutonic,syenite,"Mezger, K., Essene, E.J., van der Pluijm, B.A. and Halliday, A.N., 1993. U-Pb geochronology of the Grenville Orogen of Ontario and New York: constraints on ancient crustal tectonics; Contributions to Mineralogy and Petrology, v. 114, p. 13-2"
90-46,1061.0,2.0,2.0,U/Pb,Metamorphic,calc-silicate schist,Titanite,TIMS,Direct,Grenville Province,ON,44.81941,-78.38168,No topographic reference given in report; located by UTM in appendix,"Central Metasedimentary Belt, Elzevir Terrane - unknown",Metamorphic,calc-silicate schist,"Mezger, K., Essene, E.J., van der Pluijm, B.A. and Halliday, A.N., 1993. U-Pb geochronology of the Grenville Orogen of Ontario and New York: constraints on ancient crustal tectonics; Contributions to Mineralogy and Petrology, v. 114, p. 13-2"
XX,1064.0,6.0,6.0,U/Pb,Metamorphic,pegmatite,Titanite,TIMS,Direct,Grenville Province,ON,44.97036,-78.29239,No topographic reference given in report; located by UTM in appendix,"Central Metasedimentary Belt, Elzevir Terrane - unknown",Plutonic,pegmatite,"Mezger, K., Essene, E.J., van der Pluijm, B.A. and Halliday, A.N., 1993. U-Pb geochronology of the Grenville Orogen of Ontario and New York: constraints on ancient crustal tectonics; Contributions to Mineralogy and Petrology, v. 114, p. 13-2"
90-31,1067.0,6.0,6.0,U/Pb,Metamorphic,skarn,Titanite,TIMS,Direct,Grenville Province,ON,45.01814,-78.22033,No topographic reference given in report; located by UTM in appendix,"Central Metasedimentary Belt, Bancroft Terrane - unknown",Metamorphic,skarn,"Mezger, K., Essene, E.J., van der Pluijm, B.A. and Halliday, A.N., 1993. U-Pb geochronology of the Grenville Orogen of Ontario and New York: constraints on ancient crustal tectonics; Contributions to Mineralogy and Petrology, v. 114, p. 13-2"
90-39,1067.0,2.0,2.0,U/Pb,Metamorphic,syenite,Titanite,TIMS,Direct,Grenville Province,ON,44.97333,-78.62832,No topographic reference given in report; located by UTM in appendix,"Central Metasedimentary Belt, Bancroft Terrane - unknown",Plutonic,syenite,"Mezger, K., Essene, E.J., van der Pluijm, B.A. and Halliday, A.N., 1993. U-Pb geochronology of the Grenville Orogen of Ontario and New York: constraints on ancient crustal tectonics; Contributions to Mineralogy and Petrology, v. 114, p. 13-2"
90-38,1074.0,2.0,2.0,U/Pb,Metamorphic,granite,Titanite,TIMS,Direct,Grenville Province,ON,45.03724,-78.46063,No topographic reference given in report; located by UTM in appendix,"Central Metasedimentary Belt, Bancroft Terrane - unknown",Plutonic,granite,"Mezger, K., Essene, E.J., van der Pluijm, B.A. and Halliday, A.N., 1993. U-Pb geochronology of the Grenville Orogen of Ontario and New York: constraints on ancient crustal tectonics; Contributions to Mineralogy and Petrology, v. 114, p. 13-2"
ALG85-1,1100.0,1.0,1.0,U/Pb,Metamorphic,pelitic schist,Monazite,TIMS,Direct,Grenville Province,ON,45.50595,-78.25401,No topographic reference given in report; located by UTM in appendix,"Central Metasedimentary Belt, Algonquin Terrane - unknown",Metamorphic,pelitic schist,"Mezger, K., Essene, E.J., van der Pluijm, B.A. and Halliday, A.N., 1993. U-Pb geochronology of the Grenville Orogen of Ontario and New York: constraints on ancient crustal tectonics; Contributions to Mineralogy and Petrology, v. 114, p. 13-2"
90-82a,1121.0,2.0,2.0,U/Pb,Metamorphic,calc-silicate schist,Titanite,TIMS,Direct,Grenville Province,ON,44.66118,-76.70251,No topographic reference given in report; located by UTM in appendix,"Central Metasedimentary Belt, Frontenac terrane - unknown",Metamorphic,calc-silicate schist,"Mezger, K., Essene, E.J., van der Pluijm, B.A. and Halliday, A.N., 1993. U-Pb geochronology of the Grenville Orogen of Ontario and New York: constraints on ancient crustal tectonics; Contributions to Mineralogy and Petrology, v. 114, p. 13-2"
89-17,1125.0,2.0,2.0,U/Pb,Metamorphic,pegmatite,Titanite,TIMS,Direct,Grenville Province,ON,45.46358,-77.06421,No topographic reference given in report; located by UTM in appendix,"Central Metasedimentary Belt, Elzevir Terrane - unknown",Plutonic,pegmatite,"Mezger, K., Essene, E.J., van der Pluijm, B.A. and Halliday, A.N., 1993. U-Pb geochronology of the Grenville Orogen of Ontario and New York: constraints on ancient crustal tectonics; Contributions to Mineralogy and Petrology, v. 114, p. 13-2"
89-13,1141.0,1.0,1.0,U/Pb,Pb Loss,marble,Titanite,TIMS,Direct,Grenville Province,ON,45.30054,-77.43583,No topographic reference given in report; located by UTM in appendix,"Central Metasedimentary Belt, Elzevir Terrane - unknown",Metamorphic,marble,"Mezger, K., Essene, E.J., van der Pluijm, B.A. and Halliday, A.N., 1993. U-Pb geochronology of the Grenville Orogen of Ontario and New York: constraints on ancient crustal tectonics; Contributions to Mineralogy and Petrology, v. 114, p. 13-2"
90-82b,1145.0,2.0,2.0,U/Pb,Metamorphic,amphibolite,Titanite,TIMS,Direct,Grenville Province,ON,44.66118,-76.70251,No topographic reference given in report; located by UTM in appendix,"Central Metasedimentary Belt, Frontenac terrane - unknown",Metamorphic,amphibolite,"Mezger, K., Essene, E.J., van der Pluijm, B.A. and Halliday, A.N., 1993. U-Pb geochronology of the Grenville Orogen of Ontario and New York: constraints on ancient crustal tectonics; Contributions to Mineralogy and Petrology, v. 114, p. 13-2"
89-13,1152.0,2.0,2.0,U/Pb,Metamorphic,marble,Titanite,TIMS,Minimum Direct,Grenville Province,ON,45.30054,-77.43583,No topographic reference given in report; located by UTM in appendix,"Central Metasedimentary Belt, Elzevir Terrane - unknown",Metamorphic,marble,"Mezger, K., Essene, E.J., van der Pluijm, B.A. and Halliday, A.N., 1993. U-Pb geochronology of the Grenville Orogen of Ontario and New York: constraints on ancient crustal tectonics; Contributions to Mineralogy and Petrology, v. 114, p. 13-2"
90-83,1152.0,3.0,3.0,U/Pb,Metamorphic,calc-silicate schist,Titanite,TIMS,Direct,Grenville Province,ON,44.78716,-76.70621,No topographic reference given in report; located by UTM in appendix,"Central Metasedimentary Belt, Frontenac terrane - unknown",Metamorphic,calc-silicate schist,"Mezger, K., Essene, E.J., van der Pluijm, B.A. and Halliday, A.N., 1993. U-Pb geochronology of the Grenville Orogen of Ontario and New York: constraints on ancient crustal tectonics; Contributions to Mineralogy and Petrology, v. 114, p. 13-2"
90-79,1155.0,6.0,6.0,U/Pb,Metamorphic,marble,Titanite,TIMS,Direct,Grenville Province,ON,44.48599,-76.67854,No topographic reference given in report; located by UTM in appendix,"Central Metasedimentary Belt, Frontenac terrane - unknown",Metamorphic,marble,"Mezger, K., Essene, E.J., van der Pluijm, B.A. and Halliday, A.N., 1993. U-Pb geochronology of the Grenville Orogen of Ontario and New York: constraints on ancient crustal tectonics; Contributions to Mineralogy and Petrology, v. 114, p. 13-2"
90-77,1159.0,2.0,2.0,U/Pb,Metamorphic,marble,Titanite,TIMS,Direct,Grenville Province,ON,44.48427,-76.47728,No topographic reference given in report; located by UTM in appendix,"Central Metasedimentary Belt, Frontenac terrane - unknown",Metamorphic,marble,"Mezger, K., Essene, E.J., van der Pluijm, B.A. and Halliday, A.N., 1993. U-Pb geochronology of the Grenville Orogen of Ontario and New York: constraints on ancient crustal tectonics; Contributions to Mineralogy and Petrology, v. 114, p. 13-2"
89-20,1169.0,2.0,2.0,U/Pb,Metamorphic,marble,Titanite,TIMS,Direct,Grenville Province,ON,44.85712,-76.15139,No topographic reference given in report; located by UTM in appendix,"Central Metasedimentary Belt, Frontenac terrane - unknown",Metamorphic,marble,"Mezger, K., Essene, E.J., van der Pluijm, B.A. and Halliday, A.N., 1993. U-Pb geochronology of the Grenville Orogen of Ontario and New York: constraints on ancient crustal tectonics; Contributions to Mineralogy and Petrology, v. 114, p. 13-2"
89-23,1171.0,1.0,1.0,U/Pb,Metamorphic,marble,Titanite,TIMS,Direct,Grenville Province,ON,44.4018,-76.21777,No topographic reference given in report; located by UTM in appendix,"Central Metasedimentary Belt, Frontenac terrane - unknown",Metamorphic,marble,"Mezger, K., Essene, E.J., van der Pluijm, B.A. and Halliday, A.N., 1993. U-Pb geochronology of the Grenville Orogen of Ontario and New York: constraints on ancient crustal tectonics; Contributions to Mineralogy and Petrology, v. 114, p. 13-2"
89-22,1172.0,1.0,1.0,U/Pb,Metamorphic,marble,Titanite,TIMS,Direct,Grenville Province,ON,44.54151,-76.2018,No topographic reference given in report; located by UTM in appendix,"Central Metasedimentary Belt, Frontenac terrane - unknown",Metamorphic,marble,"Mezger, K., Essene, E.J., van der Pluijm, B.A. and Halliday, A.N., 1993. U-Pb geochronology of the Grenville Orogen of Ontario and New York: constraints on ancient crustal tectonics; Contributions to Mineralogy and Petrology, v. 114, p. 13-2"
90-78b,1178.0,2.0,2.0,U/Pb,Metamorphic,marble,Titanite,TIMS,Direct,Grenville Province,ON,44.45017,-76.66495,No topographic reference given in report; located by UTM in appendix,"Central Metasedimentary Belt, Frontenac terrane - unknown",Metamorphic,marble,"Mezger, K., Essene, E.J., van der Pluijm, B.A. and Halliday, A.N., 1993. U-Pb geochronology of the Grenville Orogen of Ontario and New York: constraints on ancient crustal tectonics; Contributions to Mineralogy and Petrology, v. 114, p. 13-2"
90-17,1215.0,2.0,2.0,U/Pb,Metamorphic,skarn,Titanite,TIMS,Direct,Grenville Province,ON,45.24286,-76.63061,No topographic reference given in report; located by UTM in appendix,"Central Metasedimentary Belt, Elzevir Terrane - unknown",Metamorphic,skarn,"Mezger, K., Essene, E.J., van der Pluijm, B.A. and Halliday, A.N., 1993. U-Pb geochronology of the Grenville Orogen of Ontario and New York: constraints on ancient crustal tectonics; Contributions to Mineralogy and Petrology, v. 114, p. 13-2"
89-03,1240.0,2.0,2.0,U/Pb,Metamorphic,calc-silicate schist,Titanite,TIMS,Direct,Grenville Province,ON,44.74297,-77.61438,No topographic reference given in report; located by UTM in appendix,"Central Metasedimentary Belt, Elzevir Terrane - unknown",Metamorphic,calc-silicate schist,"Mezger, K., Essene, E.J., van der Pluijm, B.A. and Halliday, A.N., 1993. U-Pb geochronology of the Grenville Orogen of Ontario and New York: constraints on ancient crustal tectonics; Contributions to Mineralogy and Petrology, v. 114, p. 13-2"
161B,1008.0,7.0,7.0,U/Pb,Cooling,,Rutile,TIMS,,Grenville Province,NY,44.27,-75.22,Adirondack Lowlands,Adirondack Lowlands,Metamorphic,metapelites,"Mezger, K., Hanson, G. N., & Bohlen, S. R. (1989). High-precision UPb ages of metamorphic rutile: application to the cooling history of high-grade terranes. *Earth and Planetary Science Letters*, *96*(1-2), 106-118."
161B,1005.0,2.0,2.0,U/Pb,Cooling,,Rutile,TIMS,,Grenville Province,NY,44.27,-75.22,Adirondack Lowlands,Adirondack Lowlands,Metamorphic,metapelites,"Mezger, K., Hanson, G. N., & Bohlen, S. R. (1989). High-precision UPb ages of metamorphic rutile: application to the cooling history of high-grade terranes. *Earth and Planetary Science Letters*, *96*(1-2), 106-118."
30A,953.0,4.0,4.0,U/Pb,Cooling,,Rutile,TIMS,,Grenville Province,NY,44.42,-75.15,Adirondack Lowlands,Adirondack Lowlands,Metamorphic,metapelites,"Mezger, K., Hanson, G. N., & Bohlen, S. R. (1989). High-precision UPb ages of metamorphic rutile: application to the cooling history of high-grade terranes. *Earth and Planetary Science Letters*, *96*(1-2), 106-118."
SP1,911.0,2.0,2.0,U/Pb,Cooling,,Rutile,TIMS,,Grenville Province,NY,43.5,-74.39,Adirondack Highlands,Adirondack Highlands,Metamorphic,metapelites,"Mezger, K., Hanson, G. N., & Bohlen, S. R. (1989). High-precision UPb ages of metamorphic rutile: application to the cooling history of high-grade terranes. *Earth and Planetary Science Letters*, *96*(1-2), 106-118."
P17B,885.0,2.0,2.0,U/Pb,Cooling,,Rutile,TIMS,,Grenville Province,NY,43.29,-74.52,Adirondack Highlands,Adirondack Highlands,Metamorphic,metapelites,"Mezger, K., Hanson, G. N., & Bohlen, S. R. (1989). High-precision UPb ages of metamorphic rutile: application to the cooling history of high-grade terranes. *Earth and Planetary Science Letters*, *96*(1-2), 106-118."
HA-369,1168.0,6.0,6.0,U/Pb,Metamorphic,,Garnet,TIMS,,Grenville Province,NY,44.1,-75.3,Adirondack Lowlands,Adirondack Lowlands,Metamorphic,metapelitic gneisses,"Mezger, K., Rawnsley, C.M., and Bohlen, S.R., 1991, U-Pb garnet, sphene, monazite, and rutile ages - implications for the duration of high-grade metamorphism and cooling histories, Adirondack Mts., New York, Journal of Geology, v.99, p.415- 428."
87B,1129.0,3.0,3.0,U/Pb,Metamorphic,,Titanite,TIMS,,Grenville Province,NY,44.2,-75.3,Adirondack Lowlands,Adirondack Lowlands,Metamorphic,calc-silicate and marble,"Mezger, K., Rawnsley, C.M., and Bohlen, S.R., 1991, U-Pb garnet, sphene, monazite, and rutile ages - implications for the duration of high-grade metamorphism and cooling histories, Adirondack Mts., New York, Journal of Geology, v.99, p.415- 428."
87B,1093.0,4.0,4.0,U/Pb,Metamorphic,,Titanite,TIMS,,Grenville Province,NY,44.2,-75.3,Adirondack Lowlands,Adirondack Lowlands,Metamorphic,calc-silicate and marble,"Mezger, K., Rawnsley, C.M., and Bohlen, S.R., 1991, U-Pb garnet, sphene, monazite, and rutile ages - implications for the duration of high-grade metamorphism and cooling histories, Adirondack Mts., New York, Journal of Geology, v.99, p.415- 428."
86S,1137.0,2.0,2.0,U/Pb,Metamorphic,,Titanite,TIMS,,Grenville Province,NY,44.5,-75.3,Adirondack Lowlands,Adirondack Lowlands,Metamorphic,calc-silicate and marble,"Mezger, K., Rawnsley, C.M., and Bohlen, S.R., 1991, U-Pb garnet, sphene, monazite, and rutile ages - implications for the duration of high-grade metamorphism and cooling histories, Adirondack Mts., New York, Journal of Geology, v.99, p.415- 428."
ED-262B,1161.0,1.0,1.0,U/Pb,Metamorphic,,Monazite,TIMS,,Grenville Province,NY,44.1,-75.4,Adirondack Lowlands,Adirondack Lowlands,Metamorphic,metapelitic gneisses,"Mezger, K., Rawnsley, C.M., and Bohlen, S.R., 1991, U-Pb garnet, sphene, monazite, and rutile ages - implications for the duration of high-grade metamorphism and cooling histories, Adirondack Mts., New York, Journal of Geology, v.99, p.415- 428."
ED-30A,953.0,4.0,4.0,U/Pb,Cooling,,Rutile,TIMS,,Grenville Province,NY,44.4,-75.2,Adirondack Lowlands,Adirondack Lowlands,Metamorphic,metapelitic gneisses,"Mezger, K., Rawnsley, C.M., and Bohlen, S.R., 1991, U-Pb garnet, sphene, monazite, and rutile ages - implications for the duration of high-grade metamorphism and cooling histories, Adirondack Mts., New York, Journal of Geology, v.99, p.415- 428."
ED-161B,1008.0,7.0,7.0,U/Pb,Cooling,,Rutile,TIMS,,Grenville Province,NY,44.3,-75.2,Adirondack Lowlands,Adirondack Lowlands,Metamorphic,metapelitic gneisses,"Mezger, K., Rawnsley, C.M., and Bohlen, S.R., 1991, U-Pb garnet, sphene, monazite, and rutile ages - implications for the duration of high-grade metamorphism and cooling histories, Adirondack Mts., New York, Journal of Geology, v.99, p.415- 428."
ED-161B,1005.0,2.0,2.0,U/Pb,Cooling,,Rutile,TIMS,,Grenville Province,NY,44.3,-75.2,Adirondack Lowlands,Adirondack Lowlands,Metamorphic,metapelitic gneisses,"Mezger, K., Rawnsley, C.M., and Bohlen, S.R., 1991, U-Pb garnet, sphene, monazite, and rutile ages - implications for the duration of high-grade metamorphism and cooling histories, Adirondack Mts., New York, Journal of Geology, v.99, p.415- 428."
ED-99,1127.0,4.0,4.0,U/Pb,Metamorphic,,Garnet,TIMS,,Grenville Province,NY,44.5,-75.1,Adirondack Lowlands,Adirondack Lowlands,Metamorphic,metapelitic gneisses,"Mezger, K., Rawnsley, C.M., and Bohlen, S.R., 1991, U-Pb garnet, sphene, monazite, and rutile ages - implications for the duration of high-grade metamorphism and cooling histories, Adirondack Mts., New York, Journal of Geology, v.99, p.415- 428."
LB-81,1153.0,3.0,3.0,U/Pb,Metamorphic,,Garnet,TIMS,,Grenville Province,NY,44.1,-75.4,Adirondack Lowlands,Adirondack Lowlands,Metamorphic,metapelitic gneisses,"Mezger, K., Rawnsley, C.M., and Bohlen, S.R., 1991, U-Pb garnet, sphene, monazite, and rutile ages - implications for the duration of high-grade metamorphism and cooling histories, Adirondack Mts., New York, Journal of Geology, v.99, p.415- 428."
87C,1156.0,3.0,3.0,U/Pb,Metamorphic,,Titanite,TIMS,,Grenville Province,NY,44.4,-75.6,Adirondack Lowlands,Adirondack Lowlands,Metamorphic,calc-silicate and marble,"Mezger, K., Rawnsley, C.M., and Bohlen, S.R., 1991, U-Pb garnet, sphene, monazite, and rutile ages - implications for the duration of high-grade metamorphism and cooling histories, Adirondack Mts., New York, Journal of Geology, v.99, p.415- 428."
87C,1130.0,3.0,3.0,U/Pb,Metamorphic,,Titanite,TIMS,,Grenville Province,NY,44.4,-75.6,Adirondack Lowlands,Adirondack Lowlands,Metamorphic,calc-silicate and marble,"Mezger, K., Rawnsley, C.M., and Bohlen, S.R., 1991, U-Pb garnet, sphene, monazite, and rutile ages - implications for the duration of high-grade metamorphism and cooling histories, Adirondack Mts., New York, Journal of Geology, v.99, p.415- 428."
86-5,1103.0,3.0,3.0,U/Pb,Metamorphic,,Titanite,TIMS,,Grenville Province,NY,44.4,-75.6,Adirondack Lowlands,Adirondack Lowlands,Metamorphic,calc-silicate and marble,"Mezger, K., Rawnsley, C.M., and Bohlen, S.R., 1991, U-Pb garnet, sphene, monazite, and rutile ages - implications for the duration of high-grade metamorphism and cooling histories, Adirondack Mts., New York, Journal of Geology, v.99, p.415- 428."
86-8,991.0,1.0,1.0,U/Pb,Metamorphic,,Titanite,TIMS,,Grenville Province,NY,43.7,-73.7,Adirondack Highlands,Adirondack Highlands,Metamorphic,calc-silicate and marble,"Mezger, K., Rawnsley, C.M., and Bohlen, S.R., 1991, U-Pb garnet, sphene, monazite, and rutile ages - implications for the duration of high-grade metamorphism and cooling histories, Adirondack Mts., New York, Journal of Geology, v.99, p.415- 428."
87D,1030.0,4.0,4.0,U/Pb,Metamorphic,,Titanite,TIMS,,Grenville Province,NY,43.8,-73.7,Adirondack Highlands,Adirondack Highlands,Metamorphic,calc-silicate and marble,"Mezger, K., Rawnsley, C.M., and Bohlen, S.R., 1991, U-Pb garnet, sphene, monazite, and rutile ages - implications for the duration of high-grade metamorphism and cooling histories, Adirondack Mts., New York, Journal of Geology, v.99, p.415- 428."
87D,1021.0,4.0,4.0,U/Pb,Metamorphic,,Titanite,TIMS,,Grenville Province,NY,43.8,-73.7,Adirondack Highlands,Adirondack Highlands,Metamorphic,calc-silicate and marble,"Mezger, K., Rawnsley, C.M., and Bohlen, S.R., 1991, U-Pb garnet, sphene, monazite, and rutile ages - implications for the duration of high-grade metamorphism and cooling histories, Adirondack Mts., New York, Journal of Geology, v.99, p.415- 428."
87A,1033.0,4.0,4.0,U/Pb,Metamorphic,,Titanite,TIMS,,Grenville Province,NY,43.7,-74.3,Adirondack Highlands,Adirondack Highlands,Metamorphic,calc-silicate and marble,"Mezger, K., Rawnsley, C.M., and Bohlen, S.R., 1991, U-Pb garnet, sphene, monazite, and rutile ages - implications for the duration of high-grade metamorphism and cooling histories, Adirondack Mts., New York, Journal of Geology, v.99, p.415- 428."
BM-1F,1013.0,4.0,4.0,U/Pb,Metamorphic,,Garnet,TIMS,,Grenville Province,NY,43.9,-74.4,Adirondack Highlands,Adirondack Highlands,Metamorphic,metapelitic gneisses,"Mezger, K., Rawnsley, C.M., and Bohlen, S.R., 1991, U-Pb garnet, sphene, monazite, and rutile ages - implications for the duration of high-grade metamorphism and cooling histories, Adirondack Mts., New York, Journal of Geology, v.99, p.415- 428."
CS,1026.0,3.0,3.0,U/Pb,Metamorphic,,Garnet,TIMS,,Grenville Province,NY,44.2,-73.9,Adirondack Highlands,Adirondack Highlands,Metamorphic,calc-silicate,"Mezger, K., Rawnsley, C.M., and Bohlen, S.R., 1991, U-Pb garnet, sphene, monazite, and rutile ages - implications for the duration of high-grade metamorphism and cooling histories, Adirondack Mts., New York, Journal of Geology, v.99, p.415- 428."
CS,1027.0,4.0,4.0,U/Pb,Metamorphic,,Garnet,TIMS,,Grenville Province,NY,44.2,-73.9,Adirondack Highlands,Adirondack Highlands,Metamorphic,calc-silicate,"Mezger, K., Rawnsley, C.M., and Bohlen, S.R., 1991, U-Pb garnet, sphene, monazite, and rutile ages - implications for the duration of high-grade metamorphism and cooling histories, Adirondack Mts., New York, Journal of Geology, v.99, p.415- 428."
SP-1,1064.0,3.0,3.0,U/Pb,Metamorphic,,Garnet,TIMS,,Grenville Province,NY,43.5,-74.2,Adirondack Highlands,Adirondack Highlands,Metamorphic,metapelitic gneisses,"Mezger, K., Rawnsley, C.M., and Bohlen, S.R., 1991, U-Pb garnet, sphene, monazite, and rutile ages - implications for the duration of high-grade metamorphism and cooling histories, Adirondack Mts., New York, Journal of Geology, v.99, p.415- 428."
SP-1,911.0,2.0,2.0,U/Pb,Cooling,,Rutile,TIMS,,Grenville Province,NY,43.5,-74.2,Adirondack Highlands,Adirondack Highlands,Metamorphic,metapelitic gneisses,"Mezger, K., Rawnsley, C.M., and Bohlen, S.R., 1991, U-Pb garnet, sphene, monazite, and rutile ages - implications for the duration of high-grade metamorphism and cooling histories, Adirondack Mts., New York, Journal of Geology, v.99, p.415- 428."
SP-1,1033.0,1.0,1.0,U/Pb,Metamorphic,,Monazite,TIMS,,Grenville Province,NY,43.5,-74.2,Adirondack Highlands,Adirondack Highlands,Metamorphic,metapelitic gneisses,"Mezger, K., Rawnsley, C.M., and Bohlen, S.R., 1991, U-Pb garnet, sphene, monazite, and rutile ages - implications for the duration of high-grade metamorphism and cooling histories, Adirondack Mts., New York, Journal of Geology, v.99, p.415- 428."
P-17B,885.0,2.0,2.0,U/Pb,Cooling,,Rutile,TIMS,,Grenville Province,NY,43.3,-74.5,Adirondack Highlands,Adirondack Highlands,Metamorphic,metapelitic gneisses,"Mezger, K., Rawnsley, C.M., and Bohlen, S.R., 1991, U-Pb garnet, sphene, monazite, and rutile ages - implications for the duration of high-grade metamorphism and cooling histories, Adirondack Mts., New York, Journal of Geology, v.99, p.415- 428."
P-17B,1154.0,11.0,11.0,U/Pb,Metamorphic,,Garnet,TIMS,,Grenville Province,NY,43.3,-74.5,Adirondack Highlands,Adirondack Highlands,Metamorphic,metapelitic gneisses,"Mezger, K., Rawnsley, C.M., and Bohlen, S.R., 1991, U-Pb garnet, sphene, monazite, and rutile ages - implications for the duration of high-grade metamorphism and cooling histories, Adirondack Mts., New York, Journal of Geology, v.99, p.415- 428."
196,1160.0,1.0,1.0,U/Pb,Metamorphic,,Monazite,TIMS,Direct,Grenville Province,NY,44.23,-75.45,Adirondack Lowlands,Adirondack Lowlands,Metamorphic,garnet-biotite gneiss,"Mezger, K., Van Der Pluijm, B. A., Essene, E. J., & Halliday, A. N. (1992). The Carthage-Colton mylonite zone (Adirondack Mountains, New York): The site of a cryptic suture in the Grenville orogen?. The Journal of Geology, 100(5), 630-638."
199A,1150.0,3.0,3.0,U/Pb,Metamorphic,,Monazite,TIMS,Direct,Grenville Province,NY,44.34,-75.45,Adirondack Lowlands,Adirondack Lowlands,Metamorphic,garnet-biotite gneiss,"Mezger, K., Van Der Pluijm, B. A., Essene, E. J., & Halliday, A. N. (1992). The Carthage-Colton mylonite zone (Adirondack Mountains, New York): The site of a cryptic suture in the Grenville orogen?. The Journal of Geology, 100(5), 630-638."
201,1167.0,1.0,1.0,U/Pb,Metamorphic,,Monazite,TIMS,Direct,Grenville Province,NY,44.3,-75.45,Adirondack Lowlands,Adirondack Lowlands,Metamorphic,garnet-biotite gneiss,"Mezger, K., Van Der Pluijm, B. A., Essene, E. J., & Halliday, A. N. (1992). The Carthage-Colton mylonite zone (Adirondack Mountains, New York): The site of a cryptic suture in the Grenville orogen?. The Journal of Geology, 100(5), 630-638."
203A,1160.0,1.0,1.0,U/Pb,Metamorphic,,Monazite,TIMS,Direct,Grenville Province,NY,44.3,-75.45,Adirondack Lowlands,Adirondack Lowlands,Metamorphic,garnet-biotite gneiss,"Mezger, K., Van Der Pluijm, B. A., Essene, E. J., & Halliday, A. N. (1992). The Carthage-Colton mylonite zone (Adirondack Mountains, New York): The site of a cryptic suture in the Grenville orogen?. The Journal of Geology, 100(5), 630-638."
206,1164.0,1.0,1.0,U/Pb,Metamorphic,,Monazite,TIMS,Direct,Grenville Province,NY,44.3,-75.45,Adirondack Lowlands,Adirondack Lowlands,Metamorphic,garnet-biotite gneiss,"Mezger, K., Van Der Pluijm, B. A., Essene, E. J., & Halliday, A. N. (1992). The Carthage-Colton mylonite zone (Adirondack Mountains, New York): The site of a cryptic suture in the Grenville orogen?. The Journal of Geology, 100(5), 630-638."
90-04/1,982.0,2.0,2.0,U/Pb,Metamorphic,,Titanite,TIMS,Direct,Grenville Province,NY,44.23,-75.17,Adirondack Highlands,Adirondack Highlands,Metamorphic,"marble, granitic, calc-silicate gneiss","Mezger, K., Van Der Pluijm, B. A., Essene, E. J., & Halliday, A. N. (1992). The Carthage-Colton mylonite zone (Adirondack Mountains, New York): The site of a cryptic suture in the Grenville orogen?. The Journal of Geology, 100(5), 630-638."
90-04/2,989.0,2.0,2.0,U/Pb,Metamorphic,,Titanite,TIMS,Direct,Grenville Province,NY,44.23,-75.17,Adirondack Highlands,Adirondack Highlands,Metamorphic,"marble, granitic, calc-silicate gneiss","Mezger, K., Van Der Pluijm, B. A., Essene, E. J., & Halliday, A. N. (1992). The Carthage-Colton mylonite zone (Adirondack Mountains, New York): The site of a cryptic suture in the Grenville orogen?. The Journal of Geology, 100(5), 630-638."
90-49,1094.0,2.0,2.0,U/Pb,Metamorphic,,Titanite,TIMS,Direct,Grenville Province,NY,44.13,-75.36,Adirondack Highlands,Adirondack Highlands,Metamorphic,"marble, granitic, calc-silicate gneiss","Mezger, K., Van Der Pluijm, B. A., Essene, E. J., & Halliday, A. N. (1992). The Carthage-Colton mylonite zone (Adirondack Mountains, New York): The site of a cryptic suture in the Grenville orogen?. The Journal of Geology, 100(5), 630-638."
90-51,1014.0,1.0,1.0,U/Pb,Metamorphic,,Titanite,TIMS,Direct,Grenville Province,NY,44.14,-74.97,Adirondack Highlands,Adirondack Highlands,Metamorphic,"marble, granitic, calc-silicate gneiss","Mezger, K., Van Der Pluijm, B. A., Essene, E. J., & Halliday, A. N. (1992). The Carthage-Colton mylonite zone (Adirondack Mountains, New York): The site of a cryptic suture in the Grenville orogen?. The Journal of Geology, 100(5), 630-638."
90-54,1031.0,10.0,10.0,U/Pb,Metamorphic,,Titanite,TIMS,Direct,Grenville Province,NY,44.18,-75.14,Adirondack Highlands,Adirondack Highlands,Metamorphic,"marble, granitic, calc-silicate gneiss","Mezger, K., Van Der Pluijm, B. A., Essene, E. J., & Halliday, A. N. (1992). The Carthage-Colton mylonite zone (Adirondack Mountains, New York): The site of a cryptic suture in the Grenville orogen?. The Journal of Geology, 100(5), 630-638."
90-56,1031.0,3.0,3.0,U/Pb,Metamorphic,,Titanite,TIMS,Direct,Grenville Province,NY,44.14,-75.16,Adirondack Highlands,Adirondack Highlands,Metamorphic,"marble, granitic, calc-silicate gneiss","Mezger, K., Van Der Pluijm, B. A., Essene, E. J., & Halliday, A. N. (1992). The Carthage-Colton mylonite zone (Adirondack Mountains, New York): The site of a cryptic suture in the Grenville orogen?. The Journal of Geology, 100(5), 630-638."
90-59,1095.0,5.0,5.0,U/Pb,Metamorphic,,Titanite,TIMS,Direct,Grenville Province,NY,44.25,-75.21,Adirondack Highlands,Adirondack Highlands,Metamorphic,"marble, granitic, calc-silicate gneiss","Mezger, K., Van Der Pluijm, B. A., Essene, E. J., & Halliday, A. N. (1992). The Carthage-Colton mylonite zone (Adirondack Mountains, New York): The site of a cryptic suture in the Grenville orogen?. The Journal of Geology, 100(5), 630-638."
90-60,1083.0,3.0,3.0,U/Pb,Metamorphic,,Titanite,TIMS,Direct,Grenville Province,NY,44.3,-75.45,Adirondack Highlands,Adirondack Highlands,Metamorphic,"marble, granitic, calc-silicate gneiss","Mezger, K., Van Der Pluijm, B. A., Essene, E. J., & Halliday, A. N. (1992). The Carthage-Colton mylonite zone (Adirondack Mountains, New York): The site of a cryptic suture in the Grenville orogen?. The Journal of Geology, 100(5), 630-638."
90-64,1076.0,6.0,6.0,U/Pb,Metamorphic,,Titanite,TIMS,Direct,Grenville Province,NY,44.3,-75.45,Adirondack Highlands,Adirondack Highlands,Metamorphic,"marble, granitic, calc-silicate gneiss","Mezger, K., Van Der Pluijm, B. A., Essene, E. J., & Halliday, A. N. (1992). The Carthage-Colton mylonite zone (Adirondack Mountains, New York): The site of a cryptic suture in the Grenville orogen?. The Journal of Geology, 100(5), 630-638."
90-67,1038.0,4.0,4.0,U/Pb,Metamorphic,,Titanite,TIMS,Direct,Grenville Province,NY,44.5,-74.99,Adirondack Highlands,Adirondack Highlands,Metamorphic,"marble, granitic, calc-silicate gneiss","Mezger, K., Van Der Pluijm, B. A., Essene, E. J., & Halliday, A. N. (1992). The Carthage-Colton mylonite zone (Adirondack Mountains, New York): The site of a cryptic suture in the Grenville orogen?. The Journal of Geology, 100(5), 630-638."
90-68,1050.0,8.0,8.0,U/Pb,Metamorphic,,Titanite,TIMS,Direct,Grenville Province,NY,44.3,-75.45,Adirondack Highlands,Adirondack Highlands,Metamorphic,"marble, granitic, calc-silicate gneiss","Mezger, K., Van Der Pluijm, B. A., Essene, E. J., & Halliday, A. N. (1992). The Carthage-Colton mylonite zone (Adirondack Mountains, New York): The site of a cryptic suture in the Grenville orogen?. The Journal of Geology, 100(5), 630-638."
D1,1135.0,2.0,2.0,U/Pb,Metamorphic,,Titanite,TIMS,Direct,Grenville Province,NY,44.3,-75.45,Adirondack Lowlands,Adirondack Lowlands,Metamorphic,"marble, granitic, calc-silicate gneiss","Mezger, K., Van Der Pluijm, B. A., Essene, E. J., & Halliday, A. N. (1992). The Carthage-Colton mylonite zone (Adirondack Mountains, New York): The site of a cryptic suture in the Grenville orogen?. The Journal of Geology, 100(5), 630-638."
D2,1130.0,4.0,4.0,U/Pb,Metamorphic,,Titanite,TIMS,Direct,Grenville Province,NY,44.3,-75.45,Adirondack Lowlands,Adirondack Lowlands,Metamorphic,"marble, granitic, calc-silicate gneiss","Mezger, K., Van Der Pluijm, B. A., Essene, E. J., & Halliday, A. N. (1992). The Carthage-Colton mylonite zone (Adirondack Mountains, New York): The site of a cryptic suture in the Grenville orogen?. The Journal of Geology, 100(5), 630-638."
90-38,1074.0,2.0,2.0,U/Pb,Metamorphic,granite,Titanite,TIMS,Direct,Grenville Province,ON,,,Central Metasedimentary Belt,"Central Metasedimentary Belt, Bancroft Terrane",Metamorphic,,"Mezger, K., Van Der Pluijm, B. A., Essene, E. J., & Halliday, A. N. (1991). Synorogenic collapse: A perspective from the middle crust, the Proterozoic Grenville Orogen. Science, 254(5032), 695-698."
90-39,1067.0,2.0,2.0,U/Pb,Metamorphic,syenite,Titanite,TIMS,Direct,Grenville Province,ON,,,Central Metasedimentary Belt,"Central Metasedimentary Belt, Bancroft Terrane",Metamorphic,,"Mezger, K., Van Der Pluijm, B. A., Essene, E. J., & Halliday, A. N. (1991). Synorogenic collapse: A perspective from the middle crust, the Proterozoic Grenville Orogen. Science, 254(5032), 695-698."
89-05,1060.0,3.0,3.0,U/Pb,Metamorphic,syenite,Titanite,TIMS,Direct,Grenville Province,ON,,,Central Metasedimentary Belt,"Central Metasedimentary Belt, Bancroft Terrane",Metamorphic,,"Mezger, K., Van Der Pluijm, B. A., Essene, E. J., & Halliday, A. N. (1991). Synorogenic collapse: A perspective from the middle crust, the Proterozoic Grenville Orogen. Science, 254(5032), 695-698."
90-46,1061.0,2.0,2.0,U/Pb,Metamorphic,calc-silicate gneiss,Titanite,TIMS,Direct,Grenville Province,ON,,,Central Metasedimentary Belt,"Central Metasedimentary Belt, Elzevir Terrane",Metamorphic,,"Mezger, K., Van Der Pluijm, B. A., Essene, E. J., & Halliday, A. N. (1991). Synorogenic collapse: A perspective from the middle crust, the Proterozoic Grenville Orogen. Science, 254(5032), 695-698."
90-88b,1056.0,3.0,3.0,U/Pb,Metamorphic,granite,Titanite,TIMS,Direct,Grenville Province,ON,,,Central Metasedimentary Belt,Central Metasedimentary Belt,Metamorphic,,"Mezger, K., Van Der Pluijm, B. A., Essene, E. J., & Halliday, A. N. (1991). Synorogenic collapse: A perspective from the middle crust, the Proterozoic Grenville Orogen. Science, 254(5032), 695-698."
ACP/3,1048.0,2.0,2.0,U/Pb,Metamorphic,pegmatite,Titanite,TIMS,Direct,Grenville Province,ON,,,Central Metasedimentary Belt,"Central Metasedimentary Belt, Bancroft Terrane",Metamorphic,,"Mezger, K., Van Der Pluijm, B. A., Essene, E. J., & Halliday, A. N. (1991). Synorogenic collapse: A perspective from the middle crust, the Proterozoic Grenville Orogen. Science, 254(5032), 695-698."
5D,1046.0,1.0,1.0,U/Pb,Metamorphic,marble mylonite,Titanite,TIMS,Direct,Grenville Province,ON,,,Central Metasedimentary Belt,"Central Metasedimentary Belt, Bancroft Terrane",Metamorphic,,"Mezger, K., Van Der Pluijm, B. A., Essene, E. J., & Halliday, A. N. (1991). Synorogenic collapse: A perspective from the middle crust, the Proterozoic Grenville Orogen. Science, 254(5032), 695-698."
BA-28,1045.0,2.0,2.0,U/Pb,Metamorphic,marble mylonite,Titanite,TIMS,Direct,Grenville Province,ON,,,Central Metasedimentary Belt,"Central Metasedimentary Belt, Bancroft Terrane",Metamorphic,,"Mezger, K., Van Der Pluijm, B. A., Essene, E. J., & Halliday, A. N. (1991). Synorogenic collapse: A perspective from the middle crust, the Proterozoic Grenville Orogen. Science, 254(5032), 695-698."
90-40,1045.0,2.0,2.0,U/Pb,Metamorphic,calc-silicate gneiss,Titanite,TIMS,Direct,Grenville Province,ON,,,Central Metasedimentary Belt,"Central Metasedimentary BeltCentral Metasedimentary Belt, Bancroft Terrane",Metamorphic,,"Mezger, K., Van Der Pluijm, B. A., Essene, E. J., & Halliday, A. N. (1991). Synorogenic collapse: A perspective from the middle crust, the Proterozoic Grenville Orogen. Science, 254(5032), 695-698."
89-06/1,1043.0,2.0,2.0,U/Pb,Metamorphic,skarn,Titanite,TIMS,Direct,Grenville Province,ON,,,Central Metasedimentary Belt,"Central Metasedimentary Belt, Bancroft Terrane",Metamorphic,,"Mezger, K., Van Der Pluijm, B. A., Essene, E. J., & Halliday, A. N. (1991). Synorogenic collapse: A perspective from the middle crust, the Proterozoic Grenville Orogen. Science, 254(5032), 695-698."
89-06/2,1044.0,4.0,4.0,U/Pb,Metamorphic,skarn,Titanite,TIMS,Direct,Grenville Province,ON,,,Central Metasedimentary Belt,Central Metasedimentary Belt,Metamorphic,,"Mezger, K., Van Der Pluijm, B. A., Essene, E. J., & Halliday, A. N. (1991). Synorogenic collapse: A perspective from the middle crust, the Proterozoic Grenville Orogen. Science, 254(5032), 695-698."
GO4b,1044.0,1.0,1.0,U/Pb,Metamorphic,marble mylonite,Titanite,TIMS,Direct,Grenville Province,ON,,,Central Metasedimentary Belt,"Central Metasedimentary Belt, Bancroft Terrane",Metamorphic,,"Mezger, K., Van Der Pluijm, B. A., Essene, E. J., & Halliday, A. N. (1991). Synorogenic collapse: A perspective from the middle crust, the Proterozoic Grenville Orogen. Science, 254(5032), 695-698."
89-18/1,1042.0,4.0,4.0,U/Pb,Metamorphic,marble,Titanite,TIMS,Direct,Grenville Province,ON,,,Central Metasedimentary Belt,Central Metasedimentary Belt,Metamorphic,,"Mezger, K., Van Der Pluijm, B. A., Essene, E. J., & Halliday, A. N. (1991). Synorogenic collapse: A perspective from the middle crust, the Proterozoic Grenville Orogen. Science, 254(5032), 695-698."
89-18/2,1043.0,6.0,6.0,U/Pb,Metamorphic,marble,Titanite,TIMS,Direct,Grenville Province,ON,,,Central Metasedimentary Belt,Central Metasedimentary Belt,Metamorphic,,"Mezger, K., Van Der Pluijm, B. A., Essene, E. J., & Halliday, A. N. (1991). Synorogenic collapse: A perspective from the middle crust, the Proterozoic Grenville Orogen. Science, 254(5032), 695-698."
ZR.15,1041.0,3.0,3.0,U/Pb,Metamorphic,pegmatite,Titanite,TIMS,Direct,Grenville Province,ON,,,Central Metasedimentary Belt,Central Metasedimentary Belt,Metamorphic,,"Mezger, K., Van Der Pluijm, B. A., Essene, E. J., & Halliday, A. N. (1991). Synorogenic collapse: A perspective from the middle crust, the Proterozoic Grenville Orogen. Science, 254(5032), 695-698."
REN-28,1041.0,2.0,2.0,U/Pb,Metamorphic,pelite,Monazite,TIMS,Direct,Grenville Province,ON,,,Central Metasedimentary Belt,"Central Metasedimentary Belt, Bancroft Terrane",Metamorphic,,"Mezger, K., Van Der Pluijm, B. A., Essene, E. J., & Halliday, A. N. (1991). Synorogenic collapse: A perspective from the middle crust, the Proterozoic Grenville Orogen. Science, 254(5032), 695-698."
90-45,1034.0,3.0,3.0,U/Pb,Metamorphic,marble mylonite,Titanite,TIMS,Direct,Grenville Province,ON,,,Central Metasedimentary Belt,"Central Metasedimentary Belt, Bancroft Terrane",Metamorphic,,"Mezger, K., Van Der Pluijm, B. A., Essene, E. J., & Halliday, A. N. (1991). Synorogenic collapse: A perspective from the middle crust, the Proterozoic Grenville Orogen. Science, 254(5032), 695-698."
90-45,1032.0,2.0,2.0,U/Pb,Metamorphic,marble,Titanite,TIMS,Direct,Grenville Province,ON,,,Central Metasedimentary Belt,"Central Metasedimentary Belt, Bancroft Terrane",Metamorphic,,"Mezger, K., Van Der Pluijm, B. A., Essene, E. J., & Halliday, A. N. (1991). Synorogenic collapse: A perspective from the middle crust, the Proterozoic Grenville Orogen. Science, 254(5032), 695-698."
90-47,1033.0,2.0,2.0,U/Pb,Metamorphic,calc-silicate gneiss,Titanite,TIMS,Direct,Grenville Province,ON,,,Central Metasedimentary Belt,"Central Metasedimentary Belt, Elzevir Terrane",Metamorphic,,"Mezger, K., Van Der Pluijm, B. A., Essene, E. J., & Halliday, A. N. (1991). Synorogenic collapse: A perspective from the middle crust, the Proterozoic Grenville Orogen. Science, 254(5032), 695-698."
90-88,1024.0,2.0,2.0,U/Pb,Metamorphic,amphibolite,Titanite,TIMS,Direct,Grenville Province,ON,,,Central Metasedimentary Belt,Central Metasedimentary Belt,Metamorphic,,"Mezger, K., Van Der Pluijm, B. A., Essene, E. J., & Halliday, A. N. (1991). Synorogenic collapse: A perspective from the middle crust, the Proterozoic Grenville Orogen. Science, 254(5032), 695-698."
BVM-91-695,978.0,6.0,5.0,U/Pb,Igneous Crystallization,"garnet-bearing, biotite-rich, quartzofeldspathic gneiss, with flaser gneissic fabric defined by hornblende and biotite separating zones of quartz, locally perthitic K-feldspar, and plagioclase",Zircon,TIMS,Direct,Appalachian Orogen,NS,46.90145,-60.67932,,"Humber Zone, Blair River Subzone - Otter Brook gneiss",Metamorphic,"garnet-bearing, biotite-rich, quartzofeldspathic gneiss, with flaser gneissic fabric defined by hornblende and biotite separating zones of quartz, locally perthitic K-feldspar, and plagioclase","Miller, B.V., Dunning, G.R., Barr, S.M., Raeside, R.P., Jamieson, R.A. and Reynolds, P.H., 1996. Magmatism and metamorphism in a Grenvillian fragment: U-Pb and 40Ar/39Ar ages from the Blair River Complex, northern Cape Breton Island, Nova Scotia, Canada; Geological Society of America Bulletin, v. 108, p. 127-14"
BVM-91-742,996.0,6.0,5.0,U/Pb,Igneous Crystallization,"layered anorthosite, contains quartz-rich felsic layers",Zircon,TIMS,Direct,Appalachian Orogen,NS,46.81876,-60.68419,,"Humber Zone, Blair River Subzone - Red River Anorthosite Suite",Plutonic,"layered anorthosite, contains quartz-rich felsic layers","Miller, B.V., Dunning, G.R., Barr, S.M., Raeside, R.P., Jamieson, R.A. and Reynolds, P.H., 1996. Magmatism and metamorphism in a Grenvillian fragment: U-Pb and 40Ar/39Ar ages from the Blair River Complex, northern Cape Breton Island, Nova Scotia, Canada; Geological Society of America Bulletin, v. 108, p. 127-140 OR/OU Miller, B.V. and Barr, S.M., 2000. Petrology and isotopic composition of a Grenvillian basement fragment in the Northern Appalachian orogen: Blair River Inlier, Nova Scotia, Canada; Journal of Petrology, v. 41, p. 1777-180"
BVM-91-773,1035.0,12.0,10.0,U/Pb,Metamorphic,weakly-layered granoblastic gneiss with small segregations of granitic leucosome,Zircon,TIMS,Direct,Appalachian Orogen,NS,46.9995,-60.63298,vicinity Sailor Brook,"Humber Zone, Blair River Subzone - Sailor Brook gneiss",Metamorphic,weakly-layered granoblastic gneiss with small segregations of granitic leucosome,"Miller, B.V., Dunning, G.R., Barr, S.M., Raeside, R.P., Jamieson, R.A. and Reynolds, P.H., 1996. Magmatism and metamorphism in a Grenvillian fragment: U-Pb and 40Ar/39Ar ages from the Blair River Complex, northern Cape Breton Island, Nova Scotia, Canada; Geological Society of America Bulletin, v. 108, p. 127-14"
SB-86-3140,1080.0,5.0,3.0,U/Pb,Igneous Crystallization,"sample not described. Typically ""brick red and coarse-grained"" syenite. Low-strain pod, preserving primary igneous textures, was sampled.",Zircon,TIMS,Direct,Appalachian Orogen,NS,47.00604,-60.60112,vicinity Lowland Brook,"Humber Zone, Blair River Subzone - Lowland Brook syenite",Plutonic,"sample not described. Typically ""brick red and coarse-grained"" syenite. Low-strain pod, preserving primary igneous textures, was sampled.","Miller, B.V., Dunning, G.R., Barr, S.M., Raeside, R.P., Jamieson, R.A. and Reynolds, P.H., 1996. Magmatism and metamorphism in a Grenvillian fragment: U-Pb and 40Ar/39Ar ages from the Blair River Complex, northern Cape Breton Island, Nova Scotia, Canada; Geological Society of America Bulletin, v. 108, p. 127-14"
BVM-91-742,1095.3,1.5,1.5,U/Pb,Igneous Crystallization,"layered anorthosite, contains quartz-rich felsic layers",Zircon,TIMS,Minimum Direct,Appalachian Orogen,NS,46.81876,-60.68419,,"Humber Zone, Blair River Subzone - Red River Anorthosite Suite",Plutonic,"layered anorthosite, contains quartz-rich felsic layers","Miller, B.V., Dunning, G.R., Barr, S.M., Raeside, R.P., Jamieson, R.A. and Reynolds, P.H., 1996. Magmatism and metamorphism in a Grenvillian fragment: U-Pb and 40Ar/39Ar ages from the Blair River Complex, northern Cape Breton Island, Nova Scotia, Canada; Geological Society of America Bulletin, v. 108, p. 127-140 OR/OU Miller, B.V. and Barr, S.M., 2000. Petrology and isotopic composition of a Grenvillian basement fragment in the Northern Appalachian orogen: Blair River Inlier, Nova Scotia, Canada; Journal of Petrology, v. 41, p. 1777-180"
BVM-91-773,1217.0,0.0,0.0,U/Pb,Igneous Crystallization,weakly-layered granoblastic gneiss with small segregations of granitic leucosome,Zircon,TIMS,Minimum Estimate,Appalachian Orogen,NS,46.9995,-60.63298,vicinity Sailor Brook,"Humber Zone, Blair River Subzone - Sailor Brook gneiss",Metamorphic,weakly-layered granoblastic gneiss with small segregations of granitic leucosome,"Miller, B.V., Dunning, G.R., Barr, S.M., Raeside, R.P., Jamieson, R.A. and Reynolds, P.H., 1996. Magmatism and metamorphism in a Grenvillian fragment: U-Pb and 40Ar/39Ar ages from the Blair River Complex, northern Cape Breton Island, Nova Scotia, Canada; Geological Society of America Bulletin, v. 108, p. 127-14"
79-7,1050.0,5.0,10.0,U/Pb,Metamorphic,mafic gneiss of nepheline-bearing gneiss suite,Zircon,TIMS,Unverified,Grenville Province,ON,44.88756,-78.39144,Haliburton-Bancroft area.,Central Metasedimentary Belt - unknown,Metamorphic,mafic gneiss of nepheline-bearing gneiss suite,"Miller, R.R., 1985. Age and Petrological Relationships of some igneous-textured and gneissic Alkaline rocks in the Haliburton-Bancroft Area; Ph.D. thesis, University of Toronto, Toronto, Ontario, p. 35"
79-4,1061.0,8.0,8.0,U/Pb,Recrystallization,felsic gneiss of nepheline-bearing gneiss suite,Zircon,TIMS,Unverified,Grenville Province,ON,44.97506,-78.2456,Haliburton-Bancroft area.,Central Metasedimentary Belt - unknown,Metamorphic,felsic gneiss of nepheline-bearing gneiss suite,"Miller, R.R., 1985. Age and Petrological Relationships of some igneous-textured and gneissic Alkaline rocks in the Haliburton-Bancroft Area; Ph.D. thesis, University of Toronto, Toronto, Ontario, p. 35"
79-5,1065.0,4.0,4.0,U/Pb,Igneous Crystallization,nepheline pegmatite,Zircon,TIMS,Unverified,Grenville Province,ON,44.88756,-78.37477,Haliburton-Bancroft area.,Central Metasedimentary Belt - Gooderham ne-pegmatite,Plutonic,nepheline pegmatite,"Miller, R.R., 1985. Age and Petrological Relationships of some igneous-textured and gneissic Alkaline rocks in the Haliburton-Bancroft Area; Ph.D. thesis, University of Toronto, Toronto, Ontario, p. 35"
78-4,1072.0,4.0,4.0,U/Pb,Igneous Crystallization,nepheline pegmatite,Zircon,TIMS,Unverified,Grenville Province,ON,44.89173,-78.32894,Haliburton-Bancroft area.,Central Metasedimentary Belt - Laronde Creek ne-pegmatite,Plutonic,nepheline pegmatite,"Miller, R.R., 1985. Age and Petrological Relationships of some igneous-textured and gneissic Alkaline rocks in the Haliburton-Bancroft Area; Ph.D. thesis, University of Toronto, Toronto, Ontario, p. 35"
Trooper-Larond,1165.0,17.0,17.0,Rb/Sr,Igneous Crystallization,nepheline syenite,Whole Rock,TIMS,Unverified,Grenville Province,ON,44.90839,-78.31644,Haliburton-Bancroft area.,Central Metasedimentary Belt - Trooper Lake-Laronde Creek stock,Plutonic,nepheline syenite,"Miller, R.R., 1985. Age and Petrological Relationships of some igneous-textured and gneissic Alkaline rocks in the Haliburton-Bancroft Area; Ph.D. thesis, University of Toronto, Toronto, Ontario, p. 35"
79-7,1219.0,18.0,12.0,U/Pb,Protolith age,mafic gneiss of nepheline-bearing gneiss suite,Zircon,TIMS,Unverified,Grenville Province,ON,44.88756,-78.39144,Haliburton-Bancroft area.,Central Metasedimentary Belt - unknown,Metamorphic,mafic gneiss of nepheline-bearing gneiss suite,"Miller, R.R., 1985. Age and Petrological Relationships of some igneous-textured and gneissic Alkaline rocks in the Haliburton-Bancroft Area; Ph.D. thesis, University of Toronto, Toronto, Ontario, p. 35"
Locn 3,1040.0,3.0,3.0,U/Pb,Metamorphic,carbonatite vein in anorthosite,Titanite,TIMS,Direct,Grenville Province,ON,44.95506,-78.65256,Approx. 5 km NE of Minden. Coordinates interpolated from sketch map in report,Central Metasedimentary belt boundary zone - Allsaw anorthosite,Metamorphic,carbonatite vein in anorthosite,"Moecher, D.P., Anderson, E.D., Cook, C.A. and Mezger, K., 1997. The petrogenesis of metamorphosed carbonatites in the Grenville Province, Ontario; Canadian Journal of Earth Sciences, v. 34, p. 1185-120"
Locn 24,1087.0,4.0,4.0,U/Pb,Metamorphic,"white carbonatite, abundant fluorapatite and coarse-grained zircon in thin section",Titanite,TIMS,Direct,Grenville Province,ON,44.82645,-78.75812,Approx. 1 km NE of Miners Bay. Coordinates interpolated from sketch map in report,Central Metasedimentary belt boundary zone - Miners Bay carbonatite,Volcanic,"white carbonatite, abundant fluorapatite and coarse-grained zircon in thin section","Moecher, D.P., Anderson, E.D., Cook, C.A. and Mezger, K., 1997. The petrogenesis of metamorphosed carbonatites in the Grenville Province, Ontario; Canadian Journal of Earth Sciences, v. 34, p. 1185-120"
Locn 24,1089.0,5.0,5.0,U/Pb,Igneous Crystallization,"white carbonatite, abundant fluorapatite and coarse-grained zircon in thin section",Zircon,TIMS,Direct,Grenville Province,ON,44.82645,-78.75812,Approx. 1 km NE of Miners Bay. Coordinates interpolated from sketch map in report,Central Metasedimentary belt boundary zone - Miners Bay carbonatite,Volcanic,"white carbonatite, abundant fluorapatite and coarse-grained zircon in thin section","Moecher, D.P., Anderson, E.D., Cook, C.A. and Mezger, K., 1997. The petrogenesis of metamorphosed carbonatites in the Grenville Province, Ontario; Canadian Journal of Earth Sciences, v. 34, p. 1185-120"
Locn 41,1143.0,8.0,8.0,U/Pb,Igneous Crystallization,carbonatite,Zircon,TIMS,Direct,Grenville Province,ON,45.01673,-78.29144,Near Essonville. Locality not shown on sketch map; Coordinates approximate (by OGS compilers),"Central Metasedimentary Belt, boundary zone - Essonville carbonatite",Volcanic,carbonatite,"Moecher, D.P., Anderson, E.D., Cook, C.A. and Mezger, K., 1997. The petrogenesis of metamorphosed carbonatites in the Grenville Province, Ontario; Canadian Journal of Earth Sciences, v. 34, p. 1185-120"
Locn 3,1170.0,3.0,3.0,U/Pb,Igneous Crystallization,carbonatite vein in anorthosite,Zircon,TIMS,Direct,Grenville Province,ON,44.95506,-78.65256,Approx. 5 km NE of Minden. Coordinates interpolated from sketch map in report,Central Metasedimentary belt boundary zone - Allsaw anorthosite,Metamorphic,carbonatite vein in anorthosite,"Moecher, D.P., Anderson, E.D., Cook, C.A. and Mezger, K., 1997. The petrogenesis of metamorphosed carbonatites in the Grenville Province, Ontario; Canadian Journal of Earth Sciences, v. 34, p. 1185-120"
Mealy 2,980.0,5.0,5.0,Ar/Ar,Cooling,"coarse-grained olivine gabbro dyke, weakly deformed",Biotite,Ar Furnace-Step,Estimate,Grenville Province,NL,53.725,-58.85833,"Southeast shoreline of Lake Melville, Labrador. Location approximated from sketch map in report relative to on-line digital mapping of NGS.",Mealy Mountains terrane - Mealy dykes,Plutonic,"coarse-grained olivine gabbro dyke, weakly deformed","Reynolds, P.H., 1989. 40Ar/39Ar dating of the Mealy dykes of Labrador: paleomagnetic implications.; Canadian Journal of Earth Sciences, v. 26, p. 1567-157"
Mealy 8,1014.0,15.0,15.0,Ar/Ar,Cooling,"medium- to coarse-grained olivine gabbro dyke, weakly deformed",Biotite,Ar Furnace-Step,Estimate,Grenville Province,NL,53.70417,-58.57917,"Southeast shoreline of Lake Melville, Labrador. Location approximated from sketch map in report relative to on-line digital mapping of NGS.",Mealy Mountains terrane - Mealy dykes,Plutonic,"medium- to coarse-grained olivine gabbro dyke, weakly deformed","Reynolds, P.H., 1989. 40Ar/39Ar dating of the Mealy dykes of Labrador: paleomagnetic implications.; Canadian Journal of Earth Sciences, v. 26, p. 1567-157"
Mealy 8R,1022.0,7.0,7.0,Ar/Ar,Cooling,"medium- to coarse-grained olivine gabbro dyke, weakly deformed",Biotite,Ar Furnace-Step,Estimate,Grenville Province,NL,53.70417,-58.57917,"Southeast shoreline of Lake Melville, Labrador. Location approximated from sketch map in report relative to on-line digital mapping of NGS.",Mealy Mountains terrane - Mealy dykes,Plutonic,"medium- to coarse-grained olivine gabbro dyke, weakly deformed","Reynolds, P.H., 1989. 40Ar/39Ar dating of the Mealy dykes of Labrador: paleomagnetic implications.; Canadian Journal of Earth Sciences, v. 26, p. 1567-157"
Mealy 16,1037.0,8.0,8.0,Ar/Ar,Cooling,"medium-grained gabbro dyke, deformed but with igneous texture preserved",Biotite,Ar Furnace-Step,Estimate,Grenville Province,NL,53.75417,-59.01389,"Southeast shoreline of Lake Melville, Labrador. Location approximated from sketch map in report relative to on-line digital mapping of NGS.",Mealy Mountains terrane - Mealy dykes,Plutonic,"medium-grained gabbro dyke, deformed but with igneous texture preserved","Reynolds, P.H., 1989. 40Ar/39Ar dating of the Mealy dykes of Labrador: paleomagnetic implications.; Canadian Journal of Earth Sciences, v. 26, p. 1567-157"
Mealy 18,1038.0,7.0,7.0,Ar/Ar,Cooling,"medium-grained olivine gabbro - diabase dyke, deformed but with igneous texture preserved",Biotite,Ar Furnace-Step,Estimate,Grenville Province,NL,53.74167,-59.01556,"Southeast shoreline of Lake Melville, Labrador. Location approximated from localized sketch map in report relative to on-line digital mapping of NGS.",Mealy Mountains terrane - Mealy dykes,Plutonic,"medium-grained olivine gabbro - diabase dyke, deformed but with igneous texture preserved","Reynolds, P.H., 1989. 40Ar/39Ar dating of the Mealy dykes of Labrador: paleomagnetic implications.; Canadian Journal of Earth Sciences, v. 26, p. 1567-157"
Mealy 16R,1062.0,7.0,7.0,Ar/Ar,Cooling,"medium-grained gabbro dyke, deformed but with igneous texture preserved",Biotite,Ar Furnace-Step,Estimate,Grenville Province,NL,53.75417,-59.01389,"Southeast shoreline of Lake Melville, Labrador. Location approximated from sketch map in report relative to on-line digital mapping of NGS. .",Mealy Mountains terrane - Mealy dykes,Plutonic,"medium-grained gabbro dyke, deformed but with igneous texture preserved","Reynolds, P.H., 1989. 40Ar/39Ar dating of the Mealy dykes of Labrador: paleomagnetic implications.; Canadian Journal of Earth Sciences, v. 26, p. 1567-157"
Mealy 18R,1065.0,7.0,7.0,Ar/Ar,Cooling,"medium-grained olivine gabbro - diabase dyke, deformed but with igneous texture preserved",Biotite,Ar Furnace-Step,Estimate,Grenville Province,NL,53.74167,-59.01556,"Southeast shoreline of Lake Melville, Labrador. Location approximated from sketch map in report relative to on-line digital mapping of NGS.",Mealy Mountains terrane - Mealy dykes,Plutonic,"medium-grained olivine gabbro - diabase dyke, deformed but with igneous texture preserved","Reynolds, P.H., 1989. 40Ar/39Ar dating of the Mealy dykes of Labrador: paleomagnetic implications.; Canadian Journal of Earth Sciences, v. 26, p. 1567-157"
Mealy 8,1087.0,7.0,7.0,Ar/Ar,Cooling,"medium- to coarse-grained olivine gabbro dyke, weakly deformed",Hornblende,Ar Furnace-Step,Minimum Estimate,Grenville Province,NL,53.70417,-58.57917,"Southeast shoreline of Lake Melville, Labrador. Location approximated from sketch map in report relative to on-line digital mapping of NGS.",Mealy Mountains terrane - Mealy dykes,Plutonic,"medium- to coarse-grained olivine gabbro dyke, weakly deformed","Reynolds, P.H., 1989. 40Ar/39Ar dating of the Mealy dykes of Labrador: paleomagnetic implications.; Canadian Journal of Earth Sciences, v. 26, p. 1567-157"
Mealy 18,1157.0,10.0,10.0,Ar/Ar,Cooling,"medium-grained olivine gabbro - diabase dyke, deformed but with igneous texture preserved",Hornblende,Ar Furnace-Step,Estimate,Grenville Province,NL,53.74167,-59.01556,"Southeast shoreline of Lake Melville, Labrador. Location approximated from localized sketch map in report relative to on-line digital mapping of NGS.",Mealy Mountains terrane - Mealy dykes,Plutonic,"medium-grained olivine gabbro - diabase dyke, deformed but with igneous texture preserved","Reynolds, P.H., 1989. 40Ar/39Ar dating of the Mealy dykes of Labrador: paleomagnetic implications.; Canadian Journal of Earth Sciences, v. 26, p. 1567-157"
Mealy 18R,1214.0,3.0,3.0,Ar/Ar,Cooling,"medium-grained olivine gabbro - diabase dyke, deformed but with igneous texture preserved",Hornblende,Ar Furnace-Step,Direct,Grenville Province,NL,53.74167,-59.01556,"Southeast shoreline of Lake Melville, Labrador. Location approximated from sketch map in report relative to on-line digital mapping of NGS.",Mealy Mountains terrane - Mealy dykes,Plutonic,"medium-grained olivine gabbro - diabase dyke, deformed but with igneous texture preserved","Reynolds, P.H., 1989. 40Ar/39Ar dating of the Mealy dykes of Labrador: paleomagnetic implications.; Canadian Journal of Earth Sciences, v. 26, p. 1567-157"
Mealy 16R,1223.0,7.0,7.0,Ar/Ar,Cooling,"medium-grained gabbro dyke, deformed but with igneous texture preserved",Hornblende,Ar Furnace-Step,Direct,Grenville Province,NL,53.75417,-59.01389,"Southeast shoreline of Lake Melville, Labrador. Location approximated from sketch map in report relative to on-line digital mapping of NGS. .",Mealy Mountains terrane - Mealy dykes,Plutonic,"medium-grained gabbro dyke, deformed but with igneous texture preserved","Reynolds, P.H., 1989. 40Ar/39Ar dating of the Mealy dykes of Labrador: paleomagnetic implications.; Canadian Journal of Earth Sciences, v. 26, p. 1567-157"
Mealy 8R,1286.0,5.0,5.0,Ar/Ar,Cooling,"medium- to coarse-grained olivine gabbro dyke, weakly deformed",Biotite,Ar Furnace-Step,Estimate,Grenville Province,NL,53.70417,-58.57917,"Southeast shoreline of Lake Melville, Labrador. Location approximated from sketch map in report relative to on-line digital mapping of NGS.",Mealy Mountains terrane - Mealy dykes,Plutonic,"medium- to coarse-grained olivine gabbro dyke, weakly deformed","Reynolds, P.H., 1989. 40Ar/39Ar dating of the Mealy dykes of Labrador: paleomagnetic implications.; Canadian Journal of Earth Sciences, v. 26, p. 1567-157"
Mealy 16,1306.0,7.0,7.0,Ar/Ar,Cooling,"medium-grained gabbro dyke, deformed but with igneous texture preserved",Hornblende,Ar Furnace-Step,Estimate,Grenville Province,NL,53.75417,-59.01389,"Southeast shoreline of Lake Melville, Labrador. Location approximated from sketch map in report relative to on-line digital mapping of NGS.",Mealy Mountains terrane - Mealy dykes,Plutonic,"medium-grained gabbro dyke, deformed but with igneous texture preserved","Reynolds, P.H., 1989. 40Ar/39Ar dating of the Mealy dykes of Labrador: paleomagnetic implications.; Canadian Journal of Earth Sciences, v. 26, p. 1567-157"
GFTZ 12,889.0,10.0,10.0,Ar/Ar,Cooling,metasediment,Muscovite,Ar Furnace-Step,Direct,Grenville Province,ON,45.39588,-80.04983,Approx. 3 km N of town of Parry Sound on Hwy 69. Coordinates interpolated from regional-scale sketch map in report (approximate),Britt Domain - unknown,Metamorphic,metasediment,"Reynolds, P.H., Culshaw, N.G., Jamieson, R.A., Grant, S.L. and McKenzie, K., 1995. 40Ar/39Ar traverse - Grenville Front tectonic zone to Britt domain, Grenville Province, Ontario, Canada; Journal Of Metamorphic Geology, v. 13, p. 209-22"
GFTZ 10,893.0,8.0,8.0,Ar/Ar,Cooling,metasediment,Muscovite,Ar Furnace-Step,Direct,Grenville Province,ON,45.45838,-80.31652,Approx. 16 km SSE of Pointe au Baril. Coordinates interpolated from regional-scale sketch map in report (approximate),Britt Domain - unknown,Metamorphic,metasediment,"Reynolds, P.H., Culshaw, N.G., Jamieson, R.A., Grant, S.L. and McKenzie, K., 1995. 40Ar/39Ar traverse - Grenville Front tectonic zone to Britt domain, Grenville Province, Ontario, Canada; Journal Of Metamorphic Geology, v. 13, p. 209-22"
GFTZ 13,896.0,8.0,8.0,Ar/Ar,Cooling,metasediment,Muscovite,Ar Furnace-Step,Direct,Grenville Province,ON,45.31672,-80.09984,Approx. 7 km SW of town of Parry Sound. Coordinates interpolated from regional-scale sketch map in report (approximate),Britt Domain - unknown,Metamorphic,metasediment,"Reynolds, P.H., Culshaw, N.G., Jamieson, R.A., Grant, S.L. and McKenzie, K., 1995. 40Ar/39Ar traverse - Grenville Front tectonic zone to Britt domain, Grenville Province, Ontario, Canada; Journal Of Metamorphic Geology, v. 13, p. 209-22"
GFTZ 70,901.0,6.0,6.0,Ar/Ar,Cooling,metasediment,Muscovite,Ar Furnace-Step,Direct,Grenville Province,ON,45.56672,-80.46652,"Shore, approx. 5 km WSW of Pointe au Baril. Coordinates interpolated from regional-scale sketch map in report (approximate)",Britt Domain - unknown,Metamorphic,metasediment,"Reynolds, P.H., Culshaw, N.G., Jamieson, R.A., Grant, S.L. and McKenzie, K., 1995. 40Ar/39Ar traverse - Grenville Front tectonic zone to Britt domain, Grenville Province, Ontario, Canada; Journal Of Metamorphic Geology, v. 13, p. 209-22"
GFTZ 11,904.0,6.0,6.0,Ar/Ar,Cooling,metasediment,Muscovite,Ar Furnace-Step,Direct,Grenville Province,ON,45.41672,-80.20817,"On road at N shore of Parry Sound, approx. 14 km 14 km NW of town of Parry Sound. Coordinates interpolated from regional-scale sketch map in report (approximate)",Britt Domain - unknown,Metamorphic,metasediment,"Reynolds, P.H., Culshaw, N.G., Jamieson, R.A., Grant, S.L. and McKenzie, K., 1995. 40Ar/39Ar traverse - Grenville Front tectonic zone to Britt domain, Grenville Province, Ontario, Canada; Journal Of Metamorphic Geology, v. 13, p. 209-22"
GFTZ 60,904.0,6.0,6.0,Ar/Ar,Cooling,metasediment,Muscovite,Ar Furnace-Step,Direct,Grenville Province,ON,45.67505,-80.45818,"Highway 69, approx. 13 km NW of Pointe au Baril. Coordinates interpolated from regional-scale sketch map in report (approximate)",Britt Domain - unknown,Metamorphic,metasediment,"Reynolds, P.H., Culshaw, N.G., Jamieson, R.A., Grant, S.L. and McKenzie, K., 1995. 40Ar/39Ar traverse - Grenville Front tectonic zone to Britt domain, Grenville Province, Ontario, Canada; Journal Of Metamorphic Geology, v. 13, p. 209-22"
GFTZ 1a,908.0,9.0,9.0,Ar/Ar,Cooling,metasediment,Muscovite,Ar Furnace-Step,Estimate,Grenville Province,ON,45.87504,-80.68319,"N shore of Georgian Bay, approx. 85 km NW of Pointe au Baril. Coordinates interpolated from regional-scale sketch map in report (approximate)",Britt Domain - unknown,Metamorphic,metasediment,"Reynolds, P.H., Culshaw, N.G., Jamieson, R.A., Grant, S.L. and McKenzie, K., 1995. 40Ar/39Ar traverse - Grenville Front tectonic zone to Britt domain, Grenville Province, Ontario, Canada; Journal Of Metamorphic Geology, v. 13, p. 209-22"
GFTZ 40,909.0,8.0,8.0,Ar/Ar,Cooling,metasediment,Muscovite,Ar Furnace-Step,Direct,Grenville Province,ON,45.77504,-80.66653,"N shore of Georgian Bay, approx. 70 km NW of Pointe au Baril. Coordinates interpolated from regional-scale sketch map in report (approximate)",Britt Domain - unknown,Metamorphic,metasediment,"Reynolds, P.H., Culshaw, N.G., Jamieson, R.A., Grant, S.L. and McKenzie, K., 1995. 40Ar/39Ar traverse - Grenville Front tectonic zone to Britt domain, Grenville Province, Ontario, Canada; Journal Of Metamorphic Geology, v. 13, p. 209-22"
GFTZ 50,909.0,6.0,6.0,Ar/Ar,Cooling,metasediment,Muscovite,Ar Furnace-Step,Direct,Grenville Province,ON,45.66672,-80.60403,"N shore of Georgian Bay, approx. 25 km WNW of Pointe au Baril. Coordinates interpolated from regional-scale sketch map in report (approximate)",Britt Domain - unknown,Metamorphic,metasediment,"Reynolds, P.H., Culshaw, N.G., Jamieson, R.A., Grant, S.L. and McKenzie, K., 1995. 40Ar/39Ar traverse - Grenville Front tectonic zone to Britt domain, Grenville Province, Ontario, Canada; Journal Of Metamorphic Geology, v. 13, p. 209-22"
E-GFTZ 102,922.0,8.0,8.0,Ar/Ar,Cooling,amphibolite,K-Feldspar,Ar Furnace-Step,Direct,Grenville Province,ON,45.93337,-80.99709,Approx. 1 km N of N shore of Georgian Bay. Coordinates interpolated from regional-scale sketch map in report (approximate),Grenville Front tectonic zone (Eastern) - unknown,Metamorphic,amphibolite,"Reynolds, P.H., Culshaw, N.G., Jamieson, R.A., Grant, S.L. and McKenzie, K., 1995. 40Ar/39Ar traverse - Grenville Front tectonic zone to Britt domain, Grenville Province, Ontario, Canada; Journal Of Metamorphic Geology, v. 13, p. 209-22"
E-GFTZ 91,924.0,0.0,0.0,Ar/Ar,Cooling,amphibolite,K-Feldspar,Ar Furnace-Step,Estimate,Grenville Province,ON,45.88893,-81.1332,N shore of Georgian Bay. Coordinates interpolated from regional-scale sketch map in report (approximate),Grenville Front tectonic zone (Eastern) - unknown,Metamorphic,amphibolite,"Reynolds, P.H., Culshaw, N.G., Jamieson, R.A., Grant, S.L. and McKenzie, K., 1995. 40Ar/39Ar traverse - Grenville Front tectonic zone to Britt domain, Grenville Province, Ontario, Canada; Journal Of Metamorphic Geology, v. 13, p. 209-22"
T-GFTZ 49,927.0,8.0,8.0,Ar/Ar,Cooling,leucocratic granitoid gneiss,K-Feldspar,Ar Furnace-Step,Direct,Grenville Province,ON,45.91254,-80.86653,N shore of Georgian Bay. Coordinates interpolated from regional-scale sketch map in report (approximate),"Grenville Front, Transition Zone - unknown",Metamorphic,leucocratic granitoid gneiss,"Reynolds, P.H., Culshaw, N.G., Jamieson, R.A., Grant, S.L. and McKenzie, K., 1995. 40Ar/39Ar traverse - Grenville Front tectonic zone to Britt domain, Grenville Province, Ontario, Canada; Journal Of Metamorphic Geology, v. 13, p. 209-22"
T-GFTZ 118,934.0,0.0,0.0,Ar/Ar,Cooling,dioritic orthogneiss,K-Feldspar,Ar Furnace-Step,Estimate,Grenville Province,ON,45.93615,-80.87903,N shore of Georgian Bay. Coordinates interpolated from regional-scale sketch map in report (approximate),"Grenville Front, Transition Zone - unknown",Metamorphic,dioritic orthogneiss,"Reynolds, P.H., Culshaw, N.G., Jamieson, R.A., Grant, S.L. and McKenzie, K., 1995. 40Ar/39Ar traverse - Grenville Front tectonic zone to Britt domain, Grenville Province, Ontario, Canada; Journal Of Metamorphic Geology, v. 13, p. 209-22"
E-GFTZ 33,936.0,8.0,8.0,Ar/Ar,Cooling,megacrystic monzonite orthogneiss,K-Feldspar,Ar Furnace-Step,Direct,Grenville Province,ON,45.92087,-80.92903,N shore of Georgian Bay. Coordinates interpolated from regional-scale sketch map in report (approximate),Grenville Front tectonic zone (Eastern) - unknown,Metamorphic,megacrystic monzonite orthogneiss,"Reynolds, P.H., Culshaw, N.G., Jamieson, R.A., Grant, S.L. and McKenzie, K., 1995. 40Ar/39Ar traverse - Grenville Front tectonic zone to Britt domain, Grenville Province, Ontario, Canada; Journal Of Metamorphic Geology, v. 13, p. 209-22"
T-GFTZ 38,936.0,7.0,7.0,Ar/Ar,Cooling,late pegmatite,Muscovite,Ar Furnace-Step,Direct,Grenville Province,ON,45.91254,-80.92486,Small island just off N shore of Georgian Bay. Coordinates interpolated from regional-scale sketch map in report (approximate),"Grenville Front, Transition Zone - unknown",Plutonic,late pegmatite,"Reynolds, P.H., Culshaw, N.G., Jamieson, R.A., Grant, S.L. and McKenzie, K., 1995. 40Ar/39Ar traverse - Grenville Front tectonic zone to Britt domain, Grenville Province, Ontario, Canada; Journal Of Metamorphic Geology, v. 13, p. 209-22"
T-GFTZ 108,937.0,7.0,7.0,Ar/Ar,Cooling,late pegmatite,Muscovite,Ar Furnace-Step,Direct,Grenville Province,ON,45.90837,-80.80819,Coordinates interpolated from regional-scale sketch map in report (approximate),"Grenville Front, Transition Zone - unknown",Plutonic,late pegmatite,"Reynolds, P.H., Culshaw, N.G., Jamieson, R.A., Grant, S.L. and McKenzie, K., 1995. 40Ar/39Ar traverse - Grenville Front tectonic zone to Britt domain, Grenville Province, Ontario, Canada; Journal Of Metamorphic Geology, v. 13, p. 209-22"
T-GFTZ 49,939.0,7.0,7.0,Ar/Ar,Cooling,leucocratic granitoid gneiss,Muscovite,Ar Furnace-Step,Direct,Grenville Province,ON,45.91254,-80.86653,N shore of Georgian Bay. Coordinates interpolated from regional-scale sketch map in report (approximate),"Grenville Front, Transition Zone - unknown",Metamorphic,leucocratic granitoid gneiss,"Reynolds, P.H., Culshaw, N.G., Jamieson, R.A., Grant, S.L. and McKenzie, K., 1995. 40Ar/39Ar traverse - Grenville Front tectonic zone to Britt domain, Grenville Province, Ontario, Canada; Journal Of Metamorphic Geology, v. 13, p. 209-22"
E-GFTZ 94,943.0,8.0,8.0,Ar/Ar,Cooling,amphibolite,K-Feldspar,Ar Furnace-Step,Direct,Grenville Province,ON,45.92087,-81.07904,N shore of Georgian Bay. Coordinates interpolated from regional-scale sketch map in report (approximate),Grenville Front tectonic zone (Eastern) - unknown,Metamorphic,amphibolite,"Reynolds, P.H., Culshaw, N.G., Jamieson, R.A., Grant, S.L. and McKenzie, K., 1995. 40Ar/39Ar traverse - Grenville Front tectonic zone to Britt domain, Grenville Province, Ontario, Canada; Journal Of Metamorphic Geology, v. 13, p. 209-22"
E-GFTZ 103,985.0,8.0,8.0,Ar/Ar,Cooling,megacrystic monzonite orthogneiss,K-Feldspar,Ar Furnace-Step,Direct,Grenville Province,ON,45.91671,-80.9957,N shore of Georgian Bay. Coordinates interpolated from regional-scale sketch map in report (approximate),Grenville Front tectonic zone (Eastern) - unknown,Metamorphic,megacrystic monzonite orthogneiss,"Reynolds, P.H., Culshaw, N.G., Jamieson, R.A., Grant, S.L. and McKenzie, K., 1995. 40Ar/39Ar traverse - Grenville Front tectonic zone to Britt domain, Grenville Province, Ontario, Canada; Journal Of Metamorphic Geology, v. 13, p. 209-22"
T-GFTZ 107,995.0,5.0,5.0,Ar/Ar,Cooling,granodioritic orthogneiss,Hornblende,Ar Furnace-Step,Direct,Grenville Province,ON,45.90004,-80.82069,"N shore of Georgian Bay, map shows locality as offshore (small island?). Coordinates interpolated from regional-scale sketch map in report (approximate)","Grenville Front, Transition Zone - unknown",Metamorphic,granodioritic orthogneiss,"Reynolds, P.H., Culshaw, N.G., Jamieson, R.A., Grant, S.L. and McKenzie, K., 1995. 40Ar/39Ar traverse - Grenville Front tectonic zone to Britt domain, Grenville Province, Ontario, Canada; Journal Of Metamorphic Geology, v. 13, p. 209-22"
E-GFTZ 103,996.0,5.0,5.0,Ar/Ar,Cooling,megacrystic monzonite orthogneiss,Hornblende,Ar Furnace-Step,Direct,Grenville Province,ON,45.91671,-80.9957,N shore of Georgian Bay. Coordinates interpolated from regional-scale sketch map in report (approximate),Grenville Front tectonic zone (Eastern) - unknown,Metamorphic,megacrystic monzonite orthogneiss,"Reynolds, P.H., Culshaw, N.G., Jamieson, R.A., Grant, S.L. and McKenzie, K., 1995. 40Ar/39Ar traverse - Grenville Front tectonic zone to Britt domain, Grenville Province, Ontario, Canada; Journal Of Metamorphic Geology, v. 13, p. 209-22"
E-GFTZ 33,997.0,8.0,8.0,Ar/Ar,Cooling,megacrystic monzonite orthogneiss,Hornblende,Ar Furnace-Step,Estimate,Grenville Province,ON,45.92087,-80.92903,N shore of Georgian Bay. Coordinates interpolated from regional-scale sketch map in report (approximate),Grenville Front tectonic zone (Eastern) - unknown,Metamorphic,megacrystic monzonite orthogneiss,"Reynolds, P.H., Culshaw, N.G., Jamieson, R.A., Grant, S.L. and McKenzie, K., 1995. 40Ar/39Ar traverse - Grenville Front tectonic zone to Britt domain, Grenville Province, Ontario, Canada; Journal Of Metamorphic Geology, v. 13, p. 209-22"
T-GFTZ 49,1003.0,8.0,8.0,Ar/Ar,Cooling,leucocratic granitoid gneiss,Hornblende,Ar Furnace-Step,Direct,Grenville Province,ON,45.91254,-80.86653,N shore of Georgian Bay. Coordinates interpolated from regional-scale sketch map in report (approximate),"Grenville Front, Transition Zone - unknown",Metamorphic,leucocratic granitoid gneiss,"Reynolds, P.H., Culshaw, N.G., Jamieson, R.A., Grant, S.L. and McKenzie, K., 1995. 40Ar/39Ar traverse - Grenville Front tectonic zone to Britt domain, Grenville Province, Ontario, Canada; Journal Of Metamorphic Geology, v. 13, p. 209-22"
T-GFTZ 118,1010.0,8.0,8.0,Ar/Ar,Cooling,dioritic orthogneiss,Hornblende,Ar Furnace-Step,Direct,Grenville Province,ON,45.93615,-80.87903,N shore of Georgian Bay. Coordinates interpolated from regional-scale sketch map in report (approximate),"Grenville Front, Transition Zone - unknown",Metamorphic,dioritic orthogneiss,"Reynolds, P.H., Culshaw, N.G., Jamieson, R.A., Grant, S.L. and McKenzie, K., 1995. 40Ar/39Ar traverse - Grenville Front tectonic zone to Britt domain, Grenville Province, Ontario, Canada; Journal Of Metamorphic Geology, v. 13, p. 209-22"
E-GFTZ 102,1025.0,5.0,5.0,Ar/Ar,Cooling,amphibolite,Hornblende,Ar Furnace-Step,Direct,Grenville Province,ON,45.93337,-80.99709,Approx. 1 km N of N shore of Georgian Bay. Coordinates interpolated from regional-scale sketch map in report (approximate),Grenville Front tectonic zone (Eastern) - unknown,Metamorphic,amphibolite,"Reynolds, P.H., Culshaw, N.G., Jamieson, R.A., Grant, S.L. and McKenzie, K., 1995. 40Ar/39Ar traverse - Grenville Front tectonic zone to Britt domain, Grenville Province, Ontario, Canada; Journal Of Metamorphic Geology, v. 13, p. 209-22"
E-GFTZ 91,1048.0,8.0,8.0,Ar/Ar,Cooling,amphibolite,Hornblende,Ar Furnace-Step,Direct,Grenville Province,ON,45.88893,-81.1332,N shore of Georgian Bay. Coordinates interpolated from regional-scale sketch map in report (approximate),Grenville Front tectonic zone (Eastern) - unknown,Metamorphic,amphibolite,"Reynolds, P.H., Culshaw, N.G., Jamieson, R.A., Grant, S.L. and McKenzie, K., 1995. 40Ar/39Ar traverse - Grenville Front tectonic zone to Britt domain, Grenville Province, Ontario, Canada; Journal Of Metamorphic Geology, v. 13, p. 209-22"
E-GFTZ 91,1116.0,12.0,12.0,Ar/Ar,Cooling,amphibolite,Muscovite,Ar Furnace-Step,Estimate,Grenville Province,ON,45.88893,-81.1332,N shore of Georgian Bay. Coordinates interpolated from regional-scale sketch map in report (approximate),Grenville Front tectonic zone (Eastern) - unknown,Metamorphic,amphibolite,"Reynolds, P.H., Culshaw, N.G., Jamieson, R.A., Grant, S.L. and McKenzie, K., 1995. 40Ar/39Ar traverse - Grenville Front tectonic zone to Britt domain, Grenville Province, Ontario, Canada; Journal Of Metamorphic Geology, v. 13, p. 209-22"
E-GFTZ 94,1124.0,8.0,8.0,Ar/Ar,Cooling,amphibolite,Hornblende,Ar Furnace-Step,Direct,Grenville Province,ON,45.92087,-81.07904,N shore of Georgian Bay. Coordinates interpolated from regional-scale sketch map in report (approximate),Grenville Front tectonic zone (Eastern) - unknown,Metamorphic,amphibolite,"Reynolds, P.H., Culshaw, N.G., Jamieson, R.A., Grant, S.L. and McKenzie, K., 1995. 40Ar/39Ar traverse - Grenville Front tectonic zone to Britt domain, Grenville Province, Ontario, Canada; Journal Of Metamorphic Geology, v. 13, p. 209-22"
RF-1,995.0,0.0,0.0,U/Pb,Igneous Crystallization,high grade uranium ore,Uraninite,TIMS,Estimate,Grenville Province,ON,45.06673,-77.91643,"Bancroft area, Madawaska uranium mine. Coordinates approximate.",Central Gneiss Belt - Madawaska deposit,Hydrothermal,high grade uranium ore,"Rimsaite, J., 1981. Isotope, scanning electron microscope and energy dispersive studies of heterogeneous zircons from radioactive granites in the Grenville Structural Province, Quebec and Ontario; Current Research Part B, Geological Survey of Canada Paper 81-1B, p. 25-35 OR/OU Rimsaite, J., 1982. Mineralogical and petrochemical properties of heterogeneous granitoid rocks from radioactive occurrences in the Grenville structural province, Ontario and Quebec; Uranium in Granites, Geological Survey of Canada, Paper 81-23, p. 19-3"
RF-1,1020.0,0.0,0.0,U/Pb,Igneous Crystallization,high grade uranium ore,Zircon,TIMS,Estimate,Grenville Province,ON,45.06673,-77.91643,"Bancroft area, Madawaska uranium mine. Coordinates approximate.",Central Gneiss Belt - Madawaska deposit,Hydrothermal,high grade uranium ore,"Rimsaite, J., 1981. Isotope, scanning electron microscope and energy dispersive studies of heterogeneous zircons from radioactive granites in the Grenville Structural Province, Quebec and Ontario; Current Research Part B, Geological Survey of Canada Paper 81-1B, p. 25-35 OR/OU Rimsaite, J., 1982. Mineralogical and petrochemical properties of heterogeneous granitoid rocks from radioactive occurrences in the Grenville structural province, Ontario and Quebec; Uranium in Granites, Geological Survey of Canada, Paper 81-23, p. 19-3"
RF-1,1052.0,0.0,0.0,U/Pb,Igneous Crystallization,high grade uranium ore,Uraninite,TIMS,Direct,Grenville Province,ON,45.06673,-77.91643,"Bancroft area, Madawaska uranium mine. Coordinates approximate.",Central Gneiss Belt - Madawaska deposit,Hydrothermal,high grade uranium ore,"Rimsaite, J., 1981. Isotope, scanning electron microscope and energy dispersive studies of heterogeneous zircons from radioactive granites in the Grenville Structural Province, Quebec and Ontario; Current Research Part B, Geological Survey of Canada Paper 81-1B, p. 25-35 OR/OU Rimsaite, J., 1982. Mineralogical and petrochemical properties of heterogeneous granitoid rocks from radioactive occurrences in the Grenville structural province, Ontario and Quebec; Uranium in Granites, Geological Survey of Canada, Paper 81-23, p. 19-3"
RF-1,1072.0,0.0,0.0,U/Pb,Igneous Crystallization,high grade uranium ore,Thorianite,TIMS,Estimate,Grenville Province,ON,45.06673,-77.91643,"Bancroft area, Madawaska uranium mine. Coordinates approximate.",Central Gneiss Belt - Madawaska deposit,Hydrothermal,high grade uranium ore,"Rimsaite, J., 1981. Isotope, scanning electron microscope and energy dispersive studies of heterogeneous zircons from radioactive granites in the Grenville Structural Province, Quebec and Ontario; Current Research Part B, Geological Survey of Canada Paper 81-1B, p. 25-35 OR/OU Rimsaite, J., 1982. Mineralogical and petrochemical properties of heterogeneous granitoid rocks from radioactive occurrences in the Grenville structural province, Ontario and Quebec; Uranium in Granites, Geological Survey of Canada, Paper 81-23, p. 19-3"
JMV-1,821.0,0.0,0.0,U/Pb,Igneous Crystallization,Ore,Titanite,TIMS,Uncertain,Grenville Province,QC,46.58338,-75.49965,N of Mont Laurier. Coordinates approximate.,Frontenac - Adirondack Lowlands terrane - unknown,Hydrothermal,Ore,"Rimsaite, J., 1985. Petrography, petrochemistry, and mineral associations of selected rocks and radioactive occurrences north of Mont-Laurier, Quebec a progress report; Current Research Part A, Geological Survey of Canada Paper 85-1A, p. 47-6"
JMV-3,1013.0,0.0,0.0,U/Pb,Igneous Crystallization,Migmatite,Zircon,TIMS,Uncertain,Grenville Province,QC,46.58338,-75.49965,N of Mont Laurier. Coordinates approximate.,Frontenac - Adirondack Lowlands terrane - unknown,Metamorphic,Migmatite,"Rimsaite, J., 1985. Petrography, petrochemistry, and mineral associations of selected rocks and radioactive occurrences north of Mont-Laurier, Quebec a progress report; Current Research Part A, Geological Survey of Canada Paper 85-1A, p. 47-6"
H-50,1032.0,0.0,0.0,U/Pb,Igneous Crystallization,Pegmatite,"Thorianite, Uraninite",TIMS,Uncertain,Grenville Province,QC,46.58338,-75.49965,N of Mont Laurier. Coordinates approximate.,Frontenac - Adirondack Lowlands terrane - unknown,Plutonic,Pegmatite,"Rimsaite, J., 1985. Petrography, petrochemistry, and mineral associations of selected rocks and radioactive occurrences north of Mont-Laurier, Quebec a progress report; Current Research Part A, Geological Survey of Canada Paper 85-1A, p. 47-6"
JMV-1,1052.7,0.0,0.0,U/Pb,Igneous Crystallization,Ore,Zircon,TIMS,Uncertain,Grenville Province,QC,46.58338,-75.49965,N of Mont Laurier. Coordinates approximate.,Frontenac - Adirondack Lowlands terrane - unknown,Hydrothermal,Ore,"Rimsaite, J., 1985. Petrography, petrochemistry, and mineral associations of selected rocks and radioactive occurrences north of Mont-Laurier, Quebec a progress report; Current Research Part A, Geological Survey of Canada Paper 85-1A, p. 47-6"
"CG(84)-468d, e",926.0,5.0,5.0,U/Pb,Cooling,gabbro,Rutile,TIMS,Estimate,Grenville Province,NL,54.18812,-57.43431,"2 km southeast of Cuff Island, Labrador. Coordinates interpolated from regional-scale sketch map in report (by NGS compilers)",Groswater Bay terrane - Michael Gabbro,Plutonic,gabbro,"Scharer, U., Krogh, T.E. and Gower, C.F., 1986. Age and evolution of the Grenville Province in eastern Labrador from U - Pb systematics in accessory minerals; Contributions to Mineralogy and Petrology, v. 94, p. 438-45"
Lab-12,941.0,39.0,36.0,U/Pb,Pb Loss,granite,Zircon,TIMS,Estimate,Grenville Province,NL,54.00258,-59.93241,23.7 km north of Sebaskachu Bay. Coordinates interpolated from regional-scale sketch map in report (by NGS compilers),Groswater Bay terrane - Double Mer granite,Plutonic,granite,"Scharer, U., Krogh, T.E. and Gower, C.F., 1986. Age and evolution of the Grenville Province in eastern Labrador from U - Pb systematics in accessory minerals; Contributions to Mineralogy and Petrology, v. 94, p. 438-45"
CG84-468B,968.0,7.0,8.0,U/Pb,Igneous Crystallization,well-banded granodiorite gneiss,"Zircon, Titanite",TIMS,Estimate,Grenville Province,NL,54.18812,-57.43431,"2 km southeast of Cuff Island, Labrador. Coordinates interpolated from regional-scale sketch map in report (by NGS compilers)",Groswater Bay terrane - tonalitic-granodioritic gneiss,Plutonic,well-banded granodiorite gneiss,"Scharer, U., Krogh, T.E. and Gower, C.F., 1986. Age and evolution of the Grenville Province in eastern Labrador from U - Pb systematics in accessory minerals; Contributions to Mineralogy and Petrology, v. 94, p. 438-45"
CG(84)-172C,970.0,0.0,0.0,U/Pb,Metamorphic,garnetiferous biotite pegmatite,Titanite,TIMS,Estimate,Grenville Province,NL,53.89978,-56.93957,"Double Island, 15 km north - northeast of Cartwright, Labrador. Coordinates interpolated from regional-scale sketch map in report (by NGS compilers)",Groswater Bay terrane - Tonalitic-granodioritic gneiss,Plutonic,garnetiferous biotite pegmatite,"Scharer, U., Krogh, T.E. and Gower, C.F., 1986. Age and evolution of the Grenville Province in eastern Labrador from U - Pb systematics in accessory minerals; Contributions to Mineralogy and Petrology, v. 94, p. 438-45"
CG84-468A,972.0,4.0,4.0,U/Pb,Metamorphic,nebulitic granodiorite,Titanite,TIMS,Direct,Grenville Province,NL,54.18812,-57.43431,"Cuff Island, Labrador. Coordinates interpolated from regional-scale sketch map in report (by NGS compilers)",Groswater Bay terrane - Tonalitic-granodioritic gneiss,Plutonic,nebulitic granodiorite,"Scharer, U., Krogh, T.E. and Gower, C.F., 1986. Age and evolution of the Grenville Province in eastern Labrador from U - Pb systematics in accessory minerals; Contributions to Mineralogy and Petrology, v. 94, p. 438-45"
CG(84)-172B,978.0,4.0,4.0,U/Pb,Metamorphic,granodioritic to tonalitic gneiss,Titanite,TIMS,Direct,Grenville Province,NL,53.89978,-56.93957,"Double Island, 15 km north-northwest of Cartwright, Labrador. Coordinates interpolated from regional-scale sketch map in report (by NGS compilers)",Groswater Bay terrane - Tonalitic-granodioritic gneiss,Plutonic,granodioritic to tonalitic gneiss,"Scharer, U., Krogh, T.E. and Gower, C.F., 1986. Age and evolution of the Grenville Province in eastern Labrador from U - Pb systematics in accessory minerals; Contributions to Mineralogy and Petrology, v. 94, p. 438-45"
CG(83)-554,1026.0,0.0,0.0,U/Pb,Metamorphic,granodiorite,Titanite,TIMS,Minimum Direct,Grenville Province,NL,53.97969,-58.84221,"Neveisik Island, Labrador. Coordinates interpolated from regional-scale sketch map in report (by NGS compilers)",Lake Melville terrane - unknown,Plutonic,granodiorite,"Scharer, U., Krogh, T.E. and Gower, C.F., 1986. Age and evolution of the Grenville Province in eastern Labrador from U - Pb systematics in accessory minerals; Contributions to Mineralogy and Petrology, v. 94, p. 438-45"
CG(84)-494,1029.0,2.0,2.0,U/Pb,Igneous Crystallization,microgranitic dyke,Monazite,TIMS,Direct,Grenville Province,NL,53.28423,-57.47793,"22 km southwest of Paradise River settlement, on Beaver Brook, Labrador. Coordinates interpolated from regional-scale sketch map in report (by NGS compilers)",Hawke River terrane - Beaver Brook microgranite,Plutonic,microgranitic dyke,"Scharer, U., Krogh, T.E. and Gower, C.F., 1986. Age and evolution of the Grenville Province in eastern Labrador from U - Pb systematics in accessory minerals; Contributions to Mineralogy and Petrology, v. 94, p. 438-45"
CG(84)-495,1030.0,2.0,2.0,U/Pb,Metamorphic,migmatitic orthogneiss,"Monazite, Titanite",TIMS,Direct,Grenville Province,NL,53.21145,-57.76266,"41 km southwest of Paradise River settlement, 1 km northwest of the informally named Second Choice Lake, Labrador. Coordinates interpolated from regional-scale sketch map in report (by NGS compilers)",Mealy Mountains terrane - unknown,Metamorphic,migmatitic orthogneiss,"Scharer, U., Krogh, T.E. and Gower, C.F., 1986. Age and evolution of the Grenville Province in eastern Labrador from U - Pb systematics in accessory minerals; Contributions to Mineralogy and Petrology, v. 94, p. 438-45"
CG(84)-473,1038.0,0.0,0.0,U/Pb,Metamorphic,biotite amphibolite dyke,Zircon,TIMS,Estimate,Grenville Province,NL,53.88618,-58.32377,"Upper North River (36 km east - southeast of Neveisik Island), Labrador. Coordinates interpolated from regional-scale sketch map in report (by NGS compilers)",Lake Melville terrane - unnamed,Metamorphic,biotite amphibolite dyke,"Scharer, U., Krogh, T.E. and Gower, C.F., 1986. Age and evolution of the Grenville Province in eastern Labrador from U - Pb systematics in accessory minerals; Contributions to Mineralogy and Petrology, v. 94, p. 438-45"
Lab-13,1038.0,98.0,81.0,U/Pb,Pb Loss,tonalite gneiss,Zircon,TIMS,Estimate,Grenville Province,NL,53.85008,-60.41577,400 m north of Sebaskachu River. Coordinates interpolated from regional-scale sketch map in report (by NGS compilers),Lake Melville terrane - Sebaskatchu tonalite,Plutonic,tonalite gneiss,"Scharer, U., Krogh, T.E. and Gower, C.F., 1986. Age and evolution of the Grenville Province in eastern Labrador from U - Pb systematics in accessory minerals; Contributions to Mineralogy and Petrology, v. 94, p. 438-45"
CG(83)-551,1296.0,13.0,12.0,U/Pb,Igneous Crystallization,syenite / granite,Zircon,TIMS,Direct,Grenville Province,NL,53.88618,-58.32377,"Upper North River (36 km east - southeast of Neveisik Island), Labrador. Coordinates interpolated from regional-scale sketch map in report (by NGS compilers)",Lake Melville terrane - North River granite / syenite,Plutonic,syenite / granite,"Scharer, U., Krogh, T.E. and Gower, C.F., 1986. Age and evolution of the Grenville Province in eastern Labrador from U - Pb systematics in accessory minerals; Contributions to Mineralogy and Petrology, v. 94, p. 438-45"
CG(84)-172E,1426.0,6.0,6.0,U/Pb,Igneous Crystallization,metagabbro,Zircon,TIMS,Direct,Grenville Province,NL,53.89268,-56.94134,"Double Island, 15 km north - northeast of Cartwright, Labrador. Coordinates interpolated from regional-scale sketch map in report (by NGS compilers)",Groswater Bay terrane - Michael Gabbro,Plutonic,metagabbro,"Scharer, U., Krogh, T.E. and Gower, C.F., 1986. Age and evolution of the Grenville Province in eastern Labrador from U - Pb systematics in accessory minerals; Contributions to Mineralogy and Petrology, v. 94, p. 438-45"
CG(84)-172C,1499.0,8.0,7.0,U/Pb,Igneous Crystallization,garnetiferous biotite pegmatite,Zircon,TIMS,Direct,Grenville Province,NL,53.89978,-56.93957,"Double Island, 15 km north - northeast of Cartwright, Labrador. Coordinates interpolated from regional-scale sketch map in report (by NGS compilers)",Groswater Bay terrane - Tonalitic-granodioritic gneiss,Plutonic,garnetiferous biotite pegmatite,"Scharer, U., Krogh, T.E. and Gower, C.F., 1986. Age and evolution of the Grenville Province in eastern Labrador from U - Pb systematics in accessory minerals; Contributions to Mineralogy and Petrology, v. 94, p. 438-45"
CG(84)-494,1566.0,13.0,13.0,U/Pb,Inheritance,microgranitic dyke,"Zircon, Monazite",TIMS,Direct,Grenville Province,NL,53.28423,-57.47793,"22 km southwest of Paradise River settlement, on Beaver Brook, Labrador. Coordinates interpolated from regional-scale sketch map in report (by NGS compilers)",Hawke River terrane - Beaver Brook microgranite,Plutonic,microgranitic dyke,"Scharer, U., Krogh, T.E. and Gower, C.F., 1986. Age and evolution of the Grenville Province in eastern Labrador from U - Pb systematics in accessory minerals; Contributions to Mineralogy and Petrology, v. 94, p. 438-45"
CG84-468B,1587.0,60.0,55.0,U/Pb,Inheritance,well-banded granodiorite gneiss,"Zircon, Titanite",TIMS,Estimate,Grenville Province,NL,54.18812,-57.43431,"2 km southeast of Cuff Island, Labrador. Coordinates interpolated from regional-scale sketch map in report (by NGS compilers)",Groswater Bay terrane - tonalitic-granodioritic gneiss,Plutonic,well-banded granodiorite gneiss,"Scharer, U., Krogh, T.E. and Gower, C.F., 1986. Age and evolution of the Grenville Province in eastern Labrador from U - Pb systematics in accessory minerals; Contributions to Mineralogy and Petrology, v. 94, p. 438-45"
Lab-12,1632.0,10.0,9.0,U/Pb,Igneous Crystallization,granite,Zircon,TIMS,Direct,Grenville Province,NL,54.00258,-59.93241,23.7 km north of Sebaskachu Bay. Coordinates interpolated from regional-scale sketch map in report (by NGS compilers),Groswater Bay terrane - Double Mer granite,Plutonic,granite,"Scharer, U., Krogh, T.E. and Gower, C.F., 1986. Age and evolution of the Grenville Province in eastern Labrador from U - Pb systematics in accessory minerals; Contributions to Mineralogy and Petrology, v. 94, p. 438-45"
CG(84)-172A,1654.0,5.0,5.0,U/Pb,Igneous Crystallization,garnetiferous quartz diorite,Zircon,TIMS,Estimate,Grenville Province,NL,53.89978,-56.93957,"Double Island, 15 km north-northwest of Cartwright, Labrador. Coordinates interpolated from regional-scale sketch map in report (by NGS compilers)",Groswater Bay terrane - Tonalitic-granodioritic gneiss,Plutonic,garnetiferous quartz diorite,"Scharer, U., Krogh, T.E. and Gower, C.F., 1986. Age and evolution of the Grenville Province in eastern Labrador from U - Pb systematics in accessory minerals; Contributions to Mineralogy and Petrology, v. 94, p. 438-45"
CG(84)-172B,1658.0,5.0,5.0,U/Pb,Igneous Crystallization,granodioritic to tonalitic gneiss,"Zircon, Titanite",TIMS,Direct,Grenville Province,NL,53.89978,-56.93957,"Double Island, 15 km north-northwest of Cartwright, Labrador. Coordinates interpolated from regional-scale sketch map in report (by NGS compilers)",Groswater Bay terrane - Tonalitic-granodioritic gneiss,Plutonic,granodioritic to tonalitic gneiss,"Scharer, U., Krogh, T.E. and Gower, C.F., 1986. Age and evolution of the Grenville Province in eastern Labrador from U - Pb systematics in accessory minerals; Contributions to Mineralogy and Petrology, v. 94, p. 438-45"
CG(84)-436,1671.0,4.0,4.0,U/Pb,Igneous Crystallization,hornblende quartz-diorite,Zircon,TIMS,Direct,Grenville Province,NL,53.53129,-57.28642,"Red Island, Sandwich Bay, Labrador. Coordinates interpolated from regional-scale sketch map in report (by NGS compilers)",Hawke River terrane - Red Island quartz diorite,Plutonic,hornblende quartz-diorite,"Scharer, U., Krogh, T.E. and Gower, C.F., 1986. Age and evolution of the Grenville Province in eastern Labrador from U - Pb systematics in accessory minerals; Contributions to Mineralogy and Petrology, v. 94, p. 438-45"
CG(84)-495,1677.0,16.0,15.0,U/Pb,Protolith age,migmatitic orthogneiss,"Zircon, Monazite",TIMS,Direct,Grenville Province,NL,53.21145,-57.76266,"41 km southwest of Paradise River settlement, 1 km northwest of the informally named Second Choice Lake, Labrador. Coordinates interpolated from regional-scale sketch map in report (by NGS compilers)",Mealy Mountains terrane - unknown,Metamorphic,migmatitic orthogneiss,"Scharer, U., Krogh, T.E. and Gower, C.F., 1986. Age and evolution of the Grenville Province in eastern Labrador from U - Pb systematics in accessory minerals; Contributions to Mineralogy and Petrology, v. 94, p. 438-45"
CG(83)-554,1678.0,6.0,6.0,U/Pb,Igneous Crystallization,granodiorite,"Zircon, Titanite",TIMS,Direct,Grenville Province,NL,53.97969,-58.84221,"Neveisik Island, Labrador. Coordinates interpolated from regional-scale sketch map in report (by NGS compilers)",Lake Melville terrane - unknown,Plutonic,granodiorite,"Scharer, U., Krogh, T.E. and Gower, C.F., 1986. Age and evolution of the Grenville Province in eastern Labrador from U - Pb systematics in accessory minerals; Contributions to Mineralogy and Petrology, v. 94, p. 438-45"
Lab-13,1680.0,18.0,11.0,U/Pb,Igneous Crystallization,tonalite gneiss,Zircon,TIMS,Direct,Grenville Province,NL,53.85008,-60.41577,400 m north of Sebaskachu River. Coordinates interpolated from regional-scale sketch map in report (by NGS compilers),Lake Melville terrane - Sebaskatchu tonalite,Plutonic,tonalite gneiss,"Scharer, U., Krogh, T.E. and Gower, C.F., 1986. Age and evolution of the Grenville Province in eastern Labrador from U - Pb systematics in accessory minerals; Contributions to Mineralogy and Petrology, v. 94, p. 438-45"
CG84-468A,1709.0,7.0,6.0,U/Pb,Igneous Crystallization,nebulitic granodiorite,"Zircon, Titanite",TIMS,Direct,Grenville Province,NL,54.18812,-57.43431,"Cuff Island, Labrador. Coordinates interpolated from regional-scale sketch map in report (by NGS compilers)",Groswater Bay terrane - Tonalitic-granodioritic gneiss,Plutonic,nebulitic granodiorite,"Scharer, U., Krogh, T.E. and Gower, C.F., 1986. Age and evolution of the Grenville Province in eastern Labrador from U - Pb systematics in accessory minerals; Contributions to Mineralogy and Petrology, v. 94, p. 438-45"
NC9-1,1143.8,5.4,5.4,Ar/Ar,Cooling,Plateau Age,Hornblende,Laser-Step,,Grenville Province,QC,45.73231,-75.90793,Otter Lake,Central Metasedimentary Belt: MontLaurierTerrane,Metamorphic,medium- to coarse- grained amphibolite,"Schneider, D.A., Cope, N. and Holm, D.K., 2013, Thermochronology of the Mont Laurier terrane, southern Canadian Grenville Province, and its bearing on defining orogenic architecture, Precambrian Research, 226, 43-58."
NC9-2,1153.2,8.0,8.0,Ar/Ar,Cooling,Plateau Age,Phlogopite,Laser-Step,,Grenville Province,QC,45.9237,-76.44695,Otter Lake,Central Metasedimentary Belt: MontLaurierTerrane,Metamorphic,fo-phl marble,"Schneider, D.A., Cope, N. and Holm, D.K., 2013, Thermochronology of the Mont Laurier terrane, southern Canadian Grenville Province, and its bearing on defining orogenic architecture, Precambrian Research, 226, 43-58."
NC9-6A,891.7,4.3,4.3,Ar/Ar,Cooling,Plateau Age,Biotite,Laser-Step,,Grenville Province,QC,45.9141,-76.44679,Otter Lake,Central Metasedimentary Belt: MontLaurierTerrane,Metamorphic,garnet biotite gneiss,"Schneider, D.A., Cope, N. and Holm, D.K., 2013, Thermochronology of the Mont Laurier terrane, southern Canadian Grenville Province, and its bearing on defining orogenic architecture, Precambrian Research, 226, 43-58."
NC9-6B,950.3,7.5,7.5,Ar/Ar,Cooling,Plateau Age,Hornblende,Laser-Step,,Grenville Province,QC,45.9141,-76.44679,Otter Lake,Central Metasedimentary Belt: MontLaurierTerrane,Metamorphic,garnet amphibolite,"Schneider, D.A., Cope, N. and Holm, D.K., 2013, Thermochronology of the Mont Laurier terrane, southern Canadian Grenville Province, and its bearing on defining orogenic architecture, Precambrian Research, 226, 43-58."
NC9-6B,888.3,4.5,4.5,Ar/Ar,Cooling,Plateau Age,Biotite,Laser-Step,,Grenville Province,QC,45.9141,-76.44679,Otter Lake,Central Metasedimentary Belt: MontLaurierTerrane,Metamorphic,garnet amphibolite,"Schneider, D.A., Cope, N. and Holm, D.K., 2013, Thermochronology of the Mont Laurier terrane, southern Canadian Grenville Province, and its bearing on defining orogenic architecture, Precambrian Research, 226, 43-58."
NC9-7,885.2,4.3,4.3,Ar/Ar,Cooling,Plateau Age,Biotite,Laser-Step,,Grenville Province,QC,45.8896,-76.42342,Otter Lake,Central Metasedimentary Belt: MontLaurierTerrane,Metamorphic,massive K-feldspar gneiss with anhedral hornblende and fine-grained biotite,"Schneider, D.A., Cope, N. and Holm, D.K., 2013, Thermochronology of the Mont Laurier terrane, southern Canadian Grenville Province, and its bearing on defining orogenic architecture, Precambrian Research, 226, 43-58."
NC9-8,894.2,4.6,4.6,Ar/Ar,Cooling,Plateau Age,Biotite,Laser-Step,,Grenville Province,QC,45.83803,-76.44485,Otter Lake,Central Metasedimentary Belt: MontLaurierTerrane,Metamorphic,massive; fine to medium-grained metagabbro,"Schneider, D.A., Cope, N. and Holm, D.K., 2013, Thermochronology of the Mont Laurier terrane, southern Canadian Grenville Province, and its bearing on defining orogenic architecture, Precambrian Research, 226, 43-58."
NC9-8,959.2,6.9,6.9,Ar/Ar,Cooling,Plateau Age,Hornblende,Laser-Step,,Grenville Province,QC,45.83803,-76.44485,Otter Lake,Central Metasedimentary Belt: MontLaurierTerrane,Metamorphic,Metagabbro,"Schneider, D.A., Cope, N. and Holm, D.K., 2013, Thermochronology of the Mont Laurier terrane, southern Canadian Grenville Province, and its bearing on defining orogenic architecture, Precambrian Research, 226, 43-58."
NC9-10A,893.2,5.0,5.0,Ar/Ar,Cooling,Plateau Age,Biotite,Laser-Step,,Grenville Province,QC,45.77262,-76.42045,Otter Lake,Central Metasedimentary Belt: MontLaurierTerrane,Metamorphic,biotite k-spar gneiss,"Schneider, D.A., Cope, N. and Holm, D.K., 2013, Thermochronology of the Mont Laurier terrane, southern Canadian Grenville Province, and its bearing on defining orogenic architecture, Precambrian Research, 226, 43-58."
NC9-10B,967.6,6.9,6.9,Ar/Ar,Cooling,Plateau Age,Hornblende,Laser-Step,,Grenville Province,QC,45.77262,-76.42045,Otter Lake,Central Metasedimentary Belt: MontLaurierTerrane,Metamorphic,Metagabbro,"Schneider, D.A., Cope, N. and Holm, D.K., 2013, Thermochronology of the Mont Laurier terrane, southern Canadian Grenville Province, and its bearing on defining orogenic architecture, Precambrian Research, 226, 43-58."
NC9-10B,899.0,4.6,4.6,Ar/Ar,Cooling,Plateau Age,Biotite,Laser-Step,,Grenville Province,QC,45.77262,-76.42045,Otter Lake,Central Metasedimentary Belt: MontLaurierTerrane,Metamorphic,Metagabbro,"Schneider, D.A., Cope, N. and Holm, D.K., 2013, Thermochronology of the Mont Laurier terrane, southern Canadian Grenville Province, and its bearing on defining orogenic architecture, Precambrian Research, 226, 43-58."
NC9-10C,946.0,11.0,11.0,Ar/Ar,Cooling,Plateau Age,Hornblende,Laser-Step,,Grenville Province,QC,45.77262,-76.42045,Otter Lake,Central Metasedimentary Belt: MontLaurierTerrane,Metamorphic,Amphibolite,"Schneider, D.A., Cope, N. and Holm, D.K., 2013, Thermochronology of the Mont Laurier terrane, southern Canadian Grenville Province, and its bearing on defining orogenic architecture, Precambrian Research, 226, 43-58."
NC9-11,973.0,4.0,4.0,Ar/Ar,Cooling,Plateau Age,Biotite,Laser-Step,,Grenville Province,QC,45.76026,-76.36573,Otter Lake,Central Metasedimentary Belt: MontLaurierTerrane,Metamorphic,pl-bt gneiss,"Schneider, D.A., Cope, N. and Holm, D.K., 2013, Thermochronology of the Mont Laurier terrane, southern Canadian Grenville Province, and its bearing on defining orogenic architecture, Precambrian Research, 226, 43-58."
NC9-12,980.0,17.0,17.0,Ar/Ar,Cooling,Plateau Age,Hornblende,Laser-Step,,Grenville Province,QC,45.73561,-76.25527,Otter Lake,Central Metasedimentary Belt: MontLaurierTerrane,Metamorphic,Metagabbro,"Schneider, D.A., Cope, N. and Holm, D.K., 2013, Thermochronology of the Mont Laurier terrane, southern Canadian Grenville Province, and its bearing on defining orogenic architecture, Precambrian Research, 226, 43-58."
NC9-13,904.0,6.0,6.0,Ar/Ar,Cooling,Plateau Age,Biotite,Laser-Step,,Grenville Province,QC,45.68452,-76.19711,Otter Lake,Central Metasedimentary Belt: MontLaurierTerrane,Metamorphic,pl-bt gneiss,"Schneider, D.A., Cope, N. and Holm, D.K., 2013, Thermochronology of the Mont Laurier terrane, southern Canadian Grenville Province, and its bearing on defining orogenic architecture, Precambrian Research, 226, 43-58."
NC9-13,955.0,11.0,11.0,Ar/Ar,Cooling,Plateau Age,Hornblende,Laser-Step,,Grenville Province,QC,45.68452,-76.19711,Otter Lake,Central Metasedimentary Belt: MontLaurierTerrane,Metamorphic,pl-bt gneiss,"Schneider, D.A., Cope, N. and Holm, D.K., 2013, Thermochronology of the Mont Laurier terrane, southern Canadian Grenville Province, and its bearing on defining orogenic architecture, Precambrian Research, 226, 43-58."
Muskoka charn-gn,1072.0,28.0,31.0,U/Pb,Metamorphic,charnockitic gneiss,Zircon,TIMS,Estimate,Grenville Province,ON,44.96458,-79.22416,"Highway 35, approx. 12 km SE of Dorset",Muskoka Domain - Charnockitic gneiss,Metamorphic,charnockitic gneiss,"Slagstad, T., Culshaw, N.G., Jamieson, R.A. and Ketchum, J.W.F., 2004. Early Mesoproterozoic tectonic history of the southwestern Grenville Province, Ontario: constraints from geochemistry and geochronology of high-grade gneisses; Proterozoic tectonic evolution of the Grenville orogen in North America, Geological Society of America Memoir 197, p. 209-24"
Muskoka charn-gn,1449.0,20.0,17.0,U/Pb,Protolith age,charnockitic gneiss,Zircon,TIMS,Direct,Grenville Province,ON,44.96458,-79.22416,"Highway 35, approx. 12 km SE of Dorset",Muskoka Domain - Charnockitic gneiss,Metamorphic,charnockitic gneiss,"Slagstad, T., Culshaw, N.G., Jamieson, R.A. and Ketchum, J.W.F., 2004. Early Mesoproterozoic tectonic history of the southwestern Grenville Province, Ontario: constraints from geochemistry and geochronology of high-grade gneisses; Proterozoic tectonic evolution of the Grenville orogen in North America, Geological Society of America Memoir 197, p. 209-24"
M100723-1,999.0,40.0,40.0,U/Pb,Pb Loss,A-type granitic gneiss,Zircon,SHRIMP,Direct,Grenville Province,ON,44.99729,-79.07597,"Muskoka domainHwy 118, S of Wood Lake",Muskoka domain - Granitic gneiss,Metamorphic,A-type granitic gneiss,"Slagstad, T., Hamilton, M.A., Jamieson, R.A. and Culshaw, N.G., 2004. Timing and duration of melting in the mid orogenic crust: constraints from U-Pb (SHRIMP) data, Muskoka and Shawanaga domains, Grenville Province, Ontario; Canadian Journal of Earth Sciences, v. 41, p. 1339-136"
2M0606-25,1035.0,7.0,7.0,U/Pb,Igneous Crystallization,Pegmatitic syenite,Zircon,SHRIMP,Direct,Grenville Province,ON,45.03005,-78.99173,Intersection of Hwy 118 and Black River.,Muskoka domain - Muskoka syenite,Metamorphic,Pegmatitic syenite,"Slagstad, T., Hamilton, M.A., Jamieson, R.A. and Culshaw, N.G., 2004. Timing and duration of melting in the mid orogenic crust: constraints from U-Pb (SHRIMP) data, Muskoka and Shawanaga domains, Grenville Province, Ontario; Canadian Journal of Earth Sciences, v. 41, p. 1339-136"
2S2006-3,1047.0,10.0,10.0,U/Pb,Igneous Crystallization,hornblende-rich leucosome in metatexite,Zircon,SHRIMP,Estimate,Grenville Province,ON,45.35164,-80.26109,Pleasant Island,Shawanaga domain - unknown,Plutonic,hornblende-rich leucosome in metatexite,"Slagstad, T., Hamilton, M.A., Jamieson, R.A. and Culshaw, N.G., 2004. Timing and duration of melting in the mid orogenic crust: constraints from U-Pb (SHRIMP) data, Muskoka and Shawanaga domains, Grenville Province, Ontario; Canadian Journal of Earth Sciences, v. 41, p. 1339-136"
2M1406-2,1049.0,6.0,6.0,U/Pb,Igneous Crystallization,Undeformed (post-kinematic) granite dyke,Zircon,SHRIMP,Direct,Grenville Province,ON,45.01071,-79.2976,"Hwy 11, S of Bracebridge.",Muskoka domain - unnamed,Plutonic,Undeformed (post-kinematic) granite dyke,"Slagstad, T., Hamilton, M.A., Jamieson, R.A. and Culshaw, N.G., 2004. Timing and duration of melting in the mid orogenic crust: constraints from U-Pb (SHRIMP) data, Muskoka and Shawanaga domains, Grenville Province, Ontario; Canadian Journal of Earth Sciences, v. 41, p. 1339-136"
2M02061-5,1050.0,14.0,14.0,U/Pb,Metamorphic,Discordant leucosome in SE-directed extensional structure (boudin neck),Zircon,SHRIMP,Estimate,Grenville Province,ON,45.15495,-78.85567,"Hwy 11, N of Bracebridge.",Muskoka domain - Muskoka,Metamorphic,Discordant leucosome in SE-directed extensional structure (boudin neck),"Slagstad, T., Hamilton, M.A., Jamieson, R.A. and Culshaw, N.G., 2004. Timing and duration of melting in the mid orogenic crust: constraints from U-Pb (SHRIMP) data, Muskoka and Shawanaga domains, Grenville Province, Ontario; Canadian Journal of Earth Sciences, v. 41, p. 1339-136"
2M02061-9,1067.0,9.0,9.0,U/Pb,Igneous Crystallization,Concordant granitic leucosome,Zircon,SHRIMP,Direct,Grenville Province,ON,45.15495,-78.85567,"Hwy 11, N of Bracebridge",Muskoka domain - Muskoka,Metamorphic,Concordant granitic leucosome,"Slagstad, T., Hamilton, M.A., Jamieson, R.A. and Culshaw, N.G., 2004. Timing and duration of melting in the mid orogenic crust: constraints from U-Pb (SHRIMP) data, Muskoka and Shawanaga domains, Grenville Province, Ontario; Canadian Journal of Earth Sciences, v. 41, p. 1339-136"
2S0507,1069.0,10.0,10.0,U/Pb,Metamorphic,Weakly deformed granite body,Zircon,SHRIMP,Estimate,Grenville Province,ON,45.3195,-80.27401,Shawanaga domainN of Killbear Marina,Shawanaga domain - granite-pegmatite complex,Plutonic,Weakly deformed granite body,"Slagstad, T., Hamilton, M.A., Jamieson, R.A. and Culshaw, N.G., 2004. Timing and duration of melting in the mid orogenic crust: constraints from U-Pb (SHRIMP) data, Muskoka and Shawanaga domains, Grenville Province, Ontario; Canadian Journal of Earth Sciences, v. 41, p. 1339-136"
2S0207-2,1074.0,7.0,7.0,U/Pb,Metamorphic,Pegmatitic diatexite,Zircon,SHRIMP,Direct,Grenville Province,ON,45.36204,-80.24027,Reid Island,Shawanaga domain - unknown,Plutonic,Pegmatitic diatexite,"Slagstad, T., Hamilton, M.A., Jamieson, R.A. and Culshaw, N.G., 2004. Timing and duration of melting in the mid orogenic crust: constraints from U-Pb (SHRIMP) data, Muskoka and Shawanaga domains, Grenville Province, Ontario; Canadian Journal of Earth Sciences, v. 41, p. 1339-136"
2S0207-2,1089.0,4.0,4.0,U/Pb,Igneous Crystallization,Pegmatitic diatexite,Zircon,SHRIMP,Estimate,Grenville Province,ON,45.36204,-80.24027,Reid Island,Shawanaga domain - unknown,Plutonic,Pegmatitic diatexite,"Slagstad, T., Hamilton, M.A., Jamieson, R.A. and Culshaw, N.G., 2004. Timing and duration of melting in the mid orogenic crust: constraints from U-Pb (SHRIMP) data, Muskoka and Shawanaga domains, Grenville Province, Ontario; Canadian Journal of Earth Sciences, v. 41, p. 1339-136"
2S0507,1091.0,6.0,6.0,U/Pb,Igneous Crystallization,Weakly deformed granite body,Zircon,SHRIMP,Direct,Grenville Province,ON,45.3195,-80.27401,Shawanaga domainN of Killbear Marina,Shawanaga domain - granite-pegmatite complex,Plutonic,Weakly deformed granite body,"Slagstad, T., Hamilton, M.A., Jamieson, R.A. and Culshaw, N.G., 2004. Timing and duration of melting in the mid orogenic crust: constraints from U-Pb (SHRIMP) data, Muskoka and Shawanaga domains, Grenville Province, Ontario; Canadian Journal of Earth Sciences, v. 41, p. 1339-136"
2S0507,1347.0,36.0,36.0,U/Pb,Inheritance,Weakly deformed granite body,Zircon,SHRIMP,Minimum Estimate,Grenville Province,ON,45.3195,-80.27401,Shawanaga domainN of Killbear Marina,Shawanaga domain - granite-pegmatite complex,Plutonic,Weakly deformed granite body,"Slagstad, T., Hamilton, M.A., Jamieson, R.A. and Culshaw, N.G., 2004. Timing and duration of melting in the mid orogenic crust: constraints from U-Pb (SHRIMP) data, Muskoka and Shawanaga domains, Grenville Province, Ontario; Canadian Journal of Earth Sciences, v. 41, p. 1339-136"
2S2006-3,1448.0,10.0,10.0,U/Pb,Protolith age,hornblende-rich leucosome in metatexite,Zircon,SHRIMP,Direct,Grenville Province,ON,45.35164,-80.26109,Pleasant Island,Shawanaga domain - unknown,Plutonic,hornblende-rich leucosome in metatexite,"Slagstad, T., Hamilton, M.A., Jamieson, R.A. and Culshaw, N.G., 2004. Timing and duration of melting in the mid orogenic crust: constraints from U-Pb (SHRIMP) data, Muskoka and Shawanaga domains, Grenville Province, Ontario; Canadian Journal of Earth Sciences, v. 41, p. 1339-136"
2M02061-5,1451.0,13.0,13.0,U/Pb,Protolith age,Discordant leucosome in SE-directed extensional structure (boudin neck),Zircon,SHRIMP,Direct,Grenville Province,ON,45.15495,-78.85567,"Hwy 11, N of Bracebridge.",Muskoka domain - Muskoka,Metamorphic,Discordant leucosome in SE-directed extensional structure (boudin neck),"Slagstad, T., Hamilton, M.A., Jamieson, R.A. and Culshaw, N.G., 2004. Timing and duration of melting in the mid orogenic crust: constraints from U-Pb (SHRIMP) data, Muskoka and Shawanaga domains, Grenville Province, Ontario; Canadian Journal of Earth Sciences, v. 41, p. 1339-136"
M100723-1,1472.0,40.0,40.0,U/Pb,Protolith age,A-type granitic gneiss,Zircon,SHRIMP,Direct,Grenville Province,ON,44.99729,-79.07597,"Muskoka domainHwy 118, S of Wood Lake",Muskoka domain - Granitic gneiss,Metamorphic,A-type granitic gneiss,"Slagstad, T., Hamilton, M.A., Jamieson, R.A. and Culshaw, N.G., 2004. Timing and duration of melting in the mid orogenic crust: constraints from U-Pb (SHRIMP) data, Muskoka and Shawanaga domains, Grenville Province, Ontario; Canadian Journal of Earth Sciences, v. 41, p. 1339-136"
GB119C,899.03,9.44,9.44,U-Pb weighted mean (53 of 55),899,(using heuristic outlier detection; two 2-sigma outliers rejected),Rutile,LA-ICP-MS,weighted mean,Shawanaga Domain of Central Gneiss Belt,Ontario,45.35,-80.35,Central Gneiss Belt,mafic granulites,Metamorphic,"strongly foliated mafic pod, variably retrogressed contacts with surrounding migmatitic granitic orthogneiss","Smye, A. J., Marsh, J. H., Vermeesch, P., Garber, J. M., & Stockli, D. F. (2018). Applications and limitations of U-Pb thermochronology to middle and lower crustal thermal histories. Chemical Geology, 494, 1-18."
GB132A,927.98,14.48,14.48,U-Pb weighted mean (23 of 24),928,(using heuristic outlier detection; one 2-sigma outlier rejected),Rutile,LA-ICP-MS,weighted mean,Shawanaga Domain of Central Gneiss Belt,Ontario,45.91,-80.01,Central Gneiss Belt,mafic granulites,Metamorphic,"strongly foliated mafic pod, variably retrogressed contacts with surrounding migmatitic granitic orthogneiss","Smye, A. J., Marsh, J. H., Vermeesch, P., Garber, J. M., & Stockli, D. F. (2018). Applications and limitations of U-Pb thermochronology to middle and lower crustal thermal histories. Chemical Geology, 494, 1-18."
FA-810101,630.0,64.0,64.0,K/Ar,Igneous Crystallization,"medium- to fine-grained massive dark grey diabase dyke with subophitic, allotriomorphic to hypidiomorphic seriate texture, collected 70 cm from FA-810101A",Whole Rock,Ar Furnace-Fusion,Estimate,Grenville Province,QC,47.2334,-78.78313,"3 km NW of the rapids below Lc des Cinq Milles and 7.25 km NE of the confluence of the Riviere Cerise and Lac Ostaboningue, Lanoue Township, Temiscamingue County",Parauthochthonous Belt - unknown,Plutonic,"medium- to fine-grained massive dark grey diabase dyke with subophitic, allotriomorphic to hypidiomorphic seriate texture, collected 70 cm from FA-810101A","Stevens, R.D., Delabio, R.N. and Lachance, G.R., 1982. Age determinations and geological studies, K-Ar isotopic ages, Report 15; Geological Survey of Canada, Paper 81-2, p. 1-5"
FA-810101A,654.0,46.0,46.0,K/Ar,Igneous Crystallization,"fine- to medium-grained massive dark grey diabase dyke (30 m wide) with a diabasic to subophitic, allotriomorphic to hypidiomorphic, inequigranular (""long"" plagioclase and small rounded clinopyroxene) texture",Whole Rock,Ar Furnace-Fusion,Estimate,Grenville Province,QC,47.2334,-78.78313,"3 km NW of the rapids below Lac des Cinq Milles and 7.25 km NE of the confluence of the Riviere Cerise and Lac Ostaboninque, Lanoue Township, Temiscamingue County",Parauthochthonous Belt - unknown,Plutonic,"fine- to medium-grained massive dark grey diabase dyke (30 m wide) with a diabasic to subophitic, allotriomorphic to hypidiomorphic, inequigranular (""long"" plagioclase and small rounded clinopyroxene) texture","Stevens, R.D., Delabio, R.N. and Lachance, G.R., 1982. Age determinations and geological studies, K-Ar isotopic ages, Report 15; Geological Survey of Canada, Paper 81-2, p. 1-5"
WN-52-70,775.0,32.0,32.0,K/Ar,Cooling,fine-grained foliated and granulated quartz-feldspar-biotite paragneiss or schist,Biotite,Ar Furnace-Fusion,Direct,Grenville Province,QC,48.43337,-71.15621,Roadside outcrop on Hwy 16 opposite E end of Alcan plant at Arvida,Allochthonous Polycyclic Belt - unknown,Metamorphic,fine-grained foliated and granulated quartz-feldspar-biotite paragneiss or schist,"Stevens, R.D., Delabio, R.N. and Lachance, G.R., 1982. Age determinations and geological studies, K-Ar isotopic ages, Report 15; Geological Survey of Canada, Paper 81-2, p. 1-5"
WN-54-70,818.0,30.0,30.0,K/Ar,Cooling,"coarse-grained hornblende biotite granite, consisting of potash feldspar, quartz, graphic quartz-feldspar intergrowths, large brown biotite and green hornblende",Biotite,Ar Furnace-Fusion,Estimate,Grenville Province,QC,48.34171,-70.88286,Fresh outcrop east of Hwy 16 at northwestern entrance to Bagotville,Allochthonous Polycyclic Belt - unknown,Plutonic,"coarse-grained hornblende biotite granite, consisting of potash feldspar, quartz, graphic quartz-feldspar intergrowths, large brown biotite and green hornblende","Stevens, R.D., Delabio, R.N. and Lachance, G.R., 1982. Age determinations and geological studies, K-Ar isotopic ages, Report 15; Geological Survey of Canada, Paper 81-2, p. 1-5"
Sample No.16,915.0,38.0,38.0,K/Ar,Metamorphic,"hornblende-biotite schist, with garnet",Hornblende,Ar Furnace-Fusion,Direct,Grenville Province,NL,53.03341,-66.98269,"S of Carol Lake, Labrador",unnamed,Metamorphic,"hornblende-biotite schist, with garnet","Stevens, R.D., Delabio, R.N. and Lachance, G.R., 1982. Age determinations and geological studies, K-Ar isotopic ages, Report 15; Geological Survey of Canada, Paper 81-2, p. 1-5"
Sample No.16,916.0,38.0,38.0,K/Ar,Metamorphic,"hornblende-biotite schist, with garnet",Hornblende,Ar Furnace-Fusion,Direct,Grenville Province,NL,53.03341,-66.98269,"S of Carol Lake, Labrador",unnamed,Metamorphic,"hornblende-biotite schist, with garnet","Stevens, R.D., Delabio, R.N. and Lachance, G.R., 1982. Age determinations and geological studies, K-Ar isotopic ages, Report 15; Geological Survey of Canada, Paper 81-2, p. 1-5"
WN-54-70,944.0,37.0,37.0,K/Ar,Igneous Crystallization,"coarse-grained hornblende biotite granite, consisting of potash feldspar, quartz, graphic quartz-feldspar intergrowths, large brown biotite and green hornblende",Hornblende,Ar Furnace-Fusion,Direct,Grenville Province,QC,48.34171,-70.88286,Fresh outcrop east of Hwy 16 at northwestern entrance to Bagotville,Allochthonous Polycyclic Belt - unknown,Plutonic,"coarse-grained hornblende biotite granite, consisting of potash feldspar, quartz, graphic quartz-feldspar intergrowths, large brown biotite and green hornblende","Stevens, R.D., Delabio, R.N. and Lachance, G.R., 1982. Age determinations and geological studies, K-Ar isotopic ages, Report 15; Geological Survey of Canada, Paper 81-2, p. 1-5"
Sample No.16,955.0,34.0,34.0,K/Ar,Metamorphic,"hornblende-biotite schist, with garnet",Biotite,Ar Furnace-Fusion,Direct,Grenville Province,NL,53.03341,-66.98269,"S of Carol Lake, Labrador",unnamed,Metamorphic,"hornblende-biotite schist, with garnet","Stevens, R.D., Delabio, R.N. and Lachance, G.R., 1982. Age determinations and geological studies, K-Ar isotopic ages, Report 15; Geological Survey of Canada, Paper 81-2, p. 1-5"
WN-56-70,964.0,34.0,34.0,K/Ar,Igneous Crystallization,very coarse-grained fresh undeformed 'biotite' granite,Phlogopite,Ar Furnace-Fusion,Direct,Grenville Province,QC,47.87171,-71.25787,"Between mileposts 84 and 85 (136 km from Quebec City), Hwy 54, in Laurentides Park",Allochthonous Polycyclic Belt - unknown,Plutonic,very coarse-grained fresh undeformed 'biotite' granite,"Stevens, R.D., Delabio, R.N. and Lachance, G.R., 1982. Age determinations and geological studies, K-Ar isotopic ages, Report 15; Geological Survey of Canada, Paper 81-2, p. 1-5"
WN-55-70,975.0,40.0,40.0,K/Ar,Metamorphic,coarse-grained foliated granitic gneiss,Hornblende,Ar Furnace-Fusion,Direct,Grenville Province,QC,48.35837,-71.0562,Roadcut 152 m W of junction of Hwy 16A and road to Laterriere,Allochthonous Polycyclic Belt - Chicoutimi,Metamorphic,coarse-grained foliated granitic gneiss,"Stevens, R.D., Delabio, R.N. and Lachance, G.R., 1982. Age determinations and geological studies, K-Ar isotopic ages, Report 15; Geological Survey of Canada, Paper 81-2, p. 1-5"
Sample No.12,1203.0,46.0,46.0,K/Ar,Cooling,massive fresh medium- to coarse-grained gabbro,Hornblende,Ar Furnace-Fusion,Direct,Grenville Province,NL,53.03341,-66.99936,"E of Carol Lake, Labrador",Shabogamo pluton,Plutonic,massive fresh medium- to coarse-grained gabbro,"Stevens, R.D., Delabio, R.N. and Lachance, G.R., 1982. Age determinations and geological studies, K-Ar isotopic ages, Report 15; Geological Survey of Canada, Paper 81-2, p. 1-5"
Otish-9-233,1836.0,43.0,43.0,K/Ar,Cooling,gneiss,Biotite,Ar Furnace-Fusion,Direct,Grenville Province,QC,51.98341,-72.38288,Near S edge of a small lake known locally as Beaver Lake,Parauthochthonous Belt - Otish basin basement,Metamorphic,gneiss,"Stevens, R.D., Delabio, R.N. and Lachance, G.R., 1982. Age determinations and geological studies, K-Ar isotopic ages, Report 15; Geological Survey of Canada, Paper 81-2, p. 1-5"
Sample No.12,2231.0,72.0,72.0,K/Ar,Cooling,massive fresh medium- to coarse-grained gabbro,Biotite,Ar Furnace-Fusion,Estimate,Grenville Province,NL,53.03341,-66.99936,"E of Carol Lake, Labrador",Shabogamo pluton,Plutonic,massive fresh medium- to coarse-grained gabbro,"Stevens, R.D., Delabio, R.N. and Lachance, G.R., 1982. Age determinations and geological studies, K-Ar isotopic ages, Report 15; Geological Survey of Canada, Paper 81-2, p. 1-5"
Otish Basin,1591.0,37.0,37.0,K/Ar,Igneous Crystallization,dark grey medium-grained massive gabbro,Whole Rock,Ar Furnace-Fusion,Estimate,Grenville Province,QC,52.01676,-71.69536,8 km NE of Lac Indicator,Parauthochthonous Belt - cuts Otish Group,Plutonic,dark grey medium-grained massive gabbro,"Stevens, R.D., Delabio, R.N. and Lachance, G.R., 1982. Age determinations and geological studies, K-Ar isotopic ages, Report 16; Geological Survey of Canada, Paper 82-2, p. 1-5"
Soquem (Takwa),1718.0,37.0,37.0,K/Ar,Igneous Crystallization,"somewhat altered gabbro, composed mainly of feldspar laths",Whole Rock,Ar Furnace-Fusion,Estimate,Grenville Province,QC,51.57786,-72.67456,"27 km N of NE end of Mistassini Lake, 11 km NE of Lac Sakash",Parauthochthonous Belt - unknown,Plutonic,"somewhat altered gabbro, composed mainly of feldspar laths","Stevens, R.D., Delabio, R.N. and Lachance, G.R., 1982. Age determinations and geological studies, K-Ar isotopic ages, Report 16; Geological Survey of Canada, Paper 82-2, p. 1-5"
CR-12A4,1021.5,3.9,3.9,U/Pb,Metamorphic,,Titanite,TIMS,,Grenville Province,NY,44.38,-75.18,Carthage-Colton shear zone,Carthage-Colton shear zone,Metamorphic,cpx-sph-plag-amph,"Streepey, M. M., Johnson, E. L., Mezger, K., & Van Der Pluijm, B. A. (2001). Early history of the Carthage-Colton shear zone, Grenville Province, Northwest Adirondacks, New York (USA). The Journal of Geology, 109(4), 479-492."
CR-12A4,1021.4,2.2,2.2,U/Pb,Metamorphic,,Titanite,TIMS,,Grenville Province,NY,44.38,-75.18,Carthage-Colton shear zone,Carthage-Colton shear zone,Metamorphic,cpx-sph-plag-amph,"Streepey, M. M., Johnson, E. L., Mezger, K., & Van Der Pluijm, B. A. (2001). Early history of the Carthage-Colton shear zone, Grenville Province, Northwest Adirondacks, New York (USA). The Journal of Geology, 109(4), 479-492."
DH2-7,1021.9,2.3,2.3,U/Pb,Metamorphic,,Titanite,TIMS,,Grenville Province,NY,44.38,-75.18,Carthage-Colton shear zone,Carthage-Colton shear zone,Metamorphic,amph-plag-sph,"Streepey, M. M., Johnson, E. L., Mezger, K., & Van Der Pluijm, B. A. (2001). Early history of the Carthage-Colton shear zone, Grenville Province, Northwest Adirondacks, New York (USA). The Journal of Geology, 109(4), 479-492."
DH2-7,1018.4,2.4,2.4,U/Pb,Metamorphic,,Titanite,TIMS,,Grenville Province,NY,44.38,-75.18,Carthage-Colton shear zone,Carthage-Colton shear zone,Metamorphic,amph-plag-sph,"Streepey, M. M., Johnson, E. L., Mezger, K., & Van Der Pluijm, B. A. (2001). Early history of the Carthage-Colton shear zone, Grenville Province, Northwest Adirondacks, New York (USA). The Journal of Geology, 109(4), 479-492."
CR-7A4,1031.7,4.0,4.0,U/Pb,Metamorphic,,Titanite,TIMS,,Grenville Province,NY,44.38,-75.18,Carthage-Colton shear zone,Carthage-Colton shear zone,Metamorphic,plag-amph-sph,"Streepey, M. M., Johnson, E. L., Mezger, K., & Van Der Pluijm, B. A. (2001). Early history of the Carthage-Colton shear zone, Grenville Province, Northwest Adirondacks, New York (USA). The Journal of Geology, 109(4), 479-492."
CR-7A4,1023.5,2.2,2.2,U/Pb,Metamorphic,,Titanite,TIMS,,Grenville Province,NY,44.38,-75.18,Carthage-Colton shear zone,Carthage-Colton shear zone,Metamorphic,plag-amph-sph,"Streepey, M. M., Johnson, E. L., Mezger, K., & Van Der Pluijm, B. A. (2001). Early history of the Carthage-Colton shear zone, Grenville Province, Northwest Adirondacks, New York (USA). The Journal of Geology, 109(4), 479-492."
DS98-56,1087.3,11.9,11.9,U/Pb,Metamorphic,,Titanite,TIMS,,Grenville Province,NY,44.38,-75.18,Carthage-Colton shear zone,Carthage-Colton shear zone,Metamorphic,,"Streepey, M. M., Johnson, E. L., Mezger, K., & Van Der Pluijm, B. A. (2001). Early history of the Carthage-Colton shear zone, Grenville Province, Northwest Adirondacks, New York (USA). The Journal of Geology, 109(4), 479-492."
DH2-6a,1016.4,2.4,2.4,U/Pb,Metamorphic,,Titanite,TIMS,,Grenville Province,NY,44.38,-75.18,Carthage-Colton shear zone,Carthage-Colton shear zone,Metamorphic,amph-plag-sph,"Streepey, M. M., Johnson, E. L., Mezger, K., & Van Der Pluijm, B. A. (2001). Early history of the Carthage-Colton shear zone, Grenville Province, Northwest Adirondacks, New York (USA). The Journal of Geology, 109(4), 479-492."
DH2-6a,1016.6,2.5,2.5,U/Pb,Metamorphic,,Titanite,TIMS,,Grenville Province,NY,44.38,-75.18,Carthage-Colton shear zone,Carthage-Colton shear zone,Metamorphic,amph-plag-sph,"Streepey, M. M., Johnson, E. L., Mezger, K., & Van Der Pluijm, B. A. (2001). Early history of the Carthage-Colton shear zone, Grenville Province, Northwest Adirondacks, New York (USA). The Journal of Geology, 109(4), 479-492."
SE98-17,1079.2,3.2,3.2,U/Pb,Metamorphic,,Titanite,TIMS,,Grenville Province,NY,44.38,-75.18,Carthage-Colton shear zone,Carthage-Colton shear zone,Metamorphic,,"Streepey, M. M., Johnson, E. L., Mezger, K., & Van Der Pluijm, B. A. (2001). Early history of the Carthage-Colton shear zone, Grenville Province, Northwest Adirondacks, New York (USA). The Journal of Geology, 109(4), 479-492."
EA1,975.7,3.1,3.1,U/Pb,Metamorphic,,Titanite,TIMS,,Grenville Province,NY,44.37,-75.17,Carthage-Colton shear zone,Carthage-Colton shear zone,Metamorphic,plag-amph-scap-sph-bt,"Streepey, M. M., Johnson, E. L., Mezger, K., & Van Der Pluijm, B. A. (2001). Early history of the Carthage-Colton shear zone, Grenville Province, Northwest Adirondacks, New York (USA). The Journal of Geology, 109(4), 479-492."
EA1,972.9,3.2,3.2,U/Pb,Metamorphic,,Titanite,TIMS,,Grenville Province,NY,44.37,-75.17,Carthage-Colton shear zone,Carthage-Colton shear zone,Metamorphic,plag-amph-scap-sph-bt,"Streepey, M. M., Johnson, E. L., Mezger, K., & Van Der Pluijm, B. A. (2001). Early history of the Carthage-Colton shear zone, Grenville Province, Northwest Adirondacks, New York (USA). The Journal of Geology, 109(4), 479-492."
BM98-60,1184.0,10.1,10.1,U/Pb,Metamorphic,,Titanite,TIMS,,Grenville Province,NY,44.38,-75.18,Carthage-Colton shear zone,Carthage-Colton shear zone,Metamorphic,,"Streepey, M. M., Johnson, E. L., Mezger, K., & Van Der Pluijm, B. A. (2001). Early history of the Carthage-Colton shear zone, Grenville Province, Northwest Adirondacks, New York (USA). The Journal of Geology, 109(4), 479-492."
BM98-60,1156.4,2.8,2.8,U/Pb,Metamorphic,,Titanite,TIMS,,Grenville Province,NY,44.38,-75.18,Carthage-Colton shear zone,Carthage-Colton shear zone,Metamorphic,,"Streepey, M. M., Johnson, E. L., Mezger, K., & Van Der Pluijm, B. A. (2001). Early history of the Carthage-Colton shear zone, Grenville Province, Northwest Adirondacks, New York (USA). The Journal of Geology, 109(4), 479-492."
BK98-55,987.3,2.5,2.5,U/Pb,Metamorphic,,Titanite,TIMS,,Grenville Province,NY,44.38,-75.18,Carthage-Colton shear zone,Carthage-Colton shear zone,Metamorphic,,"Streepey, M. M., Johnson, E. L., Mezger, K., & Van Der Pluijm, B. A. (2001). Early history of the Carthage-Colton shear zone, Grenville Province, Northwest Adirondacks, New York (USA). The Journal of Geology, 109(4), 479-492."
BK98-55,1000.6,2.4,2.4,U/Pb,Metamorphic,,Titanite,TIMS,,Grenville Province,NY,44.38,-75.18,Carthage-Colton shear zone,Carthage-Colton shear zone,Metamorphic,,"Streepey, M. M., Johnson, E. L., Mezger, K., & Van Der Pluijm, B. A. (2001). Early history of the Carthage-Colton shear zone, Grenville Province, Northwest Adirondacks, New York (USA). The Journal of Geology, 109(4), 479-492."
SE98-17,1079.2,3.2,3.2,U/Pb,Metamorphic,,Titanite,TIMS,,Grenville Province,NY,44.38,-75.18,Carthage-Colton shear zone,Carthage-Colton shear zone,Metamorphic,,"Streepey, M. M., Johnson, E. L., Mezger, K., & Van Der Pluijm, B. A. (2001). Early history of the Carthage-Colton shear zone, Grenville Province, Northwest Adirondacks, New York (USA). The Journal of Geology, 109(4), 479-492."
A112,1051.97,2.78,2.78,Ar/Ar,Cooling,Plateau Age; [audit 2026-10: errors converted published 1σ to 2σ (x2)],Hornblende,Laser-Step,Total Gas Age,Grenville Province,NY,44.29,-75.4,"Near Gouverneur, Hwy 58/812, N Jct. of Poplar Hill Rd.",Adirondack Lowlands,Metamorphic,,"Streepey, M.M., Lithgow-Bertelloni, C., van der Pluijm, B.A., Essene, E.J., and Magloughlin, J.F., 2004, Exhumation of a collisional orogen: A perspective from the North American Grenville Province, in Tollo, R.P., Corriveau, L., McLelland, J., and Bartholomew, M.J., eds., Proterozoic tectonic evolution of the Grenville orogen in North America: Boulder, Colorado, Geological Society of America Memoir 197, p. 391–410."
A114,992.4,3.56,3.56,Ar/Ar,Cooling,Plateau Age; [audit 2026-10: errors converted published 1σ to 2σ (x2)],Hornblende,Laser-Step,Total Gas Age,Grenville Province,NY,44.41,-75.2,"Along Grass River, Hwy 17, W side of road, 1.5 km NW of Russell.",Adirondack Lowlands,Metamorphic,,"Streepey, M.M., Lithgow-Bertelloni, C., van der Pluijm, B.A., Essene, E.J., and Magloughlin, J.F., 2004, Exhumation of a collisional orogen: A perspective from the North American Grenville Province, in Tollo, R.P., Corriveau, L., McLelland, J., and Bartholomew, M.J., eds., Proterozoic tectonic evolution of the Grenville orogen in North America: Boulder, Colorado, Geological Society of America Memoir 197, p. 391–410."
A117,987.87,3.24,3.24,Ar/Ar,Cooling,Plateau Age; [audit 2026-10: errors converted published 1σ to 2σ (x2)],Hornblende,Laser-Step,Total Gas Age,Grenville Province,NY,44.49,-75.05,0.5 mi. E of Rt. 27 and Brouser’s Corner.,Adirondack Highlands,Metamorphic,,"Streepey, M.M., Lithgow-Bertelloni, C., van der Pluijm, B.A., Essene, E.J., and Magloughlin, J.F., 2004, Exhumation of a collisional orogen: A perspective from the North American Grenville Province, in Tollo, R.P., Corriveau, L., McLelland, J., and Bartholomew, M.J., eds., Proterozoic tectonic evolution of the Grenville orogen in North America: Boulder, Colorado, Geological Society of America Memoir 197, p. 391–410."
A124,1063.43,2.68,2.68,Ar/Ar,Cooling,Plateau Age; [audit 2026-10: errors converted published 1σ to 2σ (x2)],Hornblende,Laser-Step,Total Gas Age,Grenville Province,NY,44.3,-75.37,"Emoryville Rd., ca. 0.5 mi. NW of power plant, ca 0.25 mi. W of turnoff",Adirondack Lowlands,Metamorphic,,"Streepey, M.M., Lithgow-Bertelloni, C., van der Pluijm, B.A., Essene, E.J., and Magloughlin, J.F., 2004, Exhumation of a collisional orogen: A perspective from the North American Grenville Province, in Tollo, R.P., Corriveau, L., McLelland, J., and Bartholomew, M.J., eds., Proterozoic tectonic evolution of the Grenville orogen in North America: Boulder, Colorado, Geological Society of America Memoir 197, p. 391–410."
A125,1065.08,3.86,3.86,Ar/Ar,Cooling,Plateau Age; [audit 2026-10: errors converted published 1σ to 2σ (x2)],Hornblende,Laser-Step,Total Gas Age,Grenville Province,NY,44.31,-75.4,"Emoryville Rd., E of Hailsboro, small outcrop north of road, NW of house, 1.8 mi. E of bridge, 2.1 mi. from Island Branch Rd. Trout Lake Rd., N of Edwards, along W side of Trout Lake, S side, W of 2 islands, W side of road. Cut about 40 m long.",Adirondack Lowlands,Metamorphic,,"Streepey, M.M., Lithgow-Bertelloni, C., van der Pluijm, B.A., Essene, E.J., and Magloughlin, J.F., 2004, Exhumation of a collisional orogen: A perspective from the North American Grenville Province, in Tollo, R.P., Corriveau, L., McLelland, J., and Bartholomew, M.J., eds., Proterozoic tectonic evolution of the Grenville orogen in North America: Boulder, Colorado, Geological Society of America Memoir 197, p. 391–410."
A128,1022.11,2.58,2.58,Ar/Ar,Cooling,Plateau Age; [audit 2026-10: errors converted published 1σ to 2σ (x2)],Hornblende,Laser-Step,Total Gas Age,Grenville Province,NY,44.36,-75.29,"Trout Lake Rd., N of Edwards, along W side of Trout Lake, S side, W of 2 islands, W side of road. Cut about 40 m long.",Adirondack Lowlands,Metamorphic,,"Streepey, M.M., Lithgow-Bertelloni, C., van der Pluijm, B.A., Essene, E.J., and Magloughlin, J.F., 2004, Exhumation of a collisional orogen: A perspective from the North American Grenville Province, in Tollo, R.P., Corriveau, L., McLelland, J., and Bartholomew, M.J., eds., Proterozoic tectonic evolution of the Grenville orogen in North America: Boulder, Colorado, Geological Society of America Memoir 197, p. 391–410."
A129,1075.01,4.2,4.2,Ar/Ar,Cooling,Plateau Age; [audit 2026-10: errors converted published 1σ to 2σ (x2)],Hornblende,Laser-Step,Total Gas Age,Grenville Province,NY,44.34,-75.28,"S. of Trout Lake, Rt. 19 to Edwards, ca. due W of westernmost extreme of Cedar Lake.",Adirondack Lowlands,Metamorphic,,"Streepey, M.M., Lithgow-Bertelloni, C., van der Pluijm, B.A., Essene, E.J., and Magloughlin, J.F., 2004, Exhumation of a collisional orogen: A perspective from the North American Grenville Province, in Tollo, R.P., Corriveau, L., McLelland, J., and Bartholomew, M.J., eds., Proterozoic tectonic evolution of the Grenville orogen in North America: Boulder, Colorado, Geological Society of America Memoir 197, p. 391–410."
A133,973.0,3.26,3.26,Ar/Ar,Cooling,Plateau Age; [audit 2026-10: errors converted published 1σ to 2σ (x2)],Hornblende,Laser-Step,Total Gas Age,Grenville Province,NY,44.58,-74.82,"Crest of White’s Hill, White Hill Rd., SE of Parishville about 3 mi. at abandoned lookout. 150′ on small trail to the W.",Adirondack Highlands,Metamorphic,,"Streepey, M.M., Lithgow-Bertelloni, C., van der Pluijm, B.A., Essene, E.J., and Magloughlin, J.F., 2004, Exhumation of a collisional orogen: A perspective from the North American Grenville Province, in Tollo, R.P., Corriveau, L., McLelland, J., and Bartholomew, M.J., eds., Proterozoic tectonic evolution of the Grenville orogen in North America: Boulder, Colorado, Geological Society of America Memoir 197, p. 391–410."
A134,974.68,2.68,2.68,Ar/Ar,Cooling,Plateau Age; [audit 2026-10: errors converted published 1σ to 2σ (x2)],Hornblende,Laser-Step,Total Gas Age,Grenville Province,NY,44.57,-74.82,"Very low outcrops along both sides of the highway. S side of White Hill, about 1 mi. S of lookout. Outcrop on White Hill Rd., within amphibolite.",Adirondack Highlands,Metamorphic,,"Streepey, M.M., Lithgow-Bertelloni, C., van der Pluijm, B.A., Essene, E.J., and Magloughlin, J.F., 2004, Exhumation of a collisional orogen: A perspective from the North American Grenville Province, in Tollo, R.P., Corriveau, L., McLelland, J., and Bartholomew, M.J., eds., Proterozoic tectonic evolution of the Grenville orogen in North America: Boulder, Colorado, Geological Society of America Memoir 197, p. 391–410."
A135,1167.36,2.48,2.48,Ar/Ar,Cooling,Plateau Age; [audit 2026-10: errors converted published 1σ to 2σ (x2)],Hornblende,Laser-Step,Total Gas Age,Grenville Province,NY,44.54,-74.76,"Just N of Sterling Rd., near power line, about 150 from junction with Joe Indian Rd.",Adirondack Highlands,Metamorphic,,"Streepey, M.M., Lithgow-Bertelloni, C., van der Pluijm, B.A., Essene, E.J., and Magloughlin, J.F., 2004, Exhumation of a collisional orogen: A perspective from the North American Grenville Province, in Tollo, R.P., Corriveau, L., McLelland, J., and Bartholomew, M.J., eds., Proterozoic tectonic evolution of the Grenville orogen in North America: Boulder, Colorado, Geological Society of America Memoir 197, p. 391–410."
A136,943.3,2.74,2.74,Ar/Ar,Cooling,Plateau Age; [audit 2026-10: errors converted published 1σ to 2σ (x2)],Hornblende,Laser-Step,Total Gas Age,Grenville Province,NY,44.56,-74.8,"Small outcrop on Joe Indian Rd. at the crest of a small hill. Located at the N70°W, 60°N symbol on Leonard and Buddington’s map.",Adirondack Highlands,Metamorphic,,"Streepey, M.M., Lithgow-Bertelloni, C., van der Pluijm, B.A., Essene, E.J., and Magloughlin, J.F., 2004, Exhumation of a collisional orogen: A perspective from the North American Grenville Province, in Tollo, R.P., Corriveau, L., McLelland, J., and Bartholomew, M.J., eds., Proterozoic tectonic evolution of the Grenville orogen in North America: Boulder, Colorado, Geological Society of America Memoir 197, p. 391–410."
A137,1004.41,4.62,4.62,Ar/Ar,Cooling,Plateau Age; [audit 2026-10: errors converted published 1σ to 2σ (x2)],Hornblende,Laser-Step,Total Gas Age,Grenville Province,NY,44.46,-74.82,"Rt. 56, about 3 mi. S of Stark. W side of hwy, roadcut of amphibolite migmatites.",Adirondack Highlands,Metamorphic,,"Streepey, M.M., Lithgow-Bertelloni, C., van der Pluijm, B.A., Essene, E.J., and Magloughlin, J.F., 2004, Exhumation of a collisional orogen: A perspective from the North American Grenville Province, in Tollo, R.P., Corriveau, L., McLelland, J., and Bartholomew, M.J., eds., Proterozoic tectonic evolution of the Grenville orogen in North America: Boulder, Colorado, Geological Society of America Memoir 197, p. 391–410."
A138,982.38,3.0,3.0,Ar/Ar,Cooling,Plateau Age; [audit 2026-10: errors converted published 1σ to 2σ (x2)],Hornblende,Laser-Step,Total Gas Age,Grenville Province,NY,44.44,-74.82,"Small outcrop on E side of Hwy 56, about 1 mi. S of 137, about 4 mi. S of Stark.",Adirondack Highlands,Metamorphic,,"Streepey, M.M., Lithgow-Bertelloni, C., van der Pluijm, B.A., Essene, E.J., and Magloughlin, J.F., 2004, Exhumation of a collisional orogen: A perspective from the North American Grenville Province, in Tollo, R.P., Corriveau, L., McLelland, J., and Bartholomew, M.J., eds., Proterozoic tectonic evolution of the Grenville orogen in North America: Boulder, Colorado, Geological Society of America Memoir 197, p. 391–410."
A140,946.28,2.54,2.54,Ar/Ar,Cooling,Plateau Age; [audit 2026-10: errors converted published 1σ to 2σ (x2)],Hornblende,Laser-Step,Total Gas Age,Grenville Province,NY,44.18,-75.26,"Hwy 3, just E of Pitcairn. Exposures on embankment N of the road, at crest of hill.",Adirondack Highlands,Metamorphic,,"Streepey, M.M., Lithgow-Bertelloni, C., van der Pluijm, B.A., Essene, E.J., and Magloughlin, J.F., 2004, Exhumation of a collisional orogen: A perspective from the North American Grenville Province, in Tollo, R.P., Corriveau, L., McLelland, J., and Bartholomew, M.J., eds., Proterozoic tectonic evolution of the Grenville orogen in North America: Boulder, Colorado, Geological Society of America Memoir 197, p. 391–410."
A142,959.96,2.88,2.88,Ar/Ar,Cooling,Plateau Age; [audit 2026-10: errors converted published 1σ to 2σ (x2)],Hornblende,Laser-Step,Total Gas Age,Grenville Province,NY,44.17,-75.16,Small outcrop on the E side of Mud Lake Rd. at the junction of Mud Lake and Briggs Rd. (SE corner of intersection).,Adirondack Highlands,Metamorphic,,"Streepey, M.M., Lithgow-Bertelloni, C., van der Pluijm, B.A., Essene, E.J., and Magloughlin, J.F., 2004, Exhumation of a collisional orogen: A perspective from the North American Grenville Province, in Tollo, R.P., Corriveau, L., McLelland, J., and Bartholomew, M.J., eds., Proterozoic tectonic evolution of the Grenville orogen in North America: Boulder, Colorado, Geological Society of America Memoir 197, p. 391–410."
A145,947.27,2.24,2.24,Ar/Ar,Cooling,Plateau Age; [audit 2026-10: errors converted published 1σ to 2σ (x2)],Hornblende,Laser-Step,Total Gas Age,Grenville Province,NY,44.0,-75.43,"About 2 mi. E of Texas on Texas Rd., 6 mi. from Hwy 812.",Adirondack Highlands,Metamorphic,,"Streepey, M.M., Lithgow-Bertelloni, C., van der Pluijm, B.A., Essene, E.J., and Magloughlin, J.F., 2004, Exhumation of a collisional orogen: A perspective from the North American Grenville Province, in Tollo, R.P., Corriveau, L., McLelland, J., and Bartholomew, M.J., eds., Proterozoic tectonic evolution of the Grenville orogen in North America: Boulder, Colorado, Geological Society of America Memoir 197, p. 391–410."
RWS-1,1000.0,,0.0,Ar/Ar,Cooling,Plateau Age,Hornblende,Laser-Step,Total Gas Age,Grenville Province,,44.37,-75.17,"North 44 deg., 22 min, West 75 deg., 10 min.",Adirondack Highlands,Metamorphic,"plag, scapolite, amph","Streepey, M.M., Lithgow-Bertelloni, C., van der Pluijm, B.A., Essene, E.J., and Magloughlin, J.F., 2004, Exhumation of a collisional orogen: A perspective from the North American Grenville Province, in Tollo, R.P., Corriveau, L., McLelland, J., and Bartholomew, M.J., eds., Proterozoic tectonic evolution of the Grenville orogen in North America: Boulder, Colorado, Geological Society of America Memoir 197, p. 391–410."
RWS-3C,999.0,,0.0,Ar/Ar,Cooling,Plateau Age,Hornblende,Laser-Step,Total Gas Age,Grenville Province,,44.37,-75.17,"North 44 deg., 22 min, West 75 deg., 10 min.",Adirondack Highlands,Metamorphic,"plag, amph, scapolite, pyroxene, epidote, ilmenite","Streepey, M.M., Lithgow-Bertelloni, C., van der Pluijm, B.A., Essene, E.J., and Magloughlin, J.F., 2004, Exhumation of a collisional orogen: A perspective from the North American Grenville Province, in Tollo, R.P., Corriveau, L., McLelland, J., and Bartholomew, M.J., eds., Proterozoic tectonic evolution of the Grenville orogen in North America: Boulder, Colorado, Geological Society of America Memoir 197, p. 391–410."
EA1,981.0,,0.0,Ar/Ar,Cooling,Plateau Age,Hornblende,Laser-Step,Total Gas Age,Grenville Province,,44.37,-75.17,"North 44 deg., 22 min, West 75 deg., 10 min.",Adirondack Highlands,Metamorphic,"plag, amph, scapolite, titanite, biotite","Streepey, M.M., Lithgow-Bertelloni, C., van der Pluijm, B.A., Essene, E.J., and Magloughlin, J.F., 2004, Exhumation of a collisional orogen: A perspective from the North American Grenville Province, in Tollo, R.P., Corriveau, L., McLelland, J., and Bartholomew, M.J., eds., Proterozoic tectonic evolution of the Grenville orogen in North America: Boulder, Colorado, Geological Society of America Memoir 197, p. 391–410."
DH98-1,998.0,,0.0,Ar/Ar,Cooling,Plateau Age,Hornblende,Laser-Step,Total Gas Age,Grenville Province,,44.37,-75.17,"North 44 deg., 22 min, West 75 deg., 10 min.",Adirondack Highlands,Metamorphic,"hornblende, tremolite, plag","Streepey, M.M., Lithgow-Bertelloni, C., van der Pluijm, B.A., Essene, E.J., and Magloughlin, J.F., 2004, Exhumation of a collisional orogen: A perspective from the North American Grenville Province, in Tollo, R.P., Corriveau, L., McLelland, J., and Bartholomew, M.J., eds., Proterozoic tectonic evolution of the Grenville orogen in North America: Boulder, Colorado, Geological Society of America Memoir 197, p. 391–410."
RWH-1,973.0,,0.0,Ar/Ar,Cooling,Plateau Age,Hornblende,Laser-Step,Total Gas Age,Grenville Province,,44.37,-75.17,"North 44 deg., 22 min, West 75 deg., 10 min.",Adirondack Highlands,Metamorphic,"plag, amph, scapolite, titanite","Streepey, M.M., Lithgow-Bertelloni, C., van der Pluijm, B.A., Essene, E.J., and Magloughlin, J.F., 2004, Exhumation of a collisional orogen: A perspective from the North American Grenville Province, in Tollo, R.P., Corriveau, L., McLelland, J., and Bartholomew, M.J., eds., Proterozoic tectonic evolution of the Grenville orogen in North America: Boulder, Colorado, Geological Society of America Memoir 197, p. 391–410."
CR7-DH1,989.0,,0.0,Ar/Ar,Cooling,Plateau Age,Hornblende,Laser-Step,Total Gas Age,Grenville Province,,44.37,-75.17,Dana Hill outcrop: On N side of Dana Hill Rd.,Adirondack Highlands,Metamorphic,"biotite, amph, plah, scapolite","Streepey, M.M., Lithgow-Bertelloni, C., van der Pluijm, B.A., Essene, E.J., and Magloughlin, J.F., 2004, Exhumation of a collisional orogen: A perspective from the North American Grenville Province, in Tollo, R.P., Corriveau, L., McLelland, J., and Bartholomew, M.J., eds., Proterozoic tectonic evolution of the Grenville orogen in North America: Boulder, Colorado, Geological Society of America Memoir 197, p. 391–410."
CR1-DH1,980.0,,0.0,Ar/Ar,Cooling,Plateau Age,Hornblende,Laser-Step,Total Gas Age,Grenville Province,,44.37,-75.17,Dana Hill outcrop: On N side of Dana Hill Rd.,Adirondack Highlands,Metamorphic,"plag, amph, ilmenite","Streepey, M.M., Lithgow-Bertelloni, C., van der Pluijm, B.A., Essene, E.J., and Magloughlin, J.F., 2004, Exhumation of a collisional orogen: A perspective from the North American Grenville Province, in Tollo, R.P., Corriveau, L., McLelland, J., and Bartholomew, M.J., eds., Proterozoic tectonic evolution of the Grenville orogen in North America: Boulder, Colorado, Geological Society of America Memoir 197, p. 391–410."
CR3-87,941.0,,0.0,Ar/Ar,Cooling,Plateau Age,Hornblende,Laser-Step,Total Gas Age,Grenville Province,,44.38,-75.18,"1.8 km N of intersection between Dana Hill Rd. and Rt. 87, on Rt. 87.",Adirondack Highlands,Metamorphic,"ilmenite, plag, magnetite, amph, scapolite","Streepey, M.M., Lithgow-Bertelloni, C., van der Pluijm, B.A., Essene, E.J., and Magloughlin, J.F., 2004, Exhumation of a collisional orogen: A perspective from the North American Grenville Province, in Tollo, R.P., Corriveau, L., McLelland, J., and Bartholomew, M.J., eds., Proterozoic tectonic evolution of the Grenville orogen in North America: Boulder, Colorado, Geological Society of America Memoir 197, p. 391–410."
CR-2A2,948.0,,0.0,Ar/Ar,Cooling,Plateau Age,Hornblende,Laser-Step,Total Gas Age,Grenville Province,,44.38,-75.18,Directly across Rt. 87 from CR3-87.,Adirondack Highlands,Metamorphic,"biotite, ilmenite, plag, amph, scapolite","Streepey, M.M., Lithgow-Bertelloni, C., van der Pluijm, B.A., Essene, E.J., and Magloughlin, J.F., 2004, Exhumation of a collisional orogen: A perspective from the North American Grenville Province, in Tollo, R.P., Corriveau, L., McLelland, J., and Bartholomew, M.J., eds., Proterozoic tectonic evolution of the Grenville orogen in North America: Boulder, Colorado, Geological Society of America Memoir 197, p. 391–410."
DH2-8,1012.0,,0.0,Ar/Ar,Cooling,Plateau Age,Hornblende,Laser-Step,Total Gas Age,Grenville Province,,44.38,-75.18,Directly across Rt. 87 from CR3-87.,Adirondack Highlands,Metamorphic,"amph, plag","Streepey, M.M., Lithgow-Bertelloni, C., van der Pluijm, B.A., Essene, E.J., and Magloughlin, J.F., 2004, Exhumation of a collisional orogen: A perspective from the North American Grenville Province, in Tollo, R.P., Corriveau, L., McLelland, J., and Bartholomew, M.J., eds., Proterozoic tectonic evolution of the Grenville orogen in North America: Boulder, Colorado, Geological Society of America Memoir 197, p. 391–410."
CR-6A4,1005.0,,0.0,Ar/Ar,Cooling,Plateau Age,Hornblende,Laser-Step,Total Gas Age,Grenville Province,,44.38,-75.18,Directly across Rt. 87 from CR3-87.,Adirondack Highlands,Metamorphic,"plag, amph, chlorite","Streepey, M.M., Lithgow-Bertelloni, C., van der Pluijm, B.A., Essene, E.J., and Magloughlin, J.F., 2004, Exhumation of a collisional orogen: A perspective from the North American Grenville Province, in Tollo, R.P., Corriveau, L., McLelland, J., and Bartholomew, M.J., eds., Proterozoic tectonic evolution of the Grenville orogen in North America: Boulder, Colorado, Geological Society of America Memoir 197, p. 391–410."
CR-12A4,998.0,,0.0,Ar/Ar,Cooling,Plateau Age,Hornblende,Laser-Step,Total Gas Age,Grenville Province,,44.38,-75.18,Directly across Rt. 87 from CR3-87.,Adirondack Highlands,Metamorphic,"plag, amph, clinopyrox, titanite","Streepey, M.M., Lithgow-Bertelloni, C., van der Pluijm, B.A., Essene, E.J., and Magloughlin, J.F., 2004, Exhumation of a collisional orogen: A perspective from the North American Grenville Province, in Tollo, R.P., Corriveau, L., McLelland, J., and Bartholomew, M.J., eds., Proterozoic tectonic evolution of the Grenville orogen in North America: Boulder, Colorado, Geological Society of America Memoir 197, p. 391–410."
CR-9A4,944.0,,0.0,Ar/Ar,Cooling,Plateau Age,Hornblende,Laser-Step,Total Gas Age,Grenville Province,,44.38,-75.18,Directly across Rt. 87 from CR3-87.,Adirondack Highlands,Metamorphic,"pyroxene, amph, ilmenite, biotite, plag","Streepey, M.M., Lithgow-Bertelloni, C., van der Pluijm, B.A., Essene, E.J., and Magloughlin, J.F., 2004, Exhumation of a collisional orogen: A perspective from the North American Grenville Province, in Tollo, R.P., Corriveau, L., McLelland, J., and Bartholomew, M.J., eds., Proterozoic tectonic evolution of the Grenville orogen in North America: Boulder, Colorado, Geological Society of America Memoir 197, p. 391–410."
H87-5b,1019.0,,0.0,Ar/Ar,Cooling,Plateau Age,Hornblende,Laser-Step,Total Gas Age,Grenville Province,,44.38,-75.18,Directly across Rt. 87 from CR3-87.,Adirondack Highlands,Metamorphic,"breccia - chlorite, tremolite, relict plag, amph","Streepey, M.M., Lithgow-Bertelloni, C., van der Pluijm, B.A., Essene, E.J., and Magloughlin, J.F., 2004, Exhumation of a collisional orogen: A perspective from the North American Grenville Province, in Tollo, R.P., Corriveau, L., McLelland, J., and Bartholomew, M.J., eds., Proterozoic tectonic evolution of the Grenville orogen in North America: Boulder, Colorado, Geological Society of America Memoir 197, p. 391–410."
HM95,915.0,4.0,4.0,Ar/Ar,Cooling,Plateau Age; [audit 2026-10: errors converted published 1σ to 2σ (x2)],Biotite,Laser-Step,Direct,Grenville Province,NY,44.45,-75.2,"Northwest of Russell on Rt. 17 in Devil's Elbow, 2 miles south of Hermon. Massive outcrop on both sides of the road; sample from east side",Carthage-Colton shear zone,Metamorphic,garnet biotite gneiss,"Streepey, M.M., van der Pluijm, B.A., Essene, E.J., Hall, C.M., and Magloughlin, J.F., 2000, Late Proterozoic (ca. 930 Ma) extension in eastern Laurentia: Geological Society of America Bulletin, v. 112, p. 1522–1530."
A125,1065.0,,,Ar/Ar,Cooling,Plateau Age,Hornblende,Laser-Step,Direct,Grenville Province,NY,44.31,-75.4,"Emoryville Rd., E of Hailsboro, small outcrop north of road, NW of house, 1.8 mi. E of bridge, 2.1 mi. from Island Branch Rd.",Carthage-Colton shear zone,Metamorphic,amphibolite,"Streepey, M.M., van der Pluijm, B.A., Essene, E.J., Hall, C.M., and Magloughlin, J.F., 2000, Late Proterozoic (ca. 930 Ma) extension in eastern Laurentia: Geological Society of America Bulletin, v. 112, p. 1522–1530."
A128,964.0,8.0,8.0,Ar/Ar,Cooling,Plateau Age; [audit 2026-10: errors converted published 1σ to 2σ (x2)],Biotite,Laser-Step,Direct,Grenville Province,NY,44.36,-75.29,"Outcrop 40m long roadcut on the south side of Trout Lake Rd, north of Edwards on the west side of Trout Lake just west of 2 islands",Carthage-Colton shear zone,Metamorphic,amphibolite,"Streepey, M.M., van der Pluijm, B.A., Essene, E.J., Hall, C.M., and Magloughlin, J.F., 2000, Late Proterozoic (ca. 930 Ma) extension in eastern Laurentia: Geological Society of America Bulletin, v. 112, p. 1522–1530."
A129,924.0,6.0,6.0,Ar/Ar,Cooling,Plateau Age; [audit 2026-10: errors converted published 1σ to 2σ (x2)],Biotite,Laser-Step,Direct,Grenville Province,NY,44.34,-75.28,"Outcrop due west of westernmost extreme of Cedar Lake, south of Trout Lake on Rt. 19 on the way to Edwards",Carthage-Colton shear zone,Metamorphic,amphibolite,"Streepey, M.M., van der Pluijm, B.A., Essene, E.J., Hall, C.M., and Magloughlin, J.F., 2000, Late Proterozoic (ca. 930 Ma) extension in eastern Laurentia: Geological Society of America Bulletin, v. 112, p. 1522–1530."
A136,937.0,16.0,16.0,Ar/Ar,Cooling,Total Gas Age; [audit 2026-10: errors converted published 1σ to 2σ (x2)],Biotite,Laser-Step,Estimate,Grenville Province,NY,44.56,-74.8,"Small outcrop on Joe Indian Rd at the crest of a small hill. Located at the N70W, 60N symbol on Leonard and Buddington's map",Carthage-Colton shear zone,Metamorphic,hornblende granite,"Streepey, M.M., van der Pluijm, B.A., Essene, E.J., Hall, C.M., and Magloughlin, J.F., 2000, Late Proterozoic (ca. 930 Ma) extension in eastern Laurentia: Geological Society of America Bulletin, v. 112, p. 1522–1530."
A112,940.0,8.0,8.0,Ar/Ar,Cooling,Plateau Age; [audit 2026-10: errors converted published 1σ to 2σ (x2)],Biotite,Laser-Step,Direct,Grenville Province,NY,44.29,-75.4,"Near Gouverneur, north of junction of Poplar Hill Rd and Hwy 812. Sample from northerly outcrop",Carthage-Colton shear zone,Metamorphic,amphibolite,"Streepey, M.M., van der Pluijm, B.A., Essene, E.J., Hall, C.M., and Magloughlin, J.F., 2000, Late Proterozoic (ca. 930 Ma) extension in eastern Laurentia: Geological Society of America Bulletin, v. 112, p. 1522–1530."
A102,990.0,,0.0,Ar/Ar,Cooling,Plateau Age,Hornblende,Laser-Step,Total Gas Age,Grenville Province,NY,44.3,-75.4,"Popple Hill Formation, near Russell.",Carthage-Colton shear zone,Metamorphic,amphibolite,"Streepey, M.M., van der Pluijm, B.A., Essene, E.J., Hall, C.M., and Magloughlin, J.F., 2000, Late Proterozoic (ca. 930 Ma) extension in eastern Laurentia: Geological Society of America Bulletin, v. 112, p. 1522–1530."
A142,919.0,2.0,2.0,Ar/Ar,Cooling,Total Gas Age; [audit 2026-10: errors converted published 1σ to 2σ (x2)],Biotite,Laser-Step,Estimate,Grenville Province,NY,44.17,-75.16,Small outcrop on the east side of Mud Lake Rd at the junction of Mud Lake and Briggs Rd (outcrop on the southeast corner of intersection),Carthage-Colton shear zone,Metamorphic,hornblende granite,"Streepey, M.M., van der Pluijm, B.A., Essene, E.J., Hall, C.M., and Magloughlin, J.F., 2000, Late Proterozoic (ca. 930 Ma) extension in eastern Laurentia: Geological Society of America Bulletin, v. 112, p. 1522–1530."
LB93,904.0,4.0,4.0,Ar/Ar,Cooling,Plateau Age; [audit 2026-10: errors converted published 1σ to 2σ (x2)],Biotite,Laser-Step,Direct,Grenville Province,NY,44.21,-75.38,Outcrop just north of LB596-31b,Carthage-Colton shear zone,Metamorphic,biotite schist,"Streepey, M.M., van der Pluijm, B.A., Essene, E.J., Hall, C.M., and Magloughlin, J.F., 2000, Late Proterozoic (ca. 930 Ma) extension in eastern Laurentia: Geological Society of America Bulletin, v. 112, p. 1522–1530."
LB596-31b,925.0,4.0,4.0,Ar/Ar,Cooling,Plateau Age; [audit 2026-10: errors converted published 1σ to 2σ (x2)],Biotite,Laser-Step,Direct,Grenville Province,NY,44.21,-75.37,"4.5 miles from intersection of Hwy 3 and Hwy 812, on Hwy 812. South of Balmat, at first bend in road north of Geers Corners. Outcrop on both sidse of the road, sample from the east side",Carthage-Colton shear zone,Metamorphic,biotite schist,"Streepey, M.M., van der Pluijm, B.A., Essene, E.J., Hall, C.M., and Magloughlin, J.F., 2000, Late Proterozoic (ca. 930 Ma) extension in eastern Laurentia: Geological Society of America Bulletin, v. 112, p. 1522–1530."
PP596-60,899.0,2.0,2.0,Ar/Ar,Cooling,Plateau Age; [audit 2026-10: errors converted published 1σ to 2σ (x2)],Biotite,Laser-Step,Direct,Grenville Province,NY,44.53,-75.04,1 mile southwest of Pierrepont on Rt. 2. Outcrop on east side of road,Carthage-Colton shear zone,Metamorphic,garnet biotite sillmanite schist,"Streepey, M.M., van der Pluijm, B.A., Essene, E.J., Hall, C.M., and Magloughlin, J.F., 2000, Late Proterozoic (ca. 930 Ma) extension in eastern Laurentia: Geological Society of America Bulletin, v. 112, p. 1522–1530."
SE596-49,895.0,2.0,2.0,Ar/Ar,Cooling,Plateau Age; [audit 2026-10: errors converted published 1σ to 2σ (x2)],Biotite,Laser-Step,Direct,Grenville Province,NY,44.39,-75.19,"On Rt 87, north of Dana Hill Rd. 1.9 miles south of Whipperwill Corners. Smallish outcrop on northwest side of road",Carthage-Colton shear zone,Metamorphic,amphibolite,"Streepey, M.M., van der Pluijm, B.A., Essene, E.J., Hall, C.M., and Magloughlin, J.F., 2000, Late Proterozoic (ca. 930 Ma) extension in eastern Laurentia: Geological Society of America Bulletin, v. 112, p. 1522–1530."
CN596-56,924.0,4.0,4.0,Ar/Ar,Cooling,Plateau Age; [audit 2026-10: errors converted published 1σ to 2σ (x2)],Biotite,Laser-Step,Direct,Grenville Province,NY,44.51,-74.99,"0.2 miles south of junction of Hanson Rd and Orebed Rd, on Orebed Rd near Colton. Small outcrop on west side of road",Carthage-Colton shear zone,Metamorphic,hornblende granite,"Streepey, M.M., van der Pluijm, B.A., Essene, E.J., Hall, C.M., and Magloughlin, J.F., 2000, Late Proterozoic (ca. 930 Ma) extension in eastern Laurentia: Geological Society of America Bulletin, v. 112, p. 1522–1530."
HT-95-50d-G2,1044.0,3.0,3.0,U/Pb,Cooling,"leucocratic granulite vein, cuts amph-facies migmatitic orthogneisses",Titanite,TIMS,Direct,Grenville Province,ON,45.19197,-78.85999,"roadcut along Hwy 35, S of Raven Lake",Muskoka Domain - cuts migmatitic orthogneiss,Metamorphic,"leucocratic granulite vein, cuts amph-facies migmatitic orthogneisses","Timmerman, H., Jamieson, R.A., Parrish, R.R. and Culshaw, N.G., 2002. Coeval migmatites and granulites, Muskoka domain, southwestern Grenville Province, Ontario; Canadian Journal of Earth Sciences, v. 39, p. 239-25"
HT-95-50d-G2,1052.0,12.0,12.0,U/Pb,Metamorphic,"leucocratic granulite vein, cuts amph-facies migmatitic orthogneisses",Zircon,TIMS,Direct,Grenville Province,ON,45.19197,-78.85999,"roadcut along Hwy 35, S of Raven Lake",Muskoka Domain - cuts migmatitic orthogneiss,Metamorphic,"leucocratic granulite vein, cuts amph-facies migmatitic orthogneisses","Timmerman, H., Jamieson, R.A., Parrish, R.R. and Culshaw, N.G., 2002. Coeval migmatites and granulites, Muskoka domain, southwestern Grenville Province, Ontario; Canadian Journal of Earth Sciences, v. 39, p. 239-25"
HT-95-132b-G2,1052.0,52.0,55.0,U/Pb,Metamorphic,"nonmigmatitic granulite, associated with amph-facies migmatitic orthogneisses. 2 pyroxene patchy granulite",Zircon,TIMS,Estimate,Grenville Province,ON,45.03394,-78.97584,roadcut along Hwy 118 West,Muskoka Domain - Type 2 Granulite,Metamorphic,"nonmigmatitic granulite, associated with amph-facies migmatitic orthogneisses. 2 pyroxene patchy granulite","Timmerman, H., Jamieson, R.A., Parrish, R.R. and Culshaw, N.G., 2002. Coeval migmatites and granulites, Muskoka domain, southwestern Grenville Province, Ontario; Canadian Journal of Earth Sciences, v. 39, p. 239-25"
HT-95-50d-G2,1063.0,13.0,13.0,U/Pb,Metamorphic,"leucocratic granulite vein, cuts amph-facies migmatitic orthogneisses",Zircon,TIMS,Direct,Grenville Province,ON,45.19197,-78.85999,"roadcut along Hwy 35, S of Raven Lake",Muskoka Domain - cuts migmatitic orthogneiss,Metamorphic,"leucocratic granulite vein, cuts amph-facies migmatitic orthogneisses","Timmerman, H., Jamieson, R.A., Parrish, R.R. and Culshaw, N.G., 2002. Coeval migmatites and granulites, Muskoka domain, southwestern Grenville Province, Ontario; Canadian Journal of Earth Sciences, v. 39, p. 239-25"
HT-95-50d-G2,1176.0,7.0,7.0,U/Pb,Inheritance,"leucocratic granulite vein, cuts amph-facies migmatitic orthogneisses",Zircon,TIMS,Estimate,Grenville Province,ON,45.19197,-78.85999,"roadcut along Hwy 35, S of Raven Lake",Muskoka Domain - cuts migmatitic orthogneiss,Metamorphic,"leucocratic granulite vein, cuts amph-facies migmatitic orthogneisses","Timmerman, H., Jamieson, R.A., Parrish, R.R. and Culshaw, N.G., 2002. Coeval migmatites and granulites, Muskoka domain, southwestern Grenville Province, Ontario; Canadian Journal of Earth Sciences, v. 39, p. 239-25"
HT-95-132b-G2,1456.0,16.0,12.0,U/Pb,Protolith age,"nonmigmatitic granulite, associated with amph-facies migmatitic orthogneisses. 2 pyroxene patchy granulite",Zircon,TIMS,Estimate,Grenville Province,ON,45.03394,-78.97584,roadcut along Hwy 118 West,Muskoka Domain - Type 2 Granulite,Metamorphic,"nonmigmatitic granulite, associated with amph-facies migmatitic orthogneisses. 2 pyroxene patchy granulite","Timmerman, H., Jamieson, R.A., Parrish, R.R. and Culshaw, N.G., 2002. Coeval migmatites and granulites, Muskoka domain, southwestern Grenville Province, Ontario; Canadian Journal of Earth Sciences, v. 39, p. 239-25"
HT-95-60-G1,1064.0,2.0,2.0,U/Pb,Metamorphic,"nonfoliated, coarse grained orthopyroxene-bearing vein/leucosome in granulite facies, cuts foliated pink granitoid",Titanite,TIMS,Minimum Direct,Grenville Province,ON,45.11807,-78.81724,"Roadcut along Hwy 35, St Nora's Lake",Central Metasedimentary Belt - Muskoka Domain,Metamorphic,"nonfoliated, coarse grained orthopyroxene-bearing vein/leucosome in granulite facies, cuts foliated pink granitoid","Timmermann, H., Parrish, R.R., Jamieson, R.A. and Culshaw, N.G., 1997. Time of metamorphism beneath the Central Metasedimentary Belt boundary thrust zone, Grenville orogen, Ontario: Accretion at 1080 Ma?; Canadian Journal of Earth Sciences, v. 34, p. 1023-102"
HT-95-194-G1,1064.0,18.0,19.0,U/Pb,Metamorphic,"protolith of migmatitic orthogneisses plag-qtz-kf-hbl-bio-tit-all-zir. Age also uses data from HT-95-194G1, same outcrop: folication-parallel hornblende- and biotite-gearing leucosome",Zircon,TIMS,Direct,Grenville Province,ON,45.14187,-79.12313,"Roadcut along Hw 117, SW of Baysville. Age derives from 2 samples, but they were both from same outcrop.",Central Metasedimentary Belt - Muskoka Domain,Metamorphic,"protolith of migmatitic orthogneisses plag-qtz-kf-hbl-bio-tit-all-zir. Age also uses data from HT-95-194G1, same outcrop: folication-parallel hornblende- and biotite-gearing leucosome","Timmermann, H., Parrish, R.R., Jamieson, R.A. and Culshaw, N.G., 1997. Time of metamorphism beneath the Central Metasedimentary Belt boundary thrust zone, Grenville orogen, Ontario: Accretion at 1080 Ma?; Canadian Journal of Earth Sciences, v. 34, p. 1023-102"
HT-95-60-G2,1066.0,8.0,8.0,U/Pb,Metamorphic,"pink, coarse-grained, foliated granitoid, from within strongly deformed migmatitic orthogneisses",Zircon,TIMS,Direct,Grenville Province,ON,45.11807,-78.81724,"roadcut along Hw 35, St. Nora's Lake",Central Metasedimentary Belt - Muskoka Domain,Metamorphic,"pink, coarse-grained, foliated granitoid, from within strongly deformed migmatitic orthogneisses","Timmermann, H., Parrish, R.R., Jamieson, R.A. and Culshaw, N.G., 1997. Time of metamorphism beneath the Central Metasedimentary Belt boundary thrust zone, Grenville orogen, Ontario: Accretion at 1080 Ma?; Canadian Journal of Earth Sciences, v. 34, p. 1023-102"
HT-95-60-G1,1077.0,2.0,2.0,U/Pb,Metasomatic,"nonfoliated, coarse grained orthopyroxene-bearing vein/leucosome in granulite facies, cuts foliated pink granitoid",Zircon,TIMS,Direct,Grenville Province,ON,45.11807,-78.81724,"Roadcut along Hwy 35, St Nora's Lake",Central Metasedimentary Belt - Muskoka Domain,Metamorphic,"nonfoliated, coarse grained orthopyroxene-bearing vein/leucosome in granulite facies, cuts foliated pink granitoid","Timmermann, H., Parrish, R.R., Jamieson, R.A. and Culshaw, N.G., 1997. Time of metamorphism beneath the Central Metasedimentary Belt boundary thrust zone, Grenville orogen, Ontario: Accretion at 1080 Ma?; Canadian Journal of Earth Sciences, v. 34, p. 1023-102"
HT-95-77-G,1079.0,3.0,3.0,U/Pb,Metamorphic,Gt-Amphibolite inclusion in migmatitic orthogneisses,Zircon,TIMS,Direct,Grenville Province,ON,45.17425,-79.0947,"Roadcut along Hwy 117, NE of Baysville",Central Metasedimentary Belt - Muskoka Domain,Metamorphic,Gt-Amphibolite inclusion in migmatitic orthogneisses,"Timmermann, H., Parrish, R.R., Jamieson, R.A. and Culshaw, N.G., 1997. Time of metamorphism beneath the Central Metasedimentary Belt boundary thrust zone, Grenville orogen, Ontario: Accretion at 1080 Ma?; Canadian Journal of Earth Sciences, v. 34, p. 1023-102"
HT-95-60-G2,1394.0,13.0,13.0,U/Pb,Protolith age,"pink, coarse-grained, foliated granitoid, from within strongly deformed migmatitic orthogneisses",Zircon,TIMS,Direct,Grenville Province,ON,45.11807,-78.81724,"roadcut along Hw 35, St. Nora's Lake",Central Metasedimentary Belt - Muskoka Domain,Metamorphic,"pink, coarse-grained, foliated granitoid, from within strongly deformed migmatitic orthogneisses","Timmermann, H., Parrish, R.R., Jamieson, R.A. and Culshaw, N.G., 1997. Time of metamorphism beneath the Central Metasedimentary Belt boundary thrust zone, Grenville orogen, Ontario: Accretion at 1080 Ma?; Canadian Journal of Earth Sciences, v. 34, p. 1023-102"
HT-95-194-G1,1457.0,7.0,6.0,U/Pb,Protolith age,"protolith of migmatitic orthogneisses plag-qtz-kf-hbl-bio-tit-all-zir. Age also uses data from HT-95-194G1, same outcrop: folication-parallel hornblende- and biotite-gearing leucosome",Zircon,TIMS,Direct,Grenville Province,ON,45.14187,-79.12313,"Roadcut along Hw 117, SW of Baysville. Age derives from 2 samples, but they were both from same outcrop.",Central Metasedimentary Belt - Muskoka Domain,Metamorphic,"protolith of migmatitic orthogneisses plag-qtz-kf-hbl-bio-tit-all-zir. Age also uses data from HT-95-194G1, same outcrop: folication-parallel hornblende- and biotite-gearing leucosome","Timmermann, H., Parrish, R.R., Jamieson, R.A. and Culshaw, N.G., 1997. Time of metamorphism beneath the Central Metasedimentary Belt boundary thrust zone, Grenville orogen, Ontario: Accretion at 1080 Ma?; Canadian Journal of Earth Sciences, v. 34, p. 1023-102"
91-16,1058.0,2.0,2.0,U/Pb,Metamorphic,calc-silicate gneiss,Titanite,TIMS,Estimate,Grenville Province,ON,45.41292,-80.09248,No topographic description.,Mesoproterozoic Composite Arc allochthon - Parry Sound domain,Metamorphic,calc-silicate gneiss,"Tuccillo, M.E., Mezger, K., Essene, E.J. and van der Pluijm, B.A., 1992. Thermobarometry, geochronology and the interpretation of P-T-t data in the Britt domain, Ontario Grenville Orogen, Canada; Journal of Petrology, v. 33, p. 1225-125"
SH88-7b,1060.0,2.0,2.0,U/Pb,Pb Loss,metapelitic gneiss,Monazite,TIMS,Estimate,Grenville Province,ON,45.52273,-80.35706,No topographic description.,High pressure terranes - Britt domain,Metamorphic,metapelitic gneiss,"Tuccillo, M.E., Mezger, K., Essene, E.J. and van der Pluijm, B.A., 1992. Thermobarometry, geochronology and the interpretation of P-T-t data in the Britt domain, Ontario Grenville Orogen, Canada; Journal of Petrology, v. 33, p. 1225-125"
91-18,1078.0,4.0,4.0,U/Pb,Metamorphic,quartz-titanite vein,Titanite,TIMS,Direct,Grenville Province,ON,45.35413,-80.05767,No topographic description.,Mesoproterozoic Composite Arc allochthon - Parry Sound Shear Zone,Metamorphic,quartz-titanite vein,"Tuccillo, M.E., Mezger, K., Essene, E.J. and van der Pluijm, B.A., 1992. Thermobarometry, geochronology and the interpretation of P-T-t data in the Britt domain, Ontario Grenville Orogen, Canada; Journal of Petrology, v. 33, p. 1225-125"
PS88-1,1123.0,3.0,3.0,U/Pb,Metamorphic,"metapelite, sheared to at least amphibolite facies conditions",Garnet,TIMS,Estimate,Grenville Province,ON,45.35413,-80.05767,No topographic description.,Mesoproterozoic Composite Arc allochthon - Parry Sound Shear Zone,Metamorphic,"metapelite, sheared to at least amphibolite facies conditions","Tuccillo, M.E., Mezger, K., Essene, E.J. and van der Pluijm, B.A., 1992. Thermobarometry, geochronology and the interpretation of P-T-t data in the Britt domain, Ontario Grenville Orogen, Canada; Journal of Petrology, v. 33, p. 1225-125"
91-19,1157.0,1.0,1.0,U/Pb,Metamorphic,metapelitic gneiss,Monazite,TIMS,Direct,Grenville Province,ON,45.48016,-79.95577,No topographic description.,Mesoproterozoic Composite Arc allochthon - Parry Sound domain,Metamorphic,metapelitic gneiss,"Tuccillo, M.E., Mezger, K., Essene, E.J. and van der Pluijm, B.A., 1992. Thermobarometry, geochronology and the interpretation of P-T-t data in the Britt domain, Ontario Grenville Orogen, Canada; Journal of Petrology, v. 33, p. 1225-125"
SH88-7b,1396.0,6.0,6.0,U/Pb,Metamorphic,metapelitic gneiss,Garnet,TIMS,Estimate,Grenville Province,ON,45.52273,-80.35706,No topographic description.,High pressure terranes - Britt domain,Metamorphic,metapelitic gneiss,"Tuccillo, M.E., Mezger, K., Essene, E.J. and van der Pluijm, B.A., 1992. Thermobarometry, geochronology and the interpretation of P-T-t data in the Britt domain, Ontario Grenville Orogen, Canada; Journal of Petrology, v. 33, p. 1225-125"
Sh88-58,1435.0,2.0,2.0,U/Pb,Metamorphic,metapelitic gneiss,Allanite,TIMS,Estimate,Grenville Province,ON,45.52273,-80.35706,No topographic description.,High pressure terranes - Britt domain,Metamorphic,metapelitic gneiss,"Tuccillo, M.E., Mezger, K., Essene, E.J. and van der Pluijm, B.A., 1992. Thermobarometry, geochronology and the interpretation of P-T-t data in the Britt domain, Ontario Grenville Orogen, Canada; Journal of Petrology, v. 33, p. 1225-125"
Sh88-58,1450.0,1.0,1.0,U/Pb,Metamorphic,metapelitic gneiss,Allanite,TIMS,Direct,Grenville Province,ON,45.52273,-80.35706,No topographic description.,High pressure terranes - Britt domain,Metamorphic,metapelitic gneiss,"Tuccillo, M.E., Mezger, K., Essene, E.J. and van der Pluijm, B.A., 1992. Thermobarometry, geochronology and the interpretation of P-T-t data in the Britt domain, Ontario Grenville Orogen, Canada; Journal of Petrology, v. 33, p. 1225-125"
Cap de la Mer Amphibolite,1506.0,13.0,13.0,U/Pb,Protolith age,"upper intercept (fractions A-D; E excluded, MSWD 0.83); igneous precursor",Zircon,TIMS,Direct,Grenville Province,QC,48.4435,-70.9013,"Saguenay region, NTS 22D/07, UTM 19 359393E 5367344N. Lat/Long converted from UTM zone 19 NAD83 given in Table 2 (p. 72).","Saguenay Gneiss Complex (Cap de la Mer Amphibolite), host of Lac St. Jean Anorthosite Suite",Metamorphic,foliated gabbroic amphibolite,"Hébert, C., and van Breemen, O., 2004, Mesoproterozoic basement of the Lac St. Jean Anorthosite Suite and younger Grenvillian intrusions in the Saguenay region, Québec: Structural relationships and U-Pb geochronology, in Tollo, R.P., et al., eds., Proterozoic tectonic evolution of the Grenville orogen in North America: GSA Memoir 197, p. 65-79. doi:10.1130/0-8137-1197-5.65 [Table 2 p. 72; text p. 73]"
Cap de la Mer Amphibolite,1077.0,12.0,12.0,U/Pb,Metamorphic,lower intercept; new zircon growth during Grenville metamorphism (possibly Pb loss component),Zircon,TIMS,Estimate,Grenville Province,QC,48.4435,-70.9013,"Saguenay region, NTS 22D/07, UTM 19 359393E 5367344N. Lat/Long converted from UTM zone 19 NAD83 given in Table 2 (p. 72).","Saguenay Gneiss Complex (Cap de la Mer Amphibolite), host of Lac St. Jean Anorthosite Suite",Metamorphic,foliated gabbroic amphibolite,"Hébert, C., and van Breemen, O., 2004, Mesoproterozoic basement of the Lac St. Jean Anorthosite Suite and younger Grenvillian intrusions in the Saguenay region, Québec: Structural relationships and U-Pb geochronology, in Tollo, R.P., et al., eds., Proterozoic tectonic evolution of the Grenville orogen in North America: GSA Memoir 197, p. 65-79. doi:10.1130/0-8137-1197-5.65 [Table 2 p. 72; text p. 73]"
Cap à l'Est Gneiss Complex,1391.0,8.0,7.0,U/Pb,Igneous Crystallization,"upper intercept (4 fractions, MSWD 0.67); late magmatic crystallization",Zircon,TIMS,Direct,Grenville Province,QC,48.4415,-70.8419,"Saguenay region, NTS 22D/07, UTM 19 363778E 5367017N. Lat/Long converted from UTM zone 19 NAD83 given in Table 2 (p. 72).","Cap à l'Est Gneiss Complex, host of Lac St. Jean Anorthosite Suite",Metamorphic,green gneissic charnockite (granulitic gneiss),"Hébert, C., and van Breemen, O., 2004, Mesoproterozoic basement of the Lac St. Jean Anorthosite Suite and younger Grenvillian intrusions in the Saguenay region, Québec: Structural relationships and U-Pb geochronology, in Tollo, R.P., et al., eds., Proterozoic tectonic evolution of the Grenville orogen in North America: GSA Memoir 197, p. 65-79. doi:10.1130/0-8137-1197-5.65 [Table 2 p. 72; text p. 73]"
Cap à l'Est Gneiss Complex,1027.0,18.0,18.0,U/Pb,Pb Loss,lower intercept; Pb loss during Grenville metamorphism,Zircon,TIMS,Estimate,Grenville Province,QC,48.4415,-70.8419,"Saguenay region, NTS 22D/07, UTM 19 363778E 5367017N. Lat/Long converted from UTM zone 19 NAD83 given in Table 2 (p. 72).","Cap à l'Est Gneiss Complex, host of Lac St. Jean Anorthosite Suite",Metamorphic,green gneissic charnockite (granulitic gneiss),"Hébert, C., and van Breemen, O., 2004, Mesoproterozoic basement of the Lac St. Jean Anorthosite Suite and younger Grenvillian intrusions in the Saguenay region, Québec: Structural relationships and U-Pb geochronology, in Tollo, R.P., et al., eds., Proterozoic tectonic evolution of the Grenville orogen in North America: GSA Memoir 197, p. 65-79. doi:10.1130/0-8137-1197-5.65 [Table 2 p. 72; text p. 73]"
Cyriac Rapakivi Granite,1383.0,16.0,16.0,U/Pb,Igneous Crystallization,"SHRIMP weighted mean 207Pb/206Pb (MSWD 2.0). Sigma ambiguous: p.73 says SHRIMP age uncertainties at 68% conf., Fig. 4 caption says 2 sigma; [audit 2026-10: sigma level of published uncertainty not stated (unstated); entered as published]",Zircon,SHRIMP,Uncertain,Grenville Province,QC,48.352,-71.2567,"Saguenay region, NTS 22D/06, UTM 19 332815E 5357885N. Lat/Long converted from UTM zone 19 NAD83 given in Table 2 (p. 72).","Cyriac Rapakivi Granite, host of Lac St. Jean Anorthosite Suite",Plutonic,megacrystic hornblende-biotite rapakivi granite,"Hébert, C., and van Breemen, O., 2004, Mesoproterozoic basement of the Lac St. Jean Anorthosite Suite and younger Grenvillian intrusions in the Saguenay region, Québec: Structural relationships and U-Pb geochronology, in Tollo, R.P., et al., eds., Proterozoic tectonic evolution of the Grenville orogen in North America: GSA Memoir 197, p. 65-79. doi:10.1130/0-8137-1197-5.65 [Table 3 p. 74; text pp. 73-76]"
Kénogami Charnockite,1140.0,15.0,5.0,U/Pb,Igneous Crystallization,"authors assign range 1155-1135 Ma (1140 Ma minimum from oldest 207Pb/206Pb, max 1155, min 1135 incl. analytical error); Age/errors encode that range; [audit 2026-10: errors encode published age range]",Zircon,TIMS,Estimate,Grenville Province,QC,48.2687,-71.3305,"Saguenay region, NTS 22D/06, UTM 19 327066E 5348795N. Lat/Long converted from UTM zone 19 NAD83 given in Table 2 (p. 72).",Lac St. Jean Anorthosite Suite (AMCG) - Kénogami Charnockite,Plutonic,augen charnockite,"Hébert, C., and van Breemen, O., 2004, Mesoproterozoic basement of the Lac St. Jean Anorthosite Suite and younger Grenvillian intrusions in the Saguenay region, Québec: Structural relationships and U-Pb geochronology, in Tollo, R.P., et al., eds., Proterozoic tectonic evolution of the Grenville orogen in North America: GSA Memoir 197, p. 65-79. doi:10.1130/0-8137-1197-5.65 [Table 1 p. 68; Table 2 p. 72; text p. 76]"
Baie à Cadie Mafic-Ultramafic Suite,1150.0,3.0,3.0,Pb/Pb,Igneous Crystallization,average 207Pb/206Pb age of fractions A1 and A2,Zircon,TIMS,Direct,Grenville Province,QC,48.3185,-71.3009,"Saguenay region, NTS 22D/06, UTM 19 329427E 5354256N. Lat/Long converted from UTM zone 19 NAD83 given in Table 2 (p. 72).",Lac St. Jean Anorthosite Suite (AMCG) - Baie à Cadie Mafic-Ultramafic Suite,Plutonic,pegmatitic gabbronorite,"Hébert, C., and van Breemen, O., 2004, Mesoproterozoic basement of the Lac St. Jean Anorthosite Suite and younger Grenvillian intrusions in the Saguenay region, Québec: Structural relationships and U-Pb geochronology, in Tollo, R.P., et al., eds., Proterozoic tectonic evolution of the Grenville orogen in North America: GSA Memoir 197, p. 65-79. doi:10.1130/0-8137-1197-5.65 [Table 2 p. 72; text p. 76]"
Simoncouche Gabbro,1045.0,5.0,5.0,U/Pb,Igneous Crystallization,approximated by most concordant fraction C; dates end of St. Fulgence shear zone movement,Zircon,TIMS,Estimate,Grenville Province,QC,48.4621,-70.8654,"Saguenay region, NTS 22D/07, UTM 19 362098E 5369345N. Lat/Long converted from UTM zone 19 NAD83 given in Table 2 (p. 72).","Simoncouche Gabbro (St. Fulgence shear zone), Saguenay region",Plutonic,subophitic hornblende gabbro,"Hébert, C., and van Breemen, O., 2004, Mesoproterozoic basement of the Lac St. Jean Anorthosite Suite and younger Grenvillian intrusions in the Saguenay region, Québec: Structural relationships and U-Pb geochronology, in Tollo, R.P., et al., eds., Proterozoic tectonic evolution of the Grenville orogen in North America: GSA Memoir 197, p. 65-79. doi:10.1130/0-8137-1197-5.65 [Table 2 p. 72; text p. 76]"
Mattawa Anorthosite (gabbronorite),1016.5,2.0,2.0,U/Pb,Igneous Crystallization,"upper intercept through origin of Z1A, Z2A, Z3B, Z3D (Table 3 footnote i); quoted as 1016 +/- 2 Ma in text (Table 1 lists 1016 +/- 3)",Zircon,TIMS,Direct,Grenville Province,QC,48.9646,-70.5002,"Monts-Valin, NTS 22D/15; lat/long from Table 3 (printed as 70.5002 E, a misprint for W)",Valin Anorthositic Suite - Mattawa Anorthosite (Saguenay region),Plutonic,gabbronorite associated with andesine-type anorthosite,"Hébert, C., Cadieux, A.-M., and van Breemen, O., 2005, Temporal evolution and nature of Ti-Fe-P mineralization in the anorthosite-mangerite-charnockite-granite (AMCG) suites of the south-central Grenville Province, Saguenay - Lac St. Jean area, Quebec, Canada: Canadian Journal of Earth Sciences, v. 42, p. 1865-1880. doi:10.1139/e05-050 [Table 3 p. 1876 and footnote i; text p. 1873]"
Gouin Charnockite,1010.0,2.0,2.0,U/Pb,Igneous Crystallization,"concordia age (Ludwig 2000), 63% probability of fit; 4 concordant fractions",Zircon,TIMS,Direct,Grenville Province,QC,49.5802,-70.2152,"NTS 22E/09; lat/long from Table 3 (printed as E, misprint for W); 5 km NW of Labrieville massif",Valin Anorthositic Suite - Gouin Charnockite (Saguenay region),Plutonic,charnockite,"Hébert, C., Cadieux, A.-M., and van Breemen, O., 2005, Temporal evolution and nature of Ti-Fe-P mineralization in the anorthosite-mangerite-charnockite-granite (AMCG) suites of the south-central Grenville Province, Saguenay - Lac St. Jean area, Quebec, Canada: Canadian Journal of Earth Sciences, v. 42, p. 1865-1880. doi:10.1139/e05-050 [Table 3 p. 1876; text p. 1874]"
La Hache Monzonite,1010.0,3.0,3.0,U/Pb,Igneous Crystallization,"igneous age assigned in text; Table 3 footnote k: fraction A concordia 1010 +/- 1, A+D concordia 1011 +/- 2 (2 sigma); B, C (D?) inherited Pb",Zircon,TIMS,Direct,Grenville Province,QC,48.9473,-70.8503,"Monts-Valin, NTS 22D/15; lat/long from Table 3 (printed as E, misprint for W)",Valin Anorthositic Suite - La Hache Monzonite (Saguenay region),Plutonic,hypersthene monzonite,"Hébert, C., Cadieux, A.-M., and van Breemen, O., 2005, Temporal evolution and nature of Ti-Fe-P mineralization in the anorthosite-mangerite-charnockite-granite (AMCG) suites of the south-central Grenville Province, Saguenay - Lac St. Jean area, Quebec, Canada: Canadian Journal of Earth Sciences, v. 42, p. 1865-1880. doi:10.1139/e05-050 [Table 3 p. 1876 and footnote k; text p. 1874]"
EC84-246,1160.0,7.0,6.0,U/Pb,Igneous Crystallization,"upper intercept, 3 fractions, MSWD 2.1; [audit 2026-10: sigma level of published uncertainty not stated (unstated); entered as published]",Zircon,TIMS,Direct,Grenville Province,QC,45.9333,-74.3333,"Morin anorthosite area, 45°56'N 74°20'W (from text p. 216)",Morin terrane - Morin anorthosite complex (mangerite),Plutonic,pyroxene quartz monzonite,"Emslie, R.F., and Hunt, P.A., 1990, Ages and petrogenetic significance of igneous mangerite-charnockite suites associated with massif anorthosites, Grenville Province: Journal of Geology, v. 98, p. 213-231. doi:10.1086/629394 [Table 1 p.218; text p.216; Table 3 p.224]"
EC84-113,1148.0,4.0,4.0,Pb/Pb,Igneous Crystallization,concordant 207Pb/206Pb age of air-abraded fraction 2A (1148.3 +/- 4.0); preferred over upper intercept 1149 +17/-7,Zircon,TIMS,Direct,Grenville Province,QC,48.5667,-71.4833,"Lac St. Jean anorthosite area, 48°34'N 71°29'W (from text p. 217)",Lac St. Jean Anorthosite Suite (AMCG) - pyroxene monzonite,Plutonic,pyroxene monzonite,"Emslie, R.F., and Hunt, P.A., 1990, Ages and petrogenetic significance of igneous mangerite-charnockite suites associated with massif anorthosites, Grenville Province: Journal of Geology, v. 98, p. 213-231. doi:10.1086/629394 [Table 1 p.218; text p.217; Fig. 2b; Table 3 p.224]"
EC84-178,1365.0,7.0,4.0,U/Pb,Igneous Crystallization,"upper intercept, 6 fractions; [audit 2026-10: sigma level of published uncertainty not stated (unstated); entered as published]",Zircon,TIMS,Direct,Grenville Province,QC,50.0167,-66.8917,"Rivière Pentecôte area, 50°01'N 66°53'30""W (from text p. 217)",Rivière-Pentecôte anorthosite area,Plutonic,pyroxene quartz monzonite,"Emslie, R.F., and Hunt, P.A., 1990, Ages and petrogenetic significance of igneous mangerite-charnockite suites associated with massif anorthosites, Grenville Province: Journal of Geology, v. 98, p. 213-231. doi:10.1086/629394 [Table 1 p.218; text p.217; Table 3 p.224]"
EC84-147,1018.0,7.0,3.0,U/Pb,Igneous Crystallization,"upper intercept, 6 fractions, MSWD 0.8 (Farmer Monzonite of later authors); [audit 2026-10: sigma level of published uncertainty not stated (unstated); entered as published]",Zircon,TIMS,Direct,Grenville Province,QC,49.3,-69.65,"Labrieville area, 49°18'N 69°39'W (from text p. 217); body ~10 km E of Labrieville anorthosite",Labrieville area (Valin Anorthositic Suite of Hebert et al. 2005) - Farmer Monzonite,Plutonic,pyroxene quartz monzonite (porphyritic granite unit),"Emslie, R.F., and Hunt, P.A., 1990, Ages and petrogenetic significance of igneous mangerite-charnockite suites associated with massif anorthosites, Grenville Province: Journal of Geology, v. 98, p. 213-231. doi:10.1086/629394 [Table 1 p.218; text p.220; Table 3 p.224]"
EC84-204,1126.0,7.0,6.0,U/Pb,Igneous Crystallization,"upper intercept, 3 fractions, MSWD 0.01; [audit 2026-10: sigma level of published uncertainty not stated (unstated); entered as published]",Zircon,TIMS,Direct,Grenville Province,QC,50.3167,-64.45,"Magpie River area (Lac Allard), 50°19'N 64°27'W (from text p. 220)",Havre-Saint-Pierre anorthosite area (Lac Allard) - mangerite,Plutonic,pyroxene monzonite,"Emslie, R.F., and Hunt, P.A., 1990, Ages and petrogenetic significance of igneous mangerite-charnockite suites associated with massif anorthosites, Grenville Province: Journal of Geology, v. 98, p. 213-231. doi:10.1086/629394 [Table 1 p.219; text p.220; Table 3 p.224]"
EC85-198,1123.0,4.0,4.0,Pb/Pb,Igneous Crystallization,concordant single-grain 207Pb/206Pb age (fraction 7E); upper intercept 1652 +31/-25 interpreted as inherited component; [audit 2026-10: sigma level of published uncertainty not stated (unstated); entered as published],Zircon,TIMS,Direct,Grenville Province,NL,52.2,-64.6833,"Atikonak River area, 52°12'N 64°41'W (from text p. 220); province assigned from coordinates",Atikonak River anorthosite area - mangerite,Plutonic,pyroxene quartz monzonite,"Emslie, R.F., and Hunt, P.A., 1990, Ages and petrogenetic significance of igneous mangerite-charnockite suites associated with massif anorthosites, Grenville Province: Journal of Geology, v. 98, p. 213-231. doi:10.1086/629394 [Table 1 p.219; text p.221; Table 3 p.224]"
EC85-340,1133.0,10.0,5.0,U/Pb,Igneous Crystallization,"upper intercept, 4 fractions, MSWD 0.6; [audit 2026-10: sigma level of published uncertainty not stated (unstated); entered as published]",Zircon,TIMS,Direct,Grenville Province,NL,52.1,-64.8,"Atikonak River area, 52°06'N 64°48'W (from text p. 220); province assigned from coordinates",Atikonak River anorthosite area - rapakivi granite,Plutonic,rapakivi granite,"Emslie, R.F., and Hunt, P.A., 1990, Ages and petrogenetic significance of igneous mangerite-charnockite suites associated with massif anorthosites, Grenville Province: Journal of Geology, v. 98, p. 213-231. doi:10.1086/629394 [Table 1 p.219; text p.221; Table 3 p.224]"
EC75-80,1645.5,1.5,1.5,Pb/Pb,Igneous Crystallization,concordant 207Pb/206Pb age of fraction 9C (1646 +/- 2 in Table 3),Zircon,TIMS,Direct,Grenville Province,NL,53.45,-58.6833,"Mealy Mountains area, 53°27'N 58°41'W (from text p. 221)",Mealy Mountains terrane - Mealy Mountains anorthosite complex,Plutonic,pyroxene monzonite,"Emslie, R.F., and Hunt, P.A., 1990, Ages and petrogenetic significance of igneous mangerite-charnockite suites associated with massif anorthosites, Grenville Province: Journal of Geology, v. 98, p. 213-231. doi:10.1086/629394 [Table 1 p.219; text p.221; Table 3 p.224]"
EC75-239,1635.0,22.0,8.0,U/Pb,Igneous Crystallization,"upper intercept, 5 fractions, MSWD 9; [audit 2026-10: sigma level of published uncertainty not stated (unstated); entered as published]",Zircon,TIMS,Direct,Grenville Province,NL,53.8667,-58.9167,"Mealy Mountains area, 53°52'N 58°55'W (from text p. 221)",Mealy Mountains terrane - Mealy Mountains anorthosite complex,Plutonic,pyroxene granite,"Emslie, R.F., and Hunt, P.A., 1990, Ages and petrogenetic significance of igneous mangerite-charnockite suites associated with massif anorthosites, Grenville Province: Journal of Geology, v. 98, p. 213-231. doi:10.1086/629394 [Table 1 p.219; text p.221; Table 3 p.224]"
LOR-1,1069.0,13.0,13.0,U/Pb,Igneous Crystallization,"concordia age, n=14 zircons; quoted 1069 +/- 12 Ma in abstract/discussion, 1069 +/- 13 in Results",Zircon,LA-ICP-MS,Direct,Grenville Province,QC,,,"Lac à l'Orignal Fe-Ti-P deposit, drillcore LO-14-21, 14-16 m depth; ~100 km NE of Chicoutimi","Vanel Anorthosite (Pipmuacan Anorthosite Suite), NE margin of Lac St. Jean Anorthosite Suite",Plutonic,leucocratic oxide-apatite norite (upper border of intrusion),"Miloski, P., Dare, S., Morisset, C.-E., Davies, J.H.F.L., Perrot, M.G., and Savard, D., 2023, Petrogenesis of Fe-Ti-P mineral deposits associated with Proterozoic anorthosite massifs in the Grenville Province: insights from oxide and apatite trace-element geochemistry at Lac à l'Orignal, Quebec, Canada: Mineralium Deposita, v. 59, p. 519-556. doi:10.1007/s00126-023-01216-5 [Results section U-Pb dating (article p. 13), Table 1 (zircon U-Pb data), Fig. 6]"
LOR-2,993.0,13.0,13.0,U/Pb,Igneous Crystallization,"concordia age, n=16 concordant zircons (core of intrusion)",Zircon,LA-ICP-MS,Direct,Grenville Province,QC,,,"Lac à l'Orignal Fe-Ti-P deposit, drillcore LO-14-21, 41-43 m depth; ~100 km NE of Chicoutimi","Vanel Anorthosite (Pipmuacan Anorthosite Suite), NE margin of Lac St. Jean Anorthosite Suite",Plutonic,melanocratic oxide-apatite norite (core of intrusion),"Miloski, P., Dare, S., Morisset, C.-E., Davies, J.H.F.L., Perrot, M.G., and Savard, D., 2023, Petrogenesis of Fe-Ti-P mineral deposits associated with Proterozoic anorthosite massifs in the Grenville Province: insights from oxide and apatite trace-element geochemistry at Lac à l'Orignal, Quebec, Canada: Mineralium Deposita, v. 59, p. 519-556. doi:10.1007/s00126-023-01216-5 [Results section U-Pb dating (article p. 13), Table 1 (zircon U-Pb data), Fig. 6]"
111A,1053.8,0.4,0.4,U/Pb,Metamorphic,"weighted mean 207Pb/206Pb of six concordant air-abraded single grains (ID-TIMS); crystallization of anatectic trondhjemitic melt from metagabbro (dates anatexis, T>=915 C); abstract gives 1054 ± 0.4 (2σ) Ma, Fig. 6 caption and text p. 280 round to 1054 ± 1 Ma",Zircon,TIMS,Direct,Grenville Province,NY,,,"New Russia gneiss complex, Witherbee quadrangle, northeast Adirondack Highlands (map Fig. 1B, p. 268; no coordinates given)","Adirondack Highlands, New Russia gneiss complex (NE Highlands, east of Marcy massif)",Metamorphic,trondhjemitic dike (anatectic segregation) in metagabbroic gneiss,"Alcock, J., Isachsen, C., Livi, K., Muller, P., 2004. Unraveling growth history of zircon in anatectites from the northeast Adirondack Highlands, New York: Constraints on pressure-temperature-time paths. In: Tollo, R.P., Corriveau, L., McLelland, J., Bartholomew, M.J. (eds.), Proterozoic Tectonic Evolution of the Grenville Orogen in North America. Geological Society of America Memoir 197, 267-284. doi:10.1130/0-8137-1197-5.267 [Table 3 p. 277; Fig. 6 p. 279; abstract p. 267; text p. 280]"
167,1112.0,2.0,2.0,U/Pb,Igneous Crystallization,combined weighted mean 207Pb/206Pb of stage II fragment 13b and air-abraded grains vi and vii (ID-TIMS); emplacement age of charnockite protolith (1108.1±9 Ma if fragment 9a included),Zircon,TIMS,Direct,Grenville Province,NY,,,"New Russia gneiss complex, Witherbee quadrangle, northeast Adirondack Highlands (map Fig. 1B, p. 268; no coordinates given)","Adirondack Highlands, New Russia gneiss complex (NE Highlands, east of Marcy massif)",Metamorphic,charnockitic metatexite gneiss,"Alcock, J., Isachsen, C., Livi, K., Muller, P., 2004. Unraveling growth history of zircon in anatectites from the northeast Adirondack Highlands, New York: Constraints on pressure-temperature-time paths. In: Tollo, R.P., Corriveau, L., McLelland, J., Bartholomew, M.J. (eds.), Proterozoic Tectonic Evolution of the Grenville Orogen in North America. Geological Society of America Memoir 197, 267-284. doi:10.1130/0-8137-1197-5.267 [Table 3 p. 277; text p. 276; abstract p. 267]"
167,1040.0,1.0,1.0,U/Pb,Metamorphic,"upper intercept, regression of stage III zircon (grains 1, 14, 15 etc. plus air-abraded grain xi), lower intercept 12±91 Ma, MSWD=0.75 (ID-TIMS); crystallization of anatectic melt (anatexis, T>=825 C); without xi: 1038±3 Ma",Zircon,TIMS,Direct,Grenville Province,NY,,,"New Russia gneiss complex, Witherbee quadrangle, northeast Adirondack Highlands (map Fig. 1B, p. 268; no coordinates given)","Adirondack Highlands, New Russia gneiss complex (NE Highlands, east of Marcy massif)",Metamorphic,charnockitic metatexite gneiss,"Alcock, J., Isachsen, C., Livi, K., Muller, P., 2004. Unraveling growth history of zircon in anatectites from the northeast Adirondack Highlands, New York: Constraints on pressure-temperature-time paths. In: Tollo, R.P., Corriveau, L., McLelland, J., Bartholomew, M.J. (eds.), Proterozoic Tectonic Evolution of the Grenville Orogen in North America. Geological Society of America Memoir 197, 267-284. doi:10.1130/0-8137-1197-5.267 [Table 3 p. 277; text p. 279; Fig. 7 p. 279; abstract p. 267]"
167,1003.0,4.0,4.0,U/Pb,Metamorphic,concordant 207Pb/206Pb age of single stage IV grain 6 (ID-TIMS); late retrograde metamorphic zircon growth; authors call stage IV ages poorly constrained,Zircon,TIMS,Direct,Grenville Province,NY,,,"New Russia gneiss complex, Witherbee quadrangle, northeast Adirondack Highlands (map Fig. 1B, p. 268; no coordinates given)","Adirondack Highlands, New Russia gneiss complex (NE Highlands, east of Marcy massif)",Metamorphic,charnockitic metatexite gneiss,"Alcock, J., Isachsen, C., Livi, K., Muller, P., 2004. Unraveling growth history of zircon in anatectites from the northeast Adirondack Highlands, New York: Constraints on pressure-temperature-time paths. In: Tollo, R.P., Corriveau, L., McLelland, J., Bartholomew, M.J. (eds.), Proterozoic Tectonic Evolution of the Grenville Orogen in North America. Geological Society of America Memoir 197, 267-284. doi:10.1130/0-8137-1197-5.267 [Table 3 p. 277; text p. 279-280; abstract p. 267]"
167,1143.0,2.0,2.0,U/Pb,Inheritance,"discordant 207Pb/206Pb age of single air-abraded grain viii with darker core (ID-TIMS), interpreted as inherited component",Zircon,TIMS,Direct,Grenville Province,NY,,,"New Russia gneiss complex, Witherbee quadrangle, northeast Adirondack Highlands (map Fig. 1B, p. 268; no coordinates given)","Adirondack Highlands, New Russia gneiss complex (NE Highlands, east of Marcy massif)",Metamorphic,charnockitic metatexite gneiss,"Alcock, J., Isachsen, C., Livi, K., Muller, P., 2004. Unraveling growth history of zircon in anatectites from the northeast Adirondack Highlands, New York: Constraints on pressure-temperature-time paths. In: Tollo, R.P., Corriveau, L., McLelland, J., Bartholomew, M.J. (eds.), Proterozoic Tectonic Evolution of the Grenville Orogen in North America. Geological Society of America Memoir 197, 267-284. doi:10.1130/0-8137-1197-5.267 [Table 3 p. 277; text p. 274; abstract p. 267]"
NY-HWK-14-1,1161.0,10.0,10.0,U/Pb,Igneous Crystallization,"weighted mean 207Pb/206Pb of oscillatory-zoned cores, SHRIMP, n=34, MSWD=0.78 (Fig. 3B); alternative subdivision: inner cores 1182 +/- 11 (n=16, possibly average of inherited cores) and outer cores 1144 +/- 10 (n=18, possibly emplacement); sample = AM-86-13 (TIMS 1093 +/- 11, Chiarenzelli & McLelland 1991); Table 2 lists ID as NY-HWK-1-14",Zircon,SHRIMP,Direct,Grenville Province,NY,44.5156,-73.8562,Type-locality Hawkeye hamlet; lat/long from Table 1 (WGS84),"Adirondack Highlands, Hawkeye Granite Gneiss",Plutonic,weakly deformed hornblende quartz syenite (weakly foliated amphibole granite),"Aleinikoff, J.N., Walsh, G.J., McAleer, R.J., 2021. New interpretations of the ages and origins of the Hawkeye Granite Gneiss and Lyon Mountain Granite Gneiss, Adirondack Mountains, NY: Implications for the nature and timing of Mesoproterozoic plutonism, metamorphism, and deformation. Precambrian Research, 358, 106112. doi:10.1016/j.precamres.2021.106112 [Table 2, p. 13; Table 1, p. 7; text p. 7; Fig. 3B, p. 8]"
NY-HWK-14-1,1041.0,15.0,15.0,U/Pb,Metamorphic,"weighted mean 207Pb/206Pb of inner dark-gray to black (CL) rims, SHRIMP, n=18; outer rims ~1040-750 Ma (several episodes)",Zircon,SHRIMP,Direct,Grenville Province,NY,44.5156,-73.8562,Type-locality Hawkeye hamlet; lat/long from Table 1 (WGS84),"Adirondack Highlands, Hawkeye Granite Gneiss",Plutonic,weakly deformed hornblende quartz syenite (weakly foliated amphibole granite),"Aleinikoff, J.N., Walsh, G.J., McAleer, R.J., 2021. New interpretations of the ages and origins of the Hawkeye Granite Gneiss and Lyon Mountain Granite Gneiss, Adirondack Mountains, NY: Implications for the nature and timing of Mesoproterozoic plutonism, metamorphism, and deformation. Precambrian Research, 358, 106112. doi:10.1016/j.precamres.2021.106112 [Table 2, p. 13; text p. 7; Fig. 3B, p. 8]"
NY-HWK-15-1,1165.9,5.4,5.4,U/Pb,Igneous Crystallization,"Concordia Age of 22 concordant oscillatory-zoned cores, SHRIMP",Zircon,SHRIMP,Direct,Grenville Province,NY,44.717,-73.9108,"East side, near base of Lyon Mtn. (~5.6 km E of Lyon Mountain hamlet); lat/long from Table 1 (WGS84)","Adirondack Highlands, Hawkeye Granite Gneiss",Plutonic,strongly foliated quartz syenite (well foliated amphibole granite),"Aleinikoff, J.N., Walsh, G.J., McAleer, R.J., 2021. New interpretations of the ages and origins of the Hawkeye Granite Gneiss and Lyon Mountain Granite Gneiss, Adirondack Mountains, NY: Implications for the nature and timing of Mesoproterozoic plutonism, metamorphism, and deformation. Precambrian Research, 358, 106112. doi:10.1016/j.precamres.2021.106112 [Table 2, p. 13; text p. 9; Fig. 4B, p. 10]"
NY-HWK-15-1,1043.0,5.0,5.0,U/Pb,Metamorphic,"weighted mean 207Pb/206Pb of dark outer rims, SHRIMP, n=17",Zircon,SHRIMP,Direct,Grenville Province,NY,44.717,-73.9108,"East side, near base of Lyon Mtn. (~5.6 km E of Lyon Mountain hamlet); lat/long from Table 1 (WGS84)","Adirondack Highlands, Hawkeye Granite Gneiss",Plutonic,strongly foliated quartz syenite (well foliated amphibole granite),"Aleinikoff, J.N., Walsh, G.J., McAleer, R.J., 2021. New interpretations of the ages and origins of the Hawkeye Granite Gneiss and Lyon Mountain Granite Gneiss, Adirondack Mountains, NY: Implications for the nature and timing of Mesoproterozoic plutonism, metamorphism, and deformation. Precambrian Research, 358, 106112. doi:10.1016/j.precamres.2021.106112 [Table 2, p. 13; text p. 9; Fig. 4B, p. 10]"
NY-MM-17-1,1156.0,7.0,7.0,U/Pb,Igneous Crystallization,"weighted mean 207Pb/206Pb of oscillatory-zoned cores, SHRIMP, n=38, MSWD=1.9; rims ~1.10-1.04 Ga (range only); sample MM-88 dated by TIMS at 1103 +/- 15 (McLelland et al., 2001)",Zircon,SHRIMP,Direct,Grenville Province,NY,43.5369,-73.8239,"Moon Mountain, east bank of Hudson River ~8 km N of Warrensburg; lat/long from Table 1 (WGS84)","Adirondack Highlands, Hawkeye Granite Gneiss",Plutonic,"charnockitic, strongly foliated hornblende-biotite monzogranite","Aleinikoff, J.N., Walsh, G.J., McAleer, R.J., 2021. New interpretations of the ages and origins of the Hawkeye Granite Gneiss and Lyon Mountain Granite Gneiss, Adirondack Mountains, NY: Implications for the nature and timing of Mesoproterozoic plutonism, metamorphism, and deformation. Precambrian Research, 358, 106112. doi:10.1016/j.precamres.2021.106112 [Table 2, p. 13; text p. 9; Fig. 5B, p. 11]"
NY-SR-16-1,1155.0,18.0,18.0,U/Pb,Igneous Crystallization,"weighted mean 207Pb/206Pb of 6 cores on unfractured areas, SHRIMP, MSWD=0.71; rims ~1.08-0.69 Ga (range only); same outcrop as NOFO-1 (TIMS 1095 +/- 5, Chiarenzelli & McLelland 1991)",Zircon,SHRIMP,Direct,Grenville Province,NY,43.8983,-75.0505,Stillwater Reservoir spillway (dam site); lat/long from Table 1 (WGS84),"Adirondack Highlands, Hawkeye Granite Gneiss",Plutonic,moderately foliated hornblende-biotite monzogranite,"Aleinikoff, J.N., Walsh, G.J., McAleer, R.J., 2021. New interpretations of the ages and origins of the Hawkeye Granite Gneiss and Lyon Mountain Granite Gneiss, Adirondack Mountains, NY: Implications for the nature and timing of Mesoproterozoic plutonism, metamorphism, and deformation. Precambrian Research, 358, 106112. doi:10.1016/j.precamres.2021.106112 [Table 2, p. 13; text p. 9; Fig. 6B, p. 12]"
111314-1,1149.0,12.0,12.0,U/Pb,Igneous Crystallization,"weighted mean 207Pb/206Pb of oscillatory-zoned cores, SHRIMP, n=27, MSWD=0.93; two ~1.2 Ga cores = inheritance; same locality as AM 86-10 (McLelland et al., 2001) Ages disputed by Chiarenzelli et al. (2022, Precambrian Res. 372, 106604), who regard LMG cores as xenocrystic and rims as igneous (~1050 Ma); Aleinikoff et al. (2022 reply) maintain interpretation.",Zircon,SHRIMP,Direct,Grenville Province,NY,44.7355,-73.7339,~2 km NNW of Dannemora; lat/long from Table 1 (WGS84),"Adirondack Highlands, Lyon Mountain Granite Gneiss",Plutonic,pink alkali feldspar granite/syenogranite (weakly foliated pink granite),"Aleinikoff, J.N., Walsh, G.J., McAleer, R.J., 2021. New interpretations of the ages and origins of the Hawkeye Granite Gneiss and Lyon Mountain Granite Gneiss, Adirondack Mountains, NY: Implications for the nature and timing of Mesoproterozoic plutonism, metamorphism, and deformation. Precambrian Research, 358, 106112. doi:10.1016/j.precamres.2021.106112 [Table 2, p. 13; text p. 13; Fig. 7B, p. 14]"
111314-1,1058.0,5.0,5.0,U/Pb,Metamorphic,"weighted mean 207Pb/206Pb of dark inner rims, SHRIMP, n=16; Table 2 value used (text p. 13 gives 1057 +/- 6, Fig. 7B gives 1058 +/- 4); outer rims ~1.05-0.84 Ga range Ages disputed by Chiarenzelli et al. (2022, Precambrian Res. 372, 106604), who regard LMG cores as xenocrystic and rims as igneous (~1050 Ma); Aleinikoff et al. (2022 reply) maintain interpretation.",Zircon,SHRIMP,Direct,Grenville Province,NY,44.7355,-73.7339,~2 km NNW of Dannemora; lat/long from Table 1 (WGS84),"Adirondack Highlands, Lyon Mountain Granite Gneiss",Plutonic,pink alkali feldspar granite/syenogranite (weakly foliated pink granite),"Aleinikoff, J.N., Walsh, G.J., McAleer, R.J., 2021. New interpretations of the ages and origins of the Hawkeye Granite Gneiss and Lyon Mountain Granite Gneiss, Adirondack Mountains, NY: Implications for the nature and timing of Mesoproterozoic plutonism, metamorphism, and deformation. Precambrian Research, 358, 106112. doi:10.1016/j.precamres.2021.106112 [Table 2, p. 13; text p. 13; Fig. 7B, p. 14]"
PU-081914-2,1163.0,6.0,6.0,U/Pb,Igneous Crystallization,"weighted mean 207Pb/206Pb of oscillatory-zoned cores, SHRIMP, n=23, MSWD=2.2; two ~1.3 Ga cores = inheritance; rims ~1030-940 Ma (range); equant metamorphic grains 970-473 Ma (Unmix groups ca. 965, 740, 565 Ma, no errors) Ages disputed by Chiarenzelli et al. (2022, Precambrian Res. 372, 106604), who regard LMG cores as xenocrystic and rims as igneous (~1050 Ma); Aleinikoff et al. (2022 reply) maintain interpretation.",Zircon,SHRIMP,Direct,Grenville Province,NY,43.7483,-73.3988,"Rt. 22 roadcut ~0.25 km NW of Putnam; ~7 m thick sub-vertical sill (""LMG intrusion breccia""); lat/long from Table 1 (WGS84)","Adirondack Highlands, Lyon Mountain Granite Gneiss",Plutonic,pink monzogranite (LMG dike/sill),"Aleinikoff, J.N., Walsh, G.J., McAleer, R.J., 2021. New interpretations of the ages and origins of the Hawkeye Granite Gneiss and Lyon Mountain Granite Gneiss, Adirondack Mountains, NY: Implications for the nature and timing of Mesoproterozoic plutonism, metamorphism, and deformation. Precambrian Research, 358, 106112. doi:10.1016/j.precamres.2021.106112 [Table 2, p. 13; text p. 13; Fig. 8B, p. 15]"
MR15-001,1162.0,9.0,9.0,U/Pb,Igneous Crystallization,"weighted mean 207Pb/206Pb of oscillatory-zoned cores, SHRIMP, n=29, MSWD=1.5; one ~1.3 Ga core = inheritance; ~same location as ""Lyonsdale leucogranite"" (single-grain TIMS 1035.1 +/- 3.8, McLelland et al.) Ages disputed by Chiarenzelli et al. (2022, Precambrian Res. 372, 106604), who regard LMG cores as xenocrystic and rims as igneous (~1050 Ma); Aleinikoff et al. (2022 reply) maintain interpretation.",Zircon,SHRIMP,Direct,Grenville Province,NY,43.6199,-75.3043,Moose River outcrop just downstream of dam and bridge at Lyonsdale; lat/long from Table 1 (WGS84),"Adirondack Highlands, Lyon Mountain Granite Gneiss",Plutonic,"pink, foliated syenogranite","Aleinikoff, J.N., Walsh, G.J., McAleer, R.J., 2021. New interpretations of the ages and origins of the Hawkeye Granite Gneiss and Lyon Mountain Granite Gneiss, Adirondack Mountains, NY: Implications for the nature and timing of Mesoproterozoic plutonism, metamorphism, and deformation. Precambrian Research, 358, 106112. doi:10.1016/j.precamres.2021.106112 [Table 2, p. 13; text p. 16; Fig. 9B, p. 17]"
MR15-001,1032.0,8.0,8.0,U/Pb,Metamorphic,"weighted mean 207Pb/206Pb of dark rims, SHRIMP, n=13 Ages disputed by Chiarenzelli et al. (2022, Precambrian Res. 372, 106604), who regard LMG cores as xenocrystic and rims as igneous (~1050 Ma); Aleinikoff et al. (2022 reply) maintain interpretation.",Zircon,SHRIMP,Direct,Grenville Province,NY,43.6199,-75.3043,Moose River outcrop just downstream of dam and bridge at Lyonsdale; lat/long from Table 1 (WGS84),"Adirondack Highlands, Lyon Mountain Granite Gneiss",Plutonic,"pink, foliated syenogranite","Aleinikoff, J.N., Walsh, G.J., McAleer, R.J., 2021. New interpretations of the ages and origins of the Hawkeye Granite Gneiss and Lyon Mountain Granite Gneiss, Adirondack Mountains, NY: Implications for the nature and timing of Mesoproterozoic plutonism, metamorphism, and deformation. Precambrian Research, 358, 106112. doi:10.1016/j.precamres.2021.106112 [Table 2, p. 13; text p. 16; Fig. 9B, p. 17]"
NY-SC-16-1,1150.0,8.0,8.0,U/Pb,Igneous Crystallization,"weighted mean 207Pb/206Pb of oscillatory-zoned cores, SHRIMP, n=17, MSWD=1.15; one ~1.2 Ga core = inheritance Ages disputed by Chiarenzelli et al. (2022, Precambrian Res. 372, 106604), who regard LMG cores as xenocrystic and rims as igneous (~1050 Ma); Aleinikoff et al. (2022 reply) maintain interpretation.",Zircon,SHRIMP,Direct,Grenville Province,NY,44.2903,-74.6973,Route 3 roadcut ~1.9 km E of Sevey Corners; lat/long from Table 1 (WGS84),"Adirondack Highlands, Lyon Mountain Granite Gneiss",Plutonic,pink alkali feldspar granite/syenogranite (moderately foliated),"Aleinikoff, J.N., Walsh, G.J., McAleer, R.J., 2021. New interpretations of the ages and origins of the Hawkeye Granite Gneiss and Lyon Mountain Granite Gneiss, Adirondack Mountains, NY: Implications for the nature and timing of Mesoproterozoic plutonism, metamorphism, and deformation. Precambrian Research, 358, 106112. doi:10.1016/j.precamres.2021.106112 [Table 2, p. 13; text p. 16; Fig. 10B, p. 18]"
NY-SC-16-1,1070.0,8.0,8.0,U/Pb,Metamorphic,"weighted mean 207Pb/206Pb of dark rims, SHRIMP, n=10; second rim group ~1.04 Ga (n=13, no error) Ages disputed by Chiarenzelli et al. (2022, Precambrian Res. 372, 106604), who regard LMG cores as xenocrystic and rims as igneous (~1050 Ma); Aleinikoff et al. (2022 reply) maintain interpretation.",Zircon,SHRIMP,Direct,Grenville Province,NY,44.2903,-74.6973,Route 3 roadcut ~1.9 km E of Sevey Corners; lat/long from Table 1 (WGS84),"Adirondack Highlands, Lyon Mountain Granite Gneiss",Plutonic,pink alkali feldspar granite/syenogranite (moderately foliated),"Aleinikoff, J.N., Walsh, G.J., McAleer, R.J., 2021. New interpretations of the ages and origins of the Hawkeye Granite Gneiss and Lyon Mountain Granite Gneiss, Adirondack Mountains, NY: Implications for the nature and timing of Mesoproterozoic plutonism, metamorphism, and deformation. Precambrian Research, 358, 106112. doi:10.1016/j.precamres.2021.106112 [Table 2, p. 13; text p. 16; Fig. 10B, p. 18]"
NY-SC-16-2,1157.0,6.0,6.0,U/Pb,Igneous Crystallization,"weighted mean 207Pb/206Pb of oscillatory-zoned cores of type 1 elongate zircon, SHRIMP, n=17, MSWD=1.07; igneous emplacement of amphibolite protolith",Zircon,SHRIMP,Direct,Grenville Province,NY,44.2903,-74.6973,Route 3 roadcut ~1.9 km E of Sevey Corners (same outcrop as NY-SC-16-1); lat/long from Table 1 (WGS84),"Adirondack Highlands, Lyon Mountain Granite Gneiss",Metamorphic,well foliated hornblende-plagioclase amphibolite (protolith intruded by granite),"Aleinikoff, J.N., Walsh, G.J., McAleer, R.J., 2021. New interpretations of the ages and origins of the Hawkeye Granite Gneiss and Lyon Mountain Granite Gneiss, Adirondack Mountains, NY: Implications for the nature and timing of Mesoproterozoic plutonism, metamorphism, and deformation. Precambrian Research, 358, 106112. doi:10.1016/j.precamres.2021.106112 [Table 2, p. 13; text p. 16; Fig. 11B, p. 19]"
NY-SC-16-2,1036.0,4.0,4.0,U/Pb,Metamorphic,"weighted mean 207Pb/206Pb of type 2 equant metamorphic grains, SHRIMP, n=9; two others ~1070 Ma (no error)",Zircon,SHRIMP,Direct,Grenville Province,NY,44.2903,-74.6973,Route 3 roadcut ~1.9 km E of Sevey Corners (same outcrop as NY-SC-16-1); lat/long from Table 1 (WGS84),"Adirondack Highlands, Lyon Mountain Granite Gneiss",Metamorphic,well foliated hornblende-plagioclase amphibolite,"Aleinikoff, J.N., Walsh, G.J., McAleer, R.J., 2021. New interpretations of the ages and origins of the Hawkeye Granite Gneiss and Lyon Mountain Granite Gneiss, Adirondack Mountains, NY: Implications for the nature and timing of Mesoproterozoic plutonism, metamorphism, and deformation. Precambrian Research, 358, 106112. doi:10.1016/j.precamres.2021.106112 [Table 2, p. 13; text p. 16; Fig. 11B, p. 19]"
NY-SR-17-1,1161.0,9.0,9.0,U/Pb,Igneous Crystallization,"weighted mean 207Pb/206Pb of oscillatory-zoned cores, SHRIMP, n=21, MSWD=1.5; Table 1 lists ID as NY-SR-17-01 Ages disputed by Chiarenzelli et al. (2022, Precambrian Res. 372, 106604), who regard LMG cores as xenocrystic and rims as igneous (~1050 Ma); Aleinikoff et al. (2022 reply) maintain interpretation.",Zircon,SHRIMP,Direct,Grenville Province,NY,43.8974,-75.0495,~130 m SE of Stillwater Reservoir spillway; lat/long from Table 1 (WGS84),"Adirondack Highlands, Lyon Mountain Granite Gneiss",Plutonic,pink quartz syenite (weakly foliated pink granite),"Aleinikoff, J.N., Walsh, G.J., McAleer, R.J., 2021. New interpretations of the ages and origins of the Hawkeye Granite Gneiss and Lyon Mountain Granite Gneiss, Adirondack Mountains, NY: Implications for the nature and timing of Mesoproterozoic plutonism, metamorphism, and deformation. Precambrian Research, 358, 106112. doi:10.1016/j.precamres.2021.106112 [Table 2, p. 13; text p. 20; Fig. 12B, p. 21]"
NY-SR-17-1,1053.0,13.0,13.0,U/Pb,Metamorphic,"weighted mean 207Pb/206Pb of dark rims, SHRIMP, n=14 Ages disputed by Chiarenzelli et al. (2022, Precambrian Res. 372, 106604), who regard LMG cores as xenocrystic and rims as igneous (~1050 Ma); Aleinikoff et al. (2022 reply) maintain interpretation.",Zircon,SHRIMP,Direct,Grenville Province,NY,43.8974,-75.0495,~130 m SE of Stillwater Reservoir spillway; lat/long from Table 1 (WGS84),"Adirondack Highlands, Lyon Mountain Granite Gneiss",Plutonic,pink quartz syenite (weakly foliated pink granite),"Aleinikoff, J.N., Walsh, G.J., McAleer, R.J., 2021. New interpretations of the ages and origins of the Hawkeye Granite Gneiss and Lyon Mountain Granite Gneiss, Adirondack Mountains, NY: Implications for the nature and timing of Mesoproterozoic plutonism, metamorphism, and deformation. Precambrian Research, 358, 106112. doi:10.1016/j.precamres.2021.106112 [Table 2, p. 13; text p. 20; Fig. 12B, p. 21]"
NY-K-18-1,1154.2,7.1,7.1,U/Pb,Igneous Crystallization,"Concordia Age of 21 concordant oscillatory-zoned cores, SHRIMP Ages disputed by Chiarenzelli et al. (2022, Precambrian Res. 372, 106604), who regard LMG cores as xenocrystic and rims as igneous (~1050 Ma); Aleinikoff et al. (2022 reply) maintain interpretation.",Zircon,SHRIMP,Direct,Grenville Province,NY,44.2592,-73.7924,"East Branch Ausable River outcrop ~0.40 km N of Keene, down rip-rap slope from Rt. 9N; quartz syenite intruding coarse anorthosite; lat/long from Table 1 (WGS84)","Adirondack Highlands, Lyon Mountain Granite Gneiss",Plutonic,"pink, weakly foliated garnetiferous quartz syenite","Aleinikoff, J.N., Walsh, G.J., McAleer, R.J., 2021. New interpretations of the ages and origins of the Hawkeye Granite Gneiss and Lyon Mountain Granite Gneiss, Adirondack Mountains, NY: Implications for the nature and timing of Mesoproterozoic plutonism, metamorphism, and deformation. Precambrian Research, 358, 106112. doi:10.1016/j.precamres.2021.106112 [Table 2, p. 13; text p. 20; Fig. 13B, p. 22]"
NY-K-18-1,1037.0,14.0,14.0,U/Pb,Metamorphic,"weighted mean 207Pb/206Pb of rims, SHRIMP, n=11; second group ~1.02 Ga (n=6, no error) Ages disputed by Chiarenzelli et al. (2022, Precambrian Res. 372, 106604), who regard LMG cores as xenocrystic and rims as igneous (~1050 Ma); Aleinikoff et al. (2022 reply) maintain interpretation.",Zircon,SHRIMP,Direct,Grenville Province,NY,44.2592,-73.7924,East Branch Ausable River outcrop ~0.40 km N of Keene; lat/long from Table 1 (WGS84),"Adirondack Highlands, Lyon Mountain Granite Gneiss",Plutonic,"pink, weakly foliated garnetiferous quartz syenite","Aleinikoff, J.N., Walsh, G.J., McAleer, R.J., 2021. New interpretations of the ages and origins of the Hawkeye Granite Gneiss and Lyon Mountain Granite Gneiss, Adirondack Mountains, NY: Implications for the nature and timing of Mesoproterozoic plutonism, metamorphism, and deformation. Precambrian Research, 358, 106112. doi:10.1016/j.precamres.2021.106112 [Table 2, p. 13; text p. 20; Fig. 13B, p. 22]"
NY-W-15-1,1143.0,6.0,6.0,U/Pb,Igneous Crystallization,"weighted mean 207Pb/206Pb of oscillatory-zoned cores, SHRIMP, n=20, MSWD=1.9; ~minimum age for regional deformation; same area as AM 86-11 (MG-TIMS 1089 +/- 26; single-grain TIMS 1047 +/- 2) Ages disputed by Chiarenzelli et al. (2022, Precambrian Res. 372, 106604), who regard LMG cores as xenocrystic and rims as igneous (~1050 Ma); Aleinikoff et al. (2022 reply) maintain interpretation.",Zircon,SHRIMP,Direct,Grenville Province,NY,44.4453,-73.6602,~1.2 km E of Au Sable Forks; lat/long from Table 1 (WGS84),"Adirondack Highlands, Lyon Mountain Granite Gneiss (fayalite granite)",Plutonic,"fayalite-ferrohedenbergite granitoid (""fayalite granite""; slightly layered)","Aleinikoff, J.N., Walsh, G.J., McAleer, R.J., 2021. New interpretations of the ages and origins of the Hawkeye Granite Gneiss and Lyon Mountain Granite Gneiss, Adirondack Mountains, NY: Implications for the nature and timing of Mesoproterozoic plutonism, metamorphism, and deformation. Precambrian Research, 358, 106112. doi:10.1016/j.precamres.2021.106112 [Table 2, p. 13; text p. 22; Fig. 14B, p. 23]"
NY-W-15-1,1053.0,11.0,11.0,U/Pb,Metamorphic,"weighted mean 207Pb/206Pb of dark-gray (CL) rims, SHRIMP, n=4 (innermost rim zone); NB Fig. 14B labels differ from text/Table 2 (Fig.: dark gray 1053 +/- 19, black 1048 +/- 12, light gray 1046 +/- 19, white 1053 +/- 11) Ages disputed by Chiarenzelli et al. (2022, Precambrian Res. 372, 106604), who regard LMG cores as xenocrystic and rims as igneous (~1050 Ma); Aleinikoff et al. (2022 reply) maintain interpretation.",Zircon,SHRIMP,Direct,Grenville Province,NY,44.4453,-73.6602,~1.2 km E of Au Sable Forks; lat/long from Table 1 (WGS84),"Adirondack Highlands, Lyon Mountain Granite Gneiss (fayalite granite)",Plutonic,"fayalite-ferrohedenbergite granitoid (""fayalite granite"")","Aleinikoff, J.N., Walsh, G.J., McAleer, R.J., 2021. New interpretations of the ages and origins of the Hawkeye Granite Gneiss and Lyon Mountain Granite Gneiss, Adirondack Mountains, NY: Implications for the nature and timing of Mesoproterozoic plutonism, metamorphism, and deformation. Precambrian Research, 358, 106112. doi:10.1016/j.precamres.2021.106112 [Table 2, p. 13; text p. 22; Fig. 14B, p. 23]"
NY-W-15-1,1048.0,19.0,19.0,U/Pb,Metamorphic,"weighted mean 207Pb/206Pb of black (CL) rims, SHRIMP, n=5 (see Fig. 14B label discrepancy) Ages disputed by Chiarenzelli et al. (2022, Precambrian Res. 372, 106604), who regard LMG cores as xenocrystic and rims as igneous (~1050 Ma); Aleinikoff et al. (2022 reply) maintain interpretation.",Zircon,SHRIMP,Direct,Grenville Province,NY,44.4453,-73.6602,~1.2 km E of Au Sable Forks; lat/long from Table 1 (WGS84),"Adirondack Highlands, Lyon Mountain Granite Gneiss (fayalite granite)",Plutonic,"fayalite-ferrohedenbergite granitoid (""fayalite granite"")","Aleinikoff, J.N., Walsh, G.J., McAleer, R.J., 2021. New interpretations of the ages and origins of the Hawkeye Granite Gneiss and Lyon Mountain Granite Gneiss, Adirondack Mountains, NY: Implications for the nature and timing of Mesoproterozoic plutonism, metamorphism, and deformation. Precambrian Research, 358, 106112. doi:10.1016/j.precamres.2021.106112 [Table 2, p. 13; text p. 22; Fig. 14B, p. 23]"
NY-W-15-1,1046.0,12.0,12.0,U/Pb,Metamorphic,"weighted mean 207Pb/206Pb of light-gray (CL) rims, SHRIMP, n=10 (see Fig. 14B label discrepancy) Ages disputed by Chiarenzelli et al. (2022, Precambrian Res. 372, 106604), who regard LMG cores as xenocrystic and rims as igneous (~1050 Ma); Aleinikoff et al. (2022 reply) maintain interpretation.",Zircon,SHRIMP,Direct,Grenville Province,NY,44.4453,-73.6602,~1.2 km E of Au Sable Forks; lat/long from Table 1 (WGS84),"Adirondack Highlands, Lyon Mountain Granite Gneiss (fayalite granite)",Plutonic,"fayalite-ferrohedenbergite granitoid (""fayalite granite"")","Aleinikoff, J.N., Walsh, G.J., McAleer, R.J., 2021. New interpretations of the ages and origins of the Hawkeye Granite Gneiss and Lyon Mountain Granite Gneiss, Adirondack Mountains, NY: Implications for the nature and timing of Mesoproterozoic plutonism, metamorphism, and deformation. Precambrian Research, 358, 106112. doi:10.1016/j.precamres.2021.106112 [Table 2, p. 13; text p. 22; Fig. 14B, p. 23]"
NY-W-15-1,1005.0,19.0,19.0,U/Pb,Metamorphic,"weighted mean 207Pb/206Pb of outermost white (CL) rims, SHRIMP, n=5 (Fig. 14B instead shows white 1053 +/- 11); Chiarenzelli et al. 2022 say this age is from reversely discordant points Ages disputed by Chiarenzelli et al. (2022, Precambrian Res. 372, 106604), who regard LMG cores as xenocrystic and rims as igneous (~1050 Ma); Aleinikoff et al. (2022 reply) maintain interpretation.",Zircon,SHRIMP,Direct,Grenville Province,NY,44.4453,-73.6602,~1.2 km E of Au Sable Forks; lat/long from Table 1 (WGS84),"Adirondack Highlands, Lyon Mountain Granite Gneiss (fayalite granite)",Plutonic,"fayalite-ferrohedenbergite granitoid (""fayalite granite"")","Aleinikoff, J.N., Walsh, G.J., McAleer, R.J., 2021. New interpretations of the ages and origins of the Hawkeye Granite Gneiss and Lyon Mountain Granite Gneiss, Adirondack Mountains, NY: Implications for the nature and timing of Mesoproterozoic plutonism, metamorphism, and deformation. Precambrian Research, 358, 106112. doi:10.1016/j.precamres.2021.106112 [Table 2, p. 13; text p. 22; Fig. 14B, p. 23]"
NY-WK-16-1,1141.0,8.0,8.0,U/Pb,Igneous Crystallization,"weighted mean 206Pb/238U of oscillatory-zoned cores (low-U zircon), SHRIMP, n=16, MSWD=0.75; 13 concordant cores give Concordia Age 1138 +/- 11; undeformed, minimum age for regional deformation; inner rims ~1140 Ma (no error); same location as CLFG (single-grain TIMS 1069 +/- 10; SHRIMP 1047 +/- 10, McLelland et al., 2001) Ages disputed by Chiarenzelli et al. (2022, Precambrian Res. 372, 106604), who regard LMG cores as xenocrystic and rims as igneous (~1050 Ma); Aleinikoff et al. (2022 reply) maintain interpretation.",Zircon,SHRIMP,Direct,Grenville Province,NY,44.1463,-74.9477,~1.6 km NNW of Wanakena; lat/long from Table 1 (WGS84),"Adirondack Highlands, Lyon Mountain Granite Gneiss (fayalite granite)",Plutonic,"fayalite-ferrohedenbergite syenogranite (""fayalite granite""; undeformed)","Aleinikoff, J.N., Walsh, G.J., McAleer, R.J., 2021. New interpretations of the ages and origins of the Hawkeye Granite Gneiss and Lyon Mountain Granite Gneiss, Adirondack Mountains, NY: Implications for the nature and timing of Mesoproterozoic plutonism, metamorphism, and deformation. Precambrian Research, 358, 106112. doi:10.1016/j.precamres.2021.106112 [Table 2, p. 13; text p. 25; Fig. 15, p. 24]"
12a,1160.0,9.0,9.0,U/Pb,Igneous Crystallization,"upper intercept SHRIMP-RG (lower intercept 298±33 Ma), MSWD=0.60, n=6 oscillatory-zoned rims; syn-D1 dike; [audit 2026-10: sigma level of published uncertainty not stated (unstated); entered as published]",Zircon,SHRIMP,Direct,Grenville Province,NY,44.4136,-75.6872,"NW Adirondack Lowlands, Alamgin antiform area (Fig. 3); UTM 18 445291E 4918044N (NAD83); lat/long computed by caller from the published UTM on the NAD83 ellipsoid (no datum shift applied)",Adirondack Lowlands,Plutonic,tourmaline-bearing leucogranite,"Baird, G.B., Shrady, C.H., 2011. Timing and kinematics of deformation in the northwest Adirondack Lowlands, New York State: Implications for terrane relationships in the southern Grenville Province. Geosphere, 7(6), 1303-1323. doi:10.1130/GES00689.1 [Table 1 p. 1314 (spot ages 1σ); Fig. 9 p. 1315; text p. 1315]"
18c,1170.0,15.0,15.0,U/Pb,Igneous Crystallization,"upper intercept SHRIMP-RG (lower intercept 233±17 Ma), MSWD=1.8, n=4 (one concordant, three discordant); late D1 to early D2 intrusion; [audit 2026-10: sigma level of published uncertainty not stated (unstated); entered as published]",Zircon,SHRIMP,Direct,Grenville Province,NY,44.3916,-75.7288,"adjacent to Black Lake fault, NW Adirondack Lowlands (Fig. 3); UTM 18 441954E 4915632N (NAD83); lat/long computed by caller from the published UTM on the NAD83 ellipsoid (no datum shift applied)","Adirondack Lowlands, Rockport Granite",Plutonic,granite (presumed Rockport Granite),"Baird, G.B., Shrady, C.H., 2011. Timing and kinematics of deformation in the northwest Adirondack Lowlands, New York State: Implications for terrane relationships in the southern Grenville Province. Geosphere, 7(6), 1303-1323. doi:10.1130/GES00689.1 [Table 1 p. 1314 (spot ages 1σ); Fig. 11 p. 1317; text p. 1315]"
WP2,1158.0,12.0,12.0,U/Pb,Igneous Crystallization,"weighted mean 207Pb/206Pb SHRIMP-RG, MSWD=0.98, n=8 (3 of 11 excluded); late-D2 granite intruded in Noname ductile shear zone; [audit 2026-10: sigma level of published uncertainty not stated (unstated); entered as published]",Zircon,SHRIMP,Direct,Grenville Province,NY,44.3765,-75.6959,"Noname ductile shear zone, NW Adirondack Lowlands (Fig. 3); UTM 18 444564E 4913928N (NAD83); lat/long computed by caller from the published UTM on the NAD83 ellipsoid (no datum shift applied)","Adirondack Lowlands, Noname ductile shear zone",Plutonic,granite (irregular granite body / leucosome in shear zone),"Baird, G.B., Shrady, C.H., 2011. Timing and kinematics of deformation in the northwest Adirondack Lowlands, New York State: Implications for terrane relationships in the southern Grenville Province. Geosphere, 7(6), 1303-1323. doi:10.1130/GES00689.1 [Table 1 p. 1314 (spot ages 1σ); Fig. 13 p. 1318; text p. 1315]"
6c,1173.0,10.0,10.0,U/Pb,Metamorphic,"weighted mean 207Pb/206Pb SHRIMP-RG of dark featureless metamorphic rims on detrital zircon, MSWD=0.20, n=4; age of metamorphism of host quartzite; [audit 2026-10: sigma level of published uncertainty not stated (unstated); entered as published]",Zircon,SHRIMP,Direct,Grenville Province,NY,44.3762,-75.7132,NW Adirondack Lowlands (Fig. 3); UTM 18 443181E 4913907N (NAD83); lat/long computed by caller from the published UTM on the NAD83 ellipsoid (no datum shift applied),Adirondack Lowlands,Metamorphic,quartzite,"Baird, G.B., Shrady, C.H., 2011. Timing and kinematics of deformation in the northwest Adirondack Lowlands, New York State: Implications for terrane relationships in the southern Grenville Province. Geosphere, 7(6), 1303-1323. doi:10.1130/GES00689.1 [Table 1 p. 1314 (spot ages 1σ); Fig. 15 p. 1319; text p. 1316]"
CCMZ-J1,1158.0,16.0,16.0,U/Pb,Igneous Crystallization,"weighted mean 207Pb/206Pb SHRIMP-RG, MSWD=0.28, n=9 (chord intercepts 118±620 and 1161±23 Ma); AMCG-suite Diana Complex",Zircon,SHRIMP,Direct,Grenville Province,NY,44.0666,-75.3612,"southern Carthage-Colton mylonite zone, Diana Complex (Fig. 2); UTM 18T 471073E 4879121N (NAD27); lat/long computed by caller from the published UTM on the NAD27 ellipsoid (no datum shift applied)","Adirondack Lowlands, Carthage-Colton mylonite zone (Diana Complex)",Plutonic,hornblende-bearing quartz syenite gneiss,"Baird, G.B., 2020. Late Ottawan orogenic collapse of the Adirondacks in the Grenville province of New York State (USA): Integrated petrologic, geochronologic, and structural analysis of the Diana Complex in the southern Carthage-Colton mylonite zone. Geosphere, 16(3), 844-874. doi:10.1130/GES02155.1 [Table 2 p. 851 (spot ages 1σ); text p. 851; Fig. 4A p. 852]"
CCMZ-812,1181.0,25.0,25.0,U/Pb,Igneous Crystallization,"weighted mean 207Pb/206Pb SHRIMP-RG, MSWD=0.30, n=7 (chord intercepts 20±550 and 1182±36 Ma)",Zircon,SHRIMP,Direct,Grenville Province,NY,44.0404,-75.357,"southern Carthage-Colton mylonite zone, Diana Complex (Fig. 2); UTM 18T 471400E 4876202N (NAD27); lat/long computed by caller from the published UTM on the NAD27 ellipsoid (no datum shift applied)","Adirondack Lowlands, Carthage-Colton mylonite zone (Diana Complex)",Plutonic,aplitic granite gneiss,"Baird, G.B., 2020. Late Ottawan orogenic collapse of the Adirondacks in the Grenville province of New York State (USA): Integrated petrologic, geochronologic, and structural analysis of the Diana Complex in the southern Carthage-Colton mylonite zone. Geosphere, 16(3), 844-874. doi:10.1130/GES02155.1 [Table 2 p. 851 (spot ages 1σ); text p. 852; Fig. 4B p. 852]"
Diana Complex aggregate (CCMZ-J1 + CCMZ-812 + AM86-1 of Hamilton et al. 2004),1164.3,6.2,6.2,U/Pb,Igneous Crystallization,"aggregate weighted mean 207Pb/206Pb SHRIMP of 27 analyses, MSWD=0.88, combining this study's two samples with sample AM86-1 data of Hamilton et al. (2004); preferred crystallization age of the whole Diana Complex (partly re-uses Hamilton 2004 data)",Zircon,SHRIMP,Direct,Grenville Province,NY,,,"southern Carthage-Colton mylonite zone, Diana Complex","Adirondack Lowlands, Carthage-Colton mylonite zone (Diana Complex)",Plutonic,syenite to granite gneiss (Diana Complex),"Baird, G.B., 2020. Late Ottawan orogenic collapse of the Adirondacks in the Grenville province of New York State (USA): Integrated petrologic, geochronologic, and structural analysis of the Diana Complex in the southern Carthage-Colton mylonite zone. Geosphere, 16(3), 844-874. doi:10.1130/GES02155.1 [Fig. 5B p. 853; text p. 852; abstract p. 844]"
99-1A,1126.7,6.5,6.5,U/Pb,Igneous Crystallization,"weighted mean 206Pb/238U of zircon cores, n=24 (0 rejected), MSWD=1.08; interpreted as original magmatic cores (rims ~1060 Ma reset by hydrothermal alteration); figure inset labels error 95% conf.",Zircon,LA-ICP-MS,Direct,Grenville Province,NY,,,Clintonville,"Adirondack Highlands, Lyon Mountain Granite",Plutonic,perthite granite,"Buchanan, A.L., 2015. Timing and evolution of metasomatic alteration and mineralization in the Lyon Mountain Granite and related iron oxide apatite (IOA) ores; constraints from apatite and titanite U-Pb geochronology, Sm-Nd isotopes and trace-elements. M.Sc. thesis, Memorial University of Newfoundland, St. John's, 158 p. [Table 3-11, p. 97-100; Fig. 3-12 caption, p. 94-95; text p. 95-96]"
99-3A,1113.1,8.5,8.5,U/Pb,Igneous Crystallization,"weighted mean 206Pb/238U of zircon cores, n=8 (0 rejected), MSWD=0.63; interpreted as original magmatic cores; figure inset labels error 95% conf.",Zircon,LA-ICP-MS,Direct,Grenville Province,NY,,,Ausable Forks,"Adirondack Highlands, Lyon Mountain Granite",Plutonic,fayalite granite,"Buchanan, A.L., 2015. Timing and evolution of metasomatic alteration and mineralization in the Lyon Mountain Granite and related iron oxide apatite (IOA) ores; constraints from apatite and titanite U-Pb geochronology, Sm-Nd isotopes and trace-elements. M.Sc. thesis, Memorial University of Newfoundland, St. John's, 158 p. [Table 3-11, p. 97-100; Fig. 3-12 caption, p. 94-95; text p. 95-96]"
99-6C,1167.0,4.2,4.2,U/Pb,Igneous Crystallization,"weighted mean 206Pb/238U of zircon cores, n=48 (0 rejected), MSWD=2.1, probability=0.000; interpreted as original magmatic cores; figure inset labels error 95% conf.",Zircon,LA-ICP-MS,Direct,Grenville Province,NY,,,Dannemora,"Adirondack Highlands, Lyon Mountain Granite",Plutonic,microcline granite (K-altered),"Buchanan, A.L., 2015. Timing and evolution of metasomatic alteration and mineralization in the Lyon Mountain Granite and related iron oxide apatite (IOA) ores; constraints from apatite and titanite U-Pb geochronology, Sm-Nd isotopes and trace-elements. M.Sc. thesis, Memorial University of Newfoundland, St. John's, 158 p. [Table 3-11, p. 97-100; Fig. 3-12 caption, p. 94-95; text p. 95-96]"
99-2B,1005.9,8.8,8.8,U/Pb,Recrystallization,"weighted mean 206Pb/238U of zircon cores, n=10 (0 rejected), MSWD=1.9; no older cores; author: likely constrains age of pervasive Na-alteration that penetrated and altered the cores; figure inset labels error 95% conf.",Zircon,LA-ICP-MS,Direct,Grenville Province,NY,,,Dry Bridge,"Adirondack Highlands, Lyon Mountain Granite",Plutonic,albite granite (Na-altered),"Buchanan, A.L., 2015. Timing and evolution of metasomatic alteration and mineralization in the Lyon Mountain Granite and related iron oxide apatite (IOA) ores; constraints from apatite and titanite U-Pb geochronology, Sm-Nd isotopes and trace-elements. M.Sc. thesis, Memorial University of Newfoundland, St. John's, 158 p. [Table 3-11, p. 97-100; Fig. 3-12 caption, p. 94-95; text p. 95-96]"
Split Rock diorite (spots 29-x),1203.0,13.6,13.6,U/Pb,Igneous Crystallization,"weighted mean 207Pb/206Pb SHRIMP-RG, n=6 spots on 3 zircons, MSWD=1.24 (Table 4 rounds to 1203 ± 13); [audit 2026-10: sigma level of published uncertainty not stated (unstated); entered as published]",Zircon,SHRIMP,Direct,Grenville Province,NY,44.4051,-75.6958,"Split Rock Road diorite body, northeastern margin, just SE of the Black Creek fault; UTM 18T 444594E 4916887N (NAD 27); lat/long computed by caller from the published UTM on the NAD27 ellipsoid (no datum shift applied)","Adirondack Lowlands, Antwerp-Rossie suite",Plutonic,diorite (dioritic phase of Antwerp-Rossie suite),"Chiarenzelli, J., Regan, S., Peck, W.H., Selleck, B.W., Cousens, B., Baird, G.B., Shrady, C.H., 2010. Shawinigan arc magmatism in the Adirondack Lowlands as a consequence of closure of the Trans-Adirondack backarc basin. Geosphere, 6(6), 900-916. doi:10.1130/GES00576.1 [Table 3, p. 910; Table 4, p. 911; text p. 904; Fig. 16, p. 911]"
"KS-4 (Chimney Mtn diopsidic quartzite, CMMS)",1042.0,4.0,4.0,U/Pb,Recrystallization,"upper intercept, SHRIMP II, n=31 mostly concordant analyses (6 highly discordant excluded); authors favour detrital zircons completely recrystallized and isotopically reset during Ottawan peak metamorphism (alternatives: metamorphic zircon, or detrital = max depositional age); Fig. 13 labels 1042 +/- 4 Ma n=31, 95%; conclusions p. 20 quote 1040 +/- 4 Ma",Zircon,SHRIMP,Direct,Grenville Province,NY,,,"Chimney Mountain, western summit; 0.75-m-thick diopsidic quartzite layer hundreds of meters from granite contact; Thirteenth Lake 15-min quadrangle, ~10 km E of Indian Lake","Adirondack Highlands, Central Adirondacks (Chimney Mountain; belt between Snowy Mountain Dome and Oregon Dome-Thirteenth Lake area)",Metamorphic,diopsidic quartzite (quartz-diopside-orthopyroxene metasedimentary rock),"Chiarenzelli, J., Valentino, D., Lupulescu, M., Thern, E., Johnston, S., 2011. Differentiating Shawinigan and Ottawan orogenesis in the Central Adirondacks. Geosphere, 7(1), 2-22. doi:10.1130/GES00583.1 [Table 2, p. 14; text p. 8 & p. 12; Fig. 13, p. 15]"
"KS-4 (Chimney Mtn diopsidic quartzite, CMMS)",1073.0,15.0,15.0,U/Pb,Recrystallization,"concordant age of group of 3 concordant-slightly discordant analyses, SHRIMP II (Fig. 13 says n=4, 95%); older of two Ottawan-age populations; authors favour recrystallized/reset detrital zircon; text p. 12 calls it the maximum age of the zircon",Zircon,SHRIMP,Direct,Grenville Province,NY,,,"Chimney Mountain, western summit; 0.75-m-thick diopsidic quartzite layer hundreds of meters from granite contact; Thirteenth Lake 15-min quadrangle, ~10 km E of Indian Lake","Adirondack Highlands, Central Adirondacks (Chimney Mountain; belt between Snowy Mountain Dome and Oregon Dome-Thirteenth Lake area)",Metamorphic,diopsidic quartzite (quartz-diopside-orthopyroxene metasedimentary rock),"Chiarenzelli, J., Valentino, D., Lupulescu, M., Thern, E., Johnston, S., 2011. Differentiating Shawinigan and Ottawan orogenesis in the Central Adirondacks. Geosphere, 7(1), 2-22. doi:10.1130/GES00583.1 [Table 2, p. 14; text p. 9 & p. 12; Fig. 13, p. 15]"
"Chimney Mountain granite (CHM; ""Granite"" in Table 1)",1171.6,6.3,6.3,U/Pb,Igneous Crystallization,"weighted mean 207Pb/206Pb of zircon interiors (rims excluded), LA-MC-ICP-MS, n=31, MSWD=1.6; AMCG-age intrusion; Fig. 15 data points 1 sigma, sigma of weighted mean not stated (Isoplot); [audit 2026-10: sigma level of published uncertainty not stated (unstated); entered as published]",Zircon,LA-ICP-MS,Direct,Grenville Province,NY,,,"Chimney Mountain, eastern summit; lineated hornblende granite intruding metasedimentary rocks; Thirteenth Lake 15-min quadrangle, ~10 km E of Indian Lake","Adirondack Highlands, Central Adirondacks (Chimney Mountain; belt between Snowy Mountain Dome and Oregon Dome-Thirteenth Lake area)",Plutonic,hornblende granite (lineated; K-feldspar-quartz-plagioclase-hornblende-magnetite),"Chiarenzelli, J., Valentino, D., Lupulescu, M., Thern, E., Johnston, S., 2011. Differentiating Shawinigan and Ottawan orogenesis in the Central Adirondacks. Geosphere, 7(1), 2-22. doi:10.1130/GES00583.1 [Table 3, p. 15; text p. 9; Fig. 15, p. 16]"
"Chimney Mountain granite (CHM; ""Granite"" in Table 1)",1084.8,10.9,10.9,U/Pb,Metamorphic,"weighted mean 207Pb/206Pb of thin homogeneous zircon outer rims, LA-MC-ICP-MS, n=7, MSWD=0.8; Ottawan metamorphic overprint (conclusions p. 20); sigma of weighted mean not stated; [audit 2026-10: sigma level of published uncertainty not stated (unstated); entered as published]",Zircon,LA-ICP-MS,Direct,Grenville Province,NY,,,"Chimney Mountain, eastern summit; lineated hornblende granite intruding metasedimentary rocks; Thirteenth Lake 15-min quadrangle, ~10 km E of Indian Lake","Adirondack Highlands, Central Adirondacks (Chimney Mountain; belt between Snowy Mountain Dome and Oregon Dome-Thirteenth Lake area)",Plutonic,hornblende granite (lineated; K-feldspar-quartz-plagioclase-hornblende-magnetite),"Chiarenzelli, J., Valentino, D., Lupulescu, M., Thern, E., Johnston, S., 2011. Differentiating Shawinigan and Ottawan orogenesis in the Central Adirondacks. Geosphere, 7(1), 2-22. doi:10.1130/GES00583.1 [Table 3, p. 15; text p. 9; Fig. 15, p. 16]"
"KS-4 (Chimney Mtn diopsidic quartzite, CMMS)",1035.0,,,U/Pb,Cooling,"ca. 1035 Ma = maximum of probability distribution of concordant spot 206Pb/238U (238U/206Pb) titanite ages (range 969-1077 Ma); data do not define a single age population; NO uncertainty given; called ""titanite cooling age (ca. 1035 Ma)""; [audit 2026-10: sigma level of published uncertainty not stated (unstated); entered as published]",Titanite,LA-ICP-MS,Direct,Grenville Province,NY,,,"Chimney Mountain, western summit; 0.75-m-thick diopsidic quartzite layer hundreds of meters from granite contact; Thirteenth Lake 15-min quadrangle, ~10 km E of Indian Lake","Adirondack Highlands, Central Adirondacks (Chimney Mountain; belt between Snowy Mountain Dome and Oregon Dome-Thirteenth Lake area)",Metamorphic,diopsidic quartzite (quartz-diopside-orthopyroxene metasedimentary rock),"Chiarenzelli, J., Valentino, D., Lupulescu, M., Thern, E., Johnston, S., 2011. Differentiating Shawinigan and Ottawan orogenesis in the Central Adirondacks. Geosphere, 7(1), 2-22. doi:10.1130/GES00583.1 [Table 5, p. 17; text p. 9, p. 17, p. 19-20; Fig. 16, p. 17]"
"AM-86-14 (Table 1 no. 4, Dry Bridge)",1041.0,7.0,7.0,U/Pb,Igneous Crystallization,"weighted mean 207Pb/206Pb of 98-102% concordant zircon mantles + homogeneous grains, LA-ICP-MS, n=52, MSWD=0.51 (text: 0.52); mantles alone 1040 +/- 10 (n=26, MSWD 0.53), homogeneous grains 1041 +/- 10 (n=26); cores 1220-985 Ma not a single population. Re-analysis of sample dated 1057 +/- 11 Ma by MG-TIMS (McLelland et al., 1988)",Zircon,LA-ICP-MS,Direct,Grenville Province,NY,44.718,-73.9081,Dry Bridge; UTM 18T 586482E 4952205N (NAD 1983); lat/long computed by caller from the published UTM (NAD83/GRS80),"Adirondack Highlands, Lyon Mountain Granite suite",Plutonic,quartz-albite leucogranite,"Chiarenzelli, J., Selleck, B., Lupulescu, M., Regan, S., Bickford, M.E., Valley, P., McLelland, J., 2017. Lyon Mountain ferroan leucogranite suite: Magmatic response to extensional thinning of overthickened crust in the core of the Grenville orogen. Geological Society of America Bulletin, 129(11/12), 1472-1488. doi:10.1130/B31697.1 [Table 1, p. 1478; Table 2, p. 1478; text p. 1477-1478; Fig. 6, p. 1480]"
"AM-87-6 (Table 1 no. 7, Hopkinton)",1066.0,13.0,13.0,U/Pb,Igneous Crystallization,"weighted mean 207Pb/206Pb of 98-102% concordant mantle + homogeneous-grain analyses, LA-ICP-MS, n=25, MSWD=0.23 (all 40 mantles: 1069.5 +/- 9.8); cores 1223-1103 Ma variable sources. Re-analysis of sample dated 1089 +/- 6 Ma by MG-TIMS (McLelland et al., 1988)",Zircon,LA-ICP-MS,Direct,Grenville Province,NY,44.6759,-74.6051,Hopkinton; UTM 18T 531301E 4947026N (NAD 1983); lat/long computed by caller from the published UTM (NAD83/GRS80),"Adirondack Highlands, Lyon Mountain Granite suite",Plutonic,leucogranite with amphibolite layers,"Chiarenzelli, J., Selleck, B., Lupulescu, M., Regan, S., Bickford, M.E., Valley, P., McLelland, J., 2017. Lyon Mountain ferroan leucogranite suite: Magmatic response to extensional thinning of overthickened crust in the core of the Grenville orogen. Geological Society of America Bulletin, 129(11/12), 1472-1488. doi:10.1130/B31697.1 [Table 1, p. 1478; Table 2, p. 1478; text p. 1478; Fig. 8, p. 1481]"
"SCW-15-GR (Table 1 no. 14, Sevey's Corners W. host leucogranite)",1055.0,13.0,13.0,U/Pb,Igneous Crystallization,"weighted mean 207Pb/206Pb of 98-102% concordant core-free grains and mantles, LA-ICP-MS, n=11, MSWD=0.28",Zircon,LA-ICP-MS,Direct,Grenville Province,NY,44.2654,-74.7422,"Sevey's Corners west, Route 3; UTM 18T 520576E 4901384N (NAD 1983); lat/long computed by caller from the published UTM (NAD83/GRS80)","Adirondack Highlands, Lyon Mountain Granite suite",Plutonic,"dark-pink quartz-microcline(mesoperthite)-magnetite leucogranite (host, with amphibolite xenoliths)","Chiarenzelli, J., Selleck, B., Lupulescu, M., Regan, S., Bickford, M.E., Valley, P., McLelland, J., 2017. Lyon Mountain ferroan leucogranite suite: Magmatic response to extensional thinning of overthickened crust in the core of the Grenville orogen. Geological Society of America Bulletin, 129(11/12), 1472-1488. doi:10.1130/B31697.1 [Table 1, p. 1478; Table 2, p. 1478; text p. 1479; Fig. 9F, p. 1482]"
"SCW-15-GR (Table 1 no. 14, Sevey's Corners W. host leucogranite)",1139.0,11.0,11.0,U/Pb,Inheritance,"weighted mean 207Pb/206Pb of 98-102% concordant xenocrystic zircon cores, LA-ICP-MS, n=10, MSWD=0.63; interpreted as age of igneous source(s) of inherited cores",Zircon,LA-ICP-MS,Direct,Grenville Province,NY,44.2654,-74.7422,"Sevey's Corners west, Route 3; UTM 18T 520576E 4901384N (NAD 1983); lat/long computed by caller from the published UTM (NAD83/GRS80)","Adirondack Highlands, Lyon Mountain Granite suite",Plutonic,"dark-pink quartz-microcline(mesoperthite)-magnetite leucogranite (host, with amphibolite xenoliths)","Chiarenzelli, J., Selleck, B., Lupulescu, M., Regan, S., Bickford, M.E., Valley, P., McLelland, J., 2017. Lyon Mountain ferroan leucogranite suite: Magmatic response to extensional thinning of overthickened crust in the core of the Grenville orogen. Geological Society of America Bulletin, 129(11/12), 1472-1488. doi:10.1130/B31697.1 [Table 2, p. 1478; text p. 1479; Fig. 9E, p. 1482]"
"SCW-15-LEU (Table 1 no. 15, Sevey's Corners W. leucogranite layers)",1053.0,6.0,6.0,U/Pb,Igneous Crystallization,"weighted mean 207Pb/206Pb of 98-102% concordant core-free zircon, LA-ICP-MS, n=26, MSWD=0.6 (Table 2: 1052.7 +/- 6.4)",Zircon,LA-ICP-MS,Direct,Grenville Province,NY,44.2654,-74.7422,"Sevey's Corners west, Route 3; UTM 18T 520576E 4901384N (NAD 1983); lat/long computed by caller from the published UTM (NAD83/GRS80)","Adirondack Highlands, Lyon Mountain Granite suite",Plutonic,leucogranite lenses/stringers in amphibolite,"Chiarenzelli, J., Selleck, B., Lupulescu, M., Regan, S., Bickford, M.E., Valley, P., McLelland, J., 2017. Lyon Mountain ferroan leucogranite suite: Magmatic response to extensional thinning of overthickened crust in the core of the Grenville orogen. Geological Society of America Bulletin, 129(11/12), 1472-1488. doi:10.1130/B31697.1 [Table 1, p. 1478; Table 2, p. 1478; text p. 1479; Fig. 9G, p. 1482]"
Table 1 no. 16 (Sevey's Corners W. pegmatite),1044.0,2.0,2.0,U/Pb,Igneous Crystallization,"weighted mean 207Pb/206Pb of 98-102% concordant core-free zircon, LA-ICP-MS, n=15, MSWD=0.38 (Table 2: 1044 +/- 2.0); no sample ID given",Zircon,LA-ICP-MS,Direct,Grenville Province,NY,44.2654,-74.7422,"Sevey's Corners west, Route 3; vertical pegmatite crosscutting amphibolite and leucogranite; UTM 18T 520576E 4901384N (NAD 1983); lat/long computed by caller from the published UTM (NAD83/GRS80)","Adirondack Highlands, Lyon Mountain Granite suite",Plutonic,vertical quartz-microcline granitic pegmatite dike,"Chiarenzelli, J., Selleck, B., Lupulescu, M., Regan, S., Bickford, M.E., Valley, P., McLelland, J., 2017. Lyon Mountain ferroan leucogranite suite: Magmatic response to extensional thinning of overthickened crust in the core of the Grenville orogen. Geological Society of America Bulletin, 129(11/12), 1472-1488. doi:10.1130/B31697.1 [Table 1, p. 1478; Table 2, p. 1478; text p. 1479; Fig. 9H, p. 1482]"
"PVE-15-AMP (Table 1 no. 17, Piercefield amphibolite)",1051.0,4.0,4.0,U/Pb,Igneous Crystallization,"weighted mean 207Pb/206Pb of 14 concordant unzoned core-free zircons, LA-ICP-MS, MSWD=0.69 (Fig. 10C shows 1052 +/- 4); authors: origin open - magmatic (synchronous with LMG) or metamorphic zircon grown in amphibolite during LMG intrusion",Zircon,LA-ICP-MS,Direct,Grenville Province,NY,44.2353,-74.5545,"Tupper Lake/Piercefield, Route 3 ~3 km east of Piercefield; UTM 18T 535574E 4898108N (NAD 1983); lat/long computed by caller from the published UTM (NAD83/GRS80)","Adirondack Highlands, Lyon Mountain Granite suite",Metamorphic,hornblende-plagioclase amphibolite layer within Lyon Mountain Granite,"Chiarenzelli, J., Selleck, B., Lupulescu, M., Regan, S., Bickford, M.E., Valley, P., McLelland, J., 2017. Lyon Mountain ferroan leucogranite suite: Magmatic response to extensional thinning of overthickened crust in the core of the Grenville orogen. Geological Society of America Bulletin, 129(11/12), 1472-1488. doi:10.1130/B31697.1 [Table 1, p. 1478; Table 2, p. 1478; text p. 1479; Fig. 10C, p. 1483]"
"AM-86-4 (Table 1 no. 18, Tupper Lake)",1050.0,5.0,5.0,U/Pb,Igneous Crystallization,"weighted mean 207Pb/206Pb of 98-102% concordant randomly selected (largely coreless) zircon, LA-ICP-MS, n=100, MSWD=0.67 (all 198: 1054 +/- 4); xenocrystic cores 1189-1120 Ma. Re-analysis of sample dated 1074 +/- 16 Ma by MG-TIMS (McLelland et al., 1988). Table 1 gives the same UTM as no. 17",Zircon,LA-ICP-MS,Direct,Grenville Province,NY,44.2353,-74.5545,Tupper Lake; UTM 18T 535574E 4898108N (NAD 1983); lat/long computed by caller from the published UTM (NAD83/GRS80),"Adirondack Highlands, Lyon Mountain Granite suite",Plutonic,leucogranite with amphibolitic layers,"Chiarenzelli, J., Selleck, B., Lupulescu, M., Regan, S., Bickford, M.E., Valley, P., McLelland, J., 2017. Lyon Mountain ferroan leucogranite suite: Magmatic response to extensional thinning of overthickened crust in the core of the Grenville orogen. Geological Society of America Bulletin, 129(11/12), 1472-1488. doi:10.1130/B31697.1 [Table 1, p. 1478; Table 2, p. 1478; text p. 1478; Fig. 7B, p. 1480]"
"WP-15-1 (Table 1 no. 20, Whitney Portal)",1054.0,4.0,4.0,U/Pb,Igneous Crystallization,"weighted mean 207Pb/206Pb of 98-102% concordant oscillatory-zoned mantles and core-free grains, LA-ICP-MS, n=7, MSWD=1.03 (Table 2: 1054.3 +/- 3.7)",Zircon,LA-ICP-MS,Direct,Grenville Province,NY,44.0864,-74.5221,"Whitney Portal entrance, Route 30, ~10 km N of Long Lake; leucogranite intruding anorthositic gneiss; UTM 18T 538262E 4881581N (NAD 1983); lat/long computed by caller from the published UTM (NAD83/GRS80)","Adirondack Highlands, Lyon Mountain Granite suite",Plutonic,coarse garnetiferous leucogranite,"Chiarenzelli, J., Selleck, B., Lupulescu, M., Regan, S., Bickford, M.E., Valley, P., McLelland, J., 2017. Lyon Mountain ferroan leucogranite suite: Magmatic response to extensional thinning of overthickened crust in the core of the Grenville orogen. Geological Society of America Bulletin, 129(11/12), 1472-1488. doi:10.1130/B31697.1 [Table 1, p. 1478; Table 2, p. 1478; text p. 1479; Fig. 11D, p. 1484]"
"WP-15-1 (Table 1 no. 20, Whitney Portal)",1168.0,41.0,41.0,U/Pb,Inheritance,"weighted mean 207Pb/206Pb of 2 concordant zircon cores, LA-ICP-MS, MSWD=1.7 (all 4 cores: 1168.3 +/- 4.9); Fig. 11 caption: the two core ages are 1162 +/- 6 and 1170 +/- 3 Ma",Zircon,LA-ICP-MS,Direct,Grenville Province,NY,44.0864,-74.5221,"Whitney Portal entrance, Route 30, ~10 km N of Long Lake; UTM 18T 538262E 4881581N (NAD 1983); lat/long computed by caller from the published UTM (NAD83/GRS80)","Adirondack Highlands, Lyon Mountain Granite suite",Plutonic,coarse garnetiferous leucogranite,"Chiarenzelli, J., Selleck, B., Lupulescu, M., Regan, S., Bickford, M.E., Valley, P., McLelland, J., 2017. Lyon Mountain ferroan leucogranite suite: Magmatic response to extensional thinning of overthickened crust in the core of the Grenville orogen. Geological Society of America Bulletin, 129(11/12), 1472-1488. doi:10.1130/B31697.1 [Table 2, p. 1478; text p. 1479; Fig. 11 caption, p. 1484]"
CVE-1,1059.6,6.8,6.8,U/Pb,Igneous Crystallization,"concordia age of 97-103% concordant rim/homogeneous analyses, MSWD (of concordance)=0.090 (Isoplot label 1s, decay-const. errs included); weighted mean of rims 1062+/-10 Ma (MSWD=0.66); inherited cores 1103-1242 Ma; [audit 2026-10: published 1σ errors converted to 2σ (x2)]",Zircon,LA-ICP-MS,Direct,Grenville Province,NY,44.0814,-73.4528,"Cheever Mine quarry face (lat/long Table 2, p. 9)","Adirondack Highlands (eastern), Lyon Mountain Granite suite, Cheever Mine",Plutonic,magnetite-rich altered (Na-metasomatized) leucogranite,"Chiarenzelli, J.R., Lupulescu, M.V., Regan, S.P., Singer, J.W., 2018. Age and origin of the Mesoproterozoic iron oxide-apatite mineralization, Cheever Mine, eastern Adirondacks, NY. Geosciences, 8(9), 345. doi:10.3390/geosciences8090345 [Table 2 p. 9; text p. 10; Fig. 7B p. 9]"
CVE-2,1036.3,5.8,5.8,U/Pb,Igneous Crystallization,"concordia age of 28 analyses 97-103% concordant, MSWD=0.72 (Isoplot label 1s, decay-const. errs included); weighted mean 1041+/-11 Ma (MSWD=0.32); [audit 2026-10: published 1σ errors converted to 2σ (x2)]",Zircon,LA-ICP-MS,Direct,Grenville Province,NY,44.0814,-73.4528,"Cheever Mine quarry face (lat/long Table 2, p. 9)","Adirondack Highlands (eastern), Lyon Mountain Granite suite, Cheever Mine",Plutonic,altered leucogranite,"Chiarenzelli, J.R., Lupulescu, M.V., Regan, S.P., Singer, J.W., 2018. Age and origin of the Mesoproterozoic iron oxide-apatite mineralization, Cheever Mine, eastern Adirondacks, NY. Geosciences, 8(9), 345. doi:10.3390/geosciences8090345 [Table 2 p. 9; text p. 11; Fig. 7D p. 9]"
CVE-3,1040.0,14.0,14.0,U/Pb,Igneous Crystallization,"weighted mean 207Pb/206Pb of 7 analyses 97-103% concordant, MSWD=0.52 (text p. 11 and Fig. 7F, 95% conf.); NOTE Table 2 and abstract give 1040 +/- 11 Ma; high-U zircon with Pb loss",Zircon,LA-ICP-MS,Direct,Grenville Province,NY,44.0814,-73.4528,"Cheever Mine quarry face (lat/long Table 2, p. 9)","Adirondack Highlands (eastern), Lyon Mountain Granite suite, Cheever Mine",Plutonic,magnetite-rich altered leucogranite,"Chiarenzelli, J.R., Lupulescu, M.V., Regan, S.P., Singer, J.W., 2018. Age and origin of the Mesoproterozoic iron oxide-apatite mineralization, Cheever Mine, eastern Adirondacks, NY. Geosciences, 8(9), 345. doi:10.3390/geosciences8090345 [text p. 11; Fig. 7F p. 9; Table 2 p. 9 (gives +/-11)]"
CVE-4,1033.6,5.8,5.8,U/Pb,Igneous Crystallization,"concordia age of 27 analyses 97-103% concordant (Table 2/abstract value); NOTE Fig. 7H label gives 1033.6 +/- 2.3 Ma (1s, MSWD=0.094) and text p. 12 gives 1036.6 +/- 2.3 Ma (MSWD=0.09); interpreted as time of intrusion and crystallization of the ore; [audit 2026-10: published 1σ errors converted to 2σ (x2)]",Zircon,LA-ICP-MS,Direct,Grenville Province,NY,44.0814,-73.4528,"Cheever Mine quarry face (lat/long Table 2, p. 9)","Adirondack Highlands (eastern), Lyon Mountain Granite suite, Cheever Mine",Plutonic,magnetite-apatite (IOA) ore,"Chiarenzelli, J.R., Lupulescu, M.V., Regan, S.P., Singer, J.W., 2018. Age and origin of the Mesoproterozoic iron oxide-apatite mineralization, Cheever Mine, eastern Adirondacks, NY. Geosciences, 8(9), 345. doi:10.3390/geosciences8090345 [Table 2 p. 9; text p. 11-12; Fig. 7H p. 9]"
CV-7,1043.9,8.2,8.2,U/Pb,Igneous Crystallization,"concordia age of 16 analyses 97-103% concordant, MSWD=2.6 (Isoplot label 1s, decay-const. errs included); weighted mean 1051+/-10 Ma (MSWD=0.38); [audit 2026-10: published 1σ errors converted to 2σ (x2)]",Zircon,LA-ICP-MS,Direct,Grenville Province,NY,44.0776,-73.4506,"Cheever Mine footwall, sheet intruding gabbroic body (lat/long Table 2, p. 9)","Adirondack Highlands (eastern), Lyon Mountain Granite suite, Cheever Mine",Plutonic,magnetite-rich altered leucogranite,"Chiarenzelli, J.R., Lupulescu, M.V., Regan, S.P., Singer, J.W., 2018. Age and origin of the Mesoproterozoic iron oxide-apatite mineralization, Cheever Mine, eastern Adirondacks, NY. Geosciences, 8(9), 345. doi:10.3390/geosciences8090345 [Table 2 p. 9; text p. 12; Fig. 7J p. 9]"
CV-2013,1066.0,6.3,6.3,U/Pb,Igneous Crystallization,"concordia age of 97-103% concordant rim analyses (Table 2, abstract, Fig. 7L: 95% confidence, MSWD=0.15); NOTE text p. 12-13 erroneously repeats CVE-1 value 1059.6 +/- 3.4 Ma; inherited cores 1091-1136 Ma",Zircon,LA-ICP-MS,Direct,Grenville Province,NY,44.0802,-73.4532,"~100 m south of Cheever Mine quarry face, cut by ore (lat/long Table 2, p. 9)","Adirondack Highlands (eastern), Lyon Mountain Granite suite, Cheever Mine",Plutonic,"altered leucogranite (greenish, clinopyroxene-bearing)","Chiarenzelli, J.R., Lupulescu, M.V., Regan, S.P., Singer, J.W., 2018. Age and origin of the Mesoproterozoic iron oxide-apatite mineralization, Cheever Mine, eastern Adirondacks, NY. Geosciences, 8(9), 345. doi:10.3390/geosciences8090345 [Table 2 p. 9; Fig. 7L p. 9; text p. 12-13]"
AM87-10,1176.0,11.0,11.0,U/Pb,Igneous Crystallization,"weighted mean 207Pb/206Pb SHRIMP, igneous cores and fragments, n=9, MSWD=1.9 (abstract gives 1176 ± 9 Ma; text p. 346-347 and Fig. 6 give ± 11)",Zircon,SHRIMP,Direct,Grenville Province,NY,,,"Minerva charnockite; low roadcut along Route 28N, ~4 km north of the village of Minerva, eastern Adirondacks (Fig. 2, locality g)","Adirondack Highlands, Marcy anorthosite massif margin",Plutonic,charnockite (Minerva charnockite; 'mangerite' in Table 1),"Hamilton, M.A., McLelland, J., Selleck, B., 2004. SHRIMP U-Pb zircon geochronology of the anorthosite-mangerite-charnockite-granite suite, Adirondack Mountains, New York: Ages of emplacement and metamorphism. In: Tollo, R.P., Corriveau, L., McLelland, J., Bartholomew, M.J. (Eds.), Proterozoic Tectonic Evolution of the Grenville Orogen in North America. Geological Society of America Memoir, 197, 337-355. doi:10.1130/0-8137-1197-5.337 [Table 2, p. 344-345; text p. 346-347; Fig. 6, p. 346]"
AM87-10,1049.0,4.0,4.0,U/Pb,Metamorphic,"weighted mean 207Pb/206Pb SHRIMP, overgrowths and equant metamorphic zircons, n=11, MSWD=1.4",Zircon,SHRIMP,Direct,Grenville Province,NY,,,"Minerva charnockite; low roadcut along Route 28N, ~4 km north of the village of Minerva, eastern Adirondacks (Fig. 2, locality g)","Adirondack Highlands, Marcy anorthosite massif margin",Plutonic,charnockite (Minerva charnockite; 'mangerite' in Table 1),"Hamilton, M.A., McLelland, J., Selleck, B., 2004. SHRIMP U-Pb zircon geochronology of the anorthosite-mangerite-charnockite-granite suite, Adirondack Mountains, New York: Ages of emplacement and metamorphism. In: Tollo, R.P., Corriveau, L., McLelland, J., Bartholomew, M.J. (Eds.), Proterozoic Tectonic Evolution of the Grenville Orogen in North America. Geological Society of America Memoir, 197, 337-355. doi:10.1130/0-8137-1197-5.337 [Table 2, p. 344-345; text p. 347; Fig. 6, p. 346]"
AM86-8,1174.0,25.0,25.0,U/Pb,Igneous Crystallization,"weighted mean 207Pb/206Pb SHRIMP (ANU SHRIMP II), igneous zircon, n=7, MSWD=0.8",Zircon,SHRIMP,Direct,Grenville Province,NY,,,"Snowy Mountain charnockite; roadcut along Route 30, ~5 km north of the Lewey Lake campground, near base of Snowy Mountain (Fig. 2, locality e)","Adirondack Highlands, Snowy Mountain massif",Plutonic,charnockite (Snowy Mountain charnockite; 'mangerite' in Table 1 and Fig. 8 caption),"Hamilton, M.A., McLelland, J., Selleck, B., 2004. SHRIMP U-Pb zircon geochronology of the anorthosite-mangerite-charnockite-granite suite, Adirondack Mountains, New York: Ages of emplacement and metamorphism. In: Tollo, R.P., Corriveau, L., McLelland, J., Bartholomew, M.J. (Eds.), Proterozoic Tectonic Evolution of the Grenville Orogen in North America. Geological Society of America Memoir, 197, 337-355. doi:10.1130/0-8137-1197-5.337 [Table 2, p. 344-345; text p. 347; Fig. 8, p. 348]"
AM86-8,1031.0,30.0,30.0,U/Pb,Metamorphic,"weighted mean 207Pb/206Pb SHRIMP (ANU SHRIMP II), metamorphic overgrowths, n=2",Zircon,SHRIMP,Direct,Grenville Province,NY,,,"Snowy Mountain charnockite; roadcut along Route 30, ~5 km north of the Lewey Lake campground, near base of Snowy Mountain (Fig. 2, locality e)","Adirondack Highlands, Snowy Mountain massif",Plutonic,charnockite (Snowy Mountain charnockite; 'mangerite' in Table 1 and Fig. 8 caption),"Hamilton, M.A., McLelland, J., Selleck, B., 2004. SHRIMP U-Pb zircon geochronology of the anorthosite-mangerite-charnockite-granite suite, Adirondack Mountains, New York: Ages of emplacement and metamorphism. In: Tollo, R.P., Corriveau, L., McLelland, J., Bartholomew, M.J. (Eds.), Proterozoic Tectonic Evolution of the Grenville Orogen in North America. Geological Society of America Memoir, 197, 337-355. doi:10.1130/0-8137-1197-5.337 [Table 2, p. 344-345; text p. 347; Fig. 8, p. 348]"
AM87-9,1154.0,17.0,17.0,U/Pb,Igneous Crystallization,"weighted mean 207Pb/206Pb SHRIMP, igneous cores and fragments, n=6, MSWD=1.9",Zircon,SHRIMP,Direct,Grenville Province,NY,,,"Gore Mountain charnockite; outcrops at rear of parking lot for the Gore Mountain ski lift (Fig. 2, locality d)","Adirondack Highlands, Oregon Dome anorthosite massif (between Oregon Dome massif and Thirteenth Lake outlier)",Plutonic,charnockite (Gore Mountain charnockite; 'mangerite' in Table 1),"Hamilton, M.A., McLelland, J., Selleck, B., 2004. SHRIMP U-Pb zircon geochronology of the anorthosite-mangerite-charnockite-granite suite, Adirondack Mountains, New York: Ages of emplacement and metamorphism. In: Tollo, R.P., Corriveau, L., McLelland, J., Bartholomew, M.J. (Eds.), Proterozoic Tectonic Evolution of the Grenville Orogen in North America. Geological Society of America Memoir, 197, 337-355. doi:10.1130/0-8137-1197-5.337 [Table 2, p. 344-345; text p. 347; Fig. 10, p. 349]"
AM87-9,1041.0,6.0,6.0,U/Pb,Metamorphic,"weighted mean 207Pb/206Pb SHRIMP, metamorphic rims and equant unzoned grains, n=11, MSWD=0.57",Zircon,SHRIMP,Direct,Grenville Province,NY,,,"Gore Mountain charnockite; outcrops at rear of parking lot for the Gore Mountain ski lift (Fig. 2, locality d)","Adirondack Highlands, Oregon Dome anorthosite massif (between Oregon Dome massif and Thirteenth Lake outlier)",Plutonic,charnockite (Gore Mountain charnockite; 'mangerite' in Table 1),"Hamilton, M.A., McLelland, J., Selleck, B., 2004. SHRIMP U-Pb zircon geochronology of the anorthosite-mangerite-charnockite-granite suite, Adirondack Mountains, New York: Ages of emplacement and metamorphism. In: Tollo, R.P., Corriveau, L., McLelland, J., Bartholomew, M.J. (Eds.), Proterozoic Tectonic Evolution of the Grenville Orogen in North America. Geological Society of America Memoir, 197, 337-355. doi:10.1130/0-8137-1197-5.337 [Table 2, p. 344-345; text p. 347; Fig. 10, p. 349]"
AM87-8,1156.0,7.0,7.0,U/Pb,Igneous Crystallization,"weighted mean 207Pb/206Pb SHRIMP, igneous cores, n=9, MSWD=1.05; minimum age for crosscut Oregon Dome anorthosite",Zircon,SHRIMP,Direct,Grenville Province,NY,,,"Oregon Dome ferrodiorite dike; roadcut on SW side of Route 8-30, ~9 km east of Speculator (Fig. 2, locality c)","Adirondack Highlands, Oregon Dome anorthosite massif",Plutonic,ferrodiorite dike crosscutting anorthosite,"Hamilton, M.A., McLelland, J., Selleck, B., 2004. SHRIMP U-Pb zircon geochronology of the anorthosite-mangerite-charnockite-granite suite, Adirondack Mountains, New York: Ages of emplacement and metamorphism. In: Tollo, R.P., Corriveau, L., McLelland, J., Bartholomew, M.J. (Eds.), Proterozoic Tectonic Evolution of the Grenville Orogen in North America. Geological Society of America Memoir, 197, 337-355. doi:10.1130/0-8137-1197-5.337 [Table 2, p. 344-345; text p. 349; Fig. 12, p. 350]"
AM87-8,1048.0,10.0,10.0,U/Pb,Metamorphic,"weighted mean 207Pb/206Pb SHRIMP, metamorphic rims, n=7, MSWD=0.7 (text; 0.73 in Fig. 12)",Zircon,SHRIMP,Direct,Grenville Province,NY,,,"Oregon Dome ferrodiorite dike; roadcut on SW side of Route 8-30, ~9 km east of Speculator (Fig. 2, locality c)","Adirondack Highlands, Oregon Dome anorthosite massif",Plutonic,ferrodiorite dike crosscutting anorthosite,"Hamilton, M.A., McLelland, J., Selleck, B., 2004. SHRIMP U-Pb zircon geochronology of the anorthosite-mangerite-charnockite-granite suite, Adirondack Mountains, New York: Ages of emplacement and metamorphism. In: Tollo, R.P., Corriveau, L., McLelland, J., Bartholomew, M.J. (Eds.), Proterozoic Tectonic Evolution of the Grenville Orogen in North America. Geological Society of America Memoir, 197, 337-355. doi:10.1130/0-8137-1197-5.337 [Table 2, p. 344-345; text p. 349; Fig. 12, p. 350]"
AM86-1,1164.0,11.0,11.0,U/Pb,Igneous Crystallization,"weighted mean 207Pb/206Pb SHRIMP, igneous cores, n=10, MSWD=1.8",Zircon,SHRIMP,Direct,Grenville Province,NY,,,"Diana Complex; large roadcuts on Route 3 near western contact of the Diana Complex, ~1 km south of Harrisville (Fig. 2, locality r)","Adirondack Highlands, Carthage-Colton mylonite zone, Diana Complex",Plutonic,pyroxene quartz syenite,"Hamilton, M.A., McLelland, J., Selleck, B., 2004. SHRIMP U-Pb zircon geochronology of the anorthosite-mangerite-charnockite-granite suite, Adirondack Mountains, New York: Ages of emplacement and metamorphism. In: Tollo, R.P., Corriveau, L., McLelland, J., Bartholomew, M.J. (Eds.), Proterozoic Tectonic Evolution of the Grenville Orogen in North America. Geological Society of America Memoir, 197, 337-355. doi:10.1130/0-8137-1197-5.337 [Table 2, p. 344-345; text p. 350; Fig. 14, p. 351]"
AM86-1,1122.0,29.0,29.0,U/Pb,Metamorphic,"weighted mean 207Pb/206Pb SHRIMP, thin structureless rims, n=5, MSWD=0.01; authors suggest recrystallization during ca. 1100 Ma (Hawkeye) thermal event",Zircon,SHRIMP,Direct,Grenville Province,NY,,,"Diana Complex; large roadcuts on Route 3 near western contact of the Diana Complex, ~1 km south of Harrisville (Fig. 2, locality r)","Adirondack Highlands, Carthage-Colton mylonite zone, Diana Complex",Plutonic,pyroxene quartz syenite,"Hamilton, M.A., McLelland, J., Selleck, B., 2004. SHRIMP U-Pb zircon geochronology of the anorthosite-mangerite-charnockite-granite suite, Adirondack Mountains, New York: Ages of emplacement and metamorphism. In: Tollo, R.P., Corriveau, L., McLelland, J., Bartholomew, M.J. (Eds.), Proterozoic Tectonic Evolution of the Grenville Orogen in North America. Geological Society of America Memoir, 197, 337-355. doi:10.1130/0-8137-1197-5.337 [Table 2, p. 344-345; text p. 350; Fig. 14, p. 351]"
Locality 1,1160.0,30.0,30.0,U/Pb,Metamorphic,"anatectic zircon; weighted mean 207Pb/206Pb, 5 leucosome grains",Zircon,SHRIMP,Direct,Grenville Province,NY,44.4447,-75.1915,Devil's Elbow (lat/long converted from deg-min in text/Table 1),Adirondack Lowlands,Metamorphic,migmatitic metapelite (leucosome),"Heumann, M.J., Bickford, M.E., Hill, B.M., McLelland, J.M., Selleck, B.W., Jercinovic, M.J., 2006. Timing of anatexis in metapelites from the Adirondack lowlands and southern highlands: A manifestation of the Shawinigan orogeny and subsequent anorthosite-mangerite-charnockite-granite magmatism. Geological Society of America Bulletin, 118, 1283-1298. doi:10.1130/B25927.1 [Table 1, pdf p. 9 (in-press version); text pdf p. 6-9]"
Locality 2,1165.0,9.0,9.0,U/Pb,Metamorphic,anatectic zircon; combined weighted mean 207Pb/206Pb of 8 grains from leucosome (1162+/-12 Ma) and melanosome rims (1169+/-13 Ma); xenocrysts ca. 1300-1340 Ma,Zircon,SHRIMP,Direct,Grenville Province,NY,44.3677,-75.2742,Trout Lake (lat/long converted from deg-min in text/Table 1),Adirondack Lowlands,Metamorphic,migmatitic metapelite (leucosome + melanosome),"Heumann, M.J., Bickford, M.E., Hill, B.M., McLelland, J.M., Selleck, B.W., Jercinovic, M.J., 2006. Timing of anatexis in metapelites from the Adirondack lowlands and southern highlands: A manifestation of the Shawinigan orogeny and subsequent anorthosite-mangerite-charnockite-granite magmatism. Geological Society of America Bulletin, 118, 1283-1298. doi:10.1130/B25927.1 [Table 1, pdf p. 9 (in-press version); text pdf p. 6-9]"
Locality 3,1180.0,12.0,12.0,U/Pb,Metamorphic,"anatectic zircon; combined weighted mean 207Pb/206Pb of leucosome (1167+/-21 Ma, n=4) and melanosome (1185+/-14 Ma, n=10) zircon; detrital grains ca. 1340 Ma",Zircon,SHRIMP,Direct,Grenville Province,NY,44.2356,-75.3859,"Roadcut W side of Route 812, 3.6 miles south of Balmat (lat/long converted from deg-min in text/Table 1)",Adirondack Lowlands,Metamorphic,migmatitic metapelite (leucosome + melanosome),"Heumann, M.J., Bickford, M.E., Hill, B.M., McLelland, J.M., Selleck, B.W., Jercinovic, M.J., 2006. Timing of anatexis in metapelites from the Adirondack lowlands and southern highlands: A manifestation of the Shawinigan orogeny and subsequent anorthosite-mangerite-charnockite-granite magmatism. Geological Society of America Bulletin, 118, 1283-1298. doi:10.1130/B25927.1 [Table 1, pdf p. 9 (in-press version); text pdf p. 6-9]"
Locality 4,1132.0,20.0,20.0,U/Pb,Metamorphic,"anatectic zircon; weighted mean 207Pb/206Pb, 9 leucosome grains; authors: may reflect heating at end of AMCG emplacement or a distinct younger event; xenocryst ca. 1348 Ma",Zircon,SHRIMP,Direct,Grenville Province,NY,43.3197,-73.9239,"Roadcut at north end of Conklingville Dam, east end of Sacandaga Reservoir (lat/long converted from deg-min in text/Table 1)",Adirondack Highlands (southern),Metamorphic,migmatitic metapelite (leucosome),"Heumann, M.J., Bickford, M.E., Hill, B.M., McLelland, J.M., Selleck, B.W., Jercinovic, M.J., 2006. Timing of anatexis in metapelites from the Adirondack lowlands and southern highlands: A manifestation of the Shawinigan orogeny and subsequent anorthosite-mangerite-charnockite-granite magmatism. Geological Society of America Bulletin, 118, 1283-1298. doi:10.1130/B25927.1 [Table 1, pdf p. 9 (in-press version); text pdf p. 6-9]"
Locality 5,1167.0,13.0,13.0,U/Pb,Metamorphic,anatectic zircon; weighted mean 207Pb/206Pb of ~11 leucosome grains (text also mentions an initial 1178+/-21 Ma calculation); xenocrysts 1340-1250 Ma,Zircon,SHRIMP,Direct,Grenville Province,NY,43.3469,-74.2626,"Pumpkin Hollow, 3.7 miles south of Wells, east side of Route 30 (Sacandaga River) (lat/long converted from Table 1 deg-min; text gives 74deg15.733W)",Adirondack Highlands (southern),Metamorphic,migmatitic metapelite (leucosome),"Heumann, M.J., Bickford, M.E., Hill, B.M., McLelland, J.M., Selleck, B.W., Jercinovic, M.J., 2006. Timing of anatexis in metapelites from the Adirondack lowlands and southern highlands: A manifestation of the Shawinigan orogeny and subsequent anorthosite-mangerite-charnockite-granite magmatism. Geological Society of America Bulletin, 118, 1283-1298. doi:10.1130/B25927.1 [Table 1, pdf p. 9 (in-press version); text pdf p. 6-9]"
Locality 6,1158.0,15.0,15.0,U/Pb,Metamorphic,anatectic zircon; combined weighted mean 207Pb/206Pb of non-xenocrystic leucosome (1150+/-18 Ma) and melanosome rim (1183+/-31 Ma) zircon; xenocrysts 1378-1301 Ma,Zircon,SHRIMP,Direct,Grenville Province,NY,43.18,-74.6545,"North side of Route 29A, 0.25 miles east of Avery Road (Pleasant Lake) (lat/long converted from deg-min in text/Table 1)",Adirondack Highlands (southwestern),Metamorphic,migmatitic metapelite (leucosome + melanosome),"Heumann, M.J., Bickford, M.E., Hill, B.M., McLelland, J.M., Selleck, B.W., Jercinovic, M.J., 2006. Timing of anatexis in metapelites from the Adirondack lowlands and southern highlands: A manifestation of the Shawinigan orogeny and subsequent anorthosite-mangerite-charnockite-granite magmatism. Geological Society of America Bulletin, 118, 1283-1298. doi:10.1130/B25927.1 [Table 1, pdf p. 9 (in-press version); text pdf p. 6-9]"
Locality 8,1177.0,8.0,8.0,U/Pb,Igneous Crystallization,"weighted mean 207Pb/206Pb of 11 analyses (cores and rims, mostly magmatic growth patterns); zircon growth during magmatic crystallization (Shawinigan); xenocrysts 1292-1201 Ma",Zircon,SHRIMP,Direct,Grenville Province,NY,43.4485,-74.2532,"0.25 miles north of junction of Route 8 and Route 30, 7.5 miles south of Speculator (lat/long converted from deg-min in text/Table 1)",Adirondack Highlands (southern),Plutonic,leucogranite sheet associated with migmatitic metapelite,"Heumann, M.J., Bickford, M.E., Hill, B.M., McLelland, J.M., Selleck, B.W., Jercinovic, M.J., 2006. Timing of anatexis in metapelites from the Adirondack lowlands and southern highlands: A manifestation of the Shawinigan orogeny and subsequent anorthosite-mangerite-charnockite-granite magmatism. Geological Society of America Bulletin, 118, 1283-1298. doi:10.1130/B25927.1 [Table 1, pdf p. 9 (in-press version); text pdf p. 6-9]"
Locality 8,1040.0,23.0,23.0,U/Pb,Metamorphic,"weighted mean 207Pb/206Pb of 5 analyses (4 rims, 1 discrete grain); zircon growth during Ottawan orogeny",Zircon,SHRIMP,Direct,Grenville Province,NY,43.4485,-74.2532,"0.25 miles north of junction of Route 8 and Route 30, 7.5 miles south of Speculator (lat/long converted from deg-min in text/Table 1)",Adirondack Highlands (southern),Plutonic,leucogranite sheet associated with migmatitic metapelite,"Heumann, M.J., Bickford, M.E., Hill, B.M., McLelland, J.M., Selleck, B.W., Jercinovic, M.J., 2006. Timing of anatexis in metapelites from the Adirondack lowlands and southern highlands: A manifestation of the Shawinigan orogeny and subsequent anorthosite-mangerite-charnockite-granite magmatism. Geological Society of America Bulletin, 118, 1283-1298. doi:10.1130/B25927.1 [Table 1, pdf p. 9 (in-press version); text pdf p. 6-9]"
Locality 9,1182.0,8.0,8.0,U/Pb,Igneous Crystallization,"weighted mean 207Pb/206Pb, 11 of 12 spots, MSWD=1.0, probability 0.44",Zircon,SHRIMP,Direct,Grenville Province,NY,44.3558,-75.3104,"Large roadcut W side of County Highway 19, SW corner of Trout Lake at Trout Lake Marina (lat/long converted from deg-min in text/Table 1)","Adirondack Lowlands, Hermon granite",Plutonic,Hermon granite (porphyritic granodiorite),"Heumann, M.J., Bickford, M.E., Hill, B.M., McLelland, J.M., Selleck, B.W., Jercinovic, M.J., 2006. Timing of anatexis in metapelites from the Adirondack lowlands and southern highlands: A manifestation of the Shawinigan orogeny and subsequent anorthosite-mangerite-charnockite-granite magmatism. Geological Society of America Bulletin, 118, 1283-1298. doi:10.1130/B25927.1 [Table 1, pdf p. 9 (in-press version); text pdf p. 6-9]"
OBM,1008.0,3.2,3.2,U/Pb,Igneous Crystallization,"concordia age of 17 SHRIMP II spots on zircon cores, MSWD=0.52; authors: ore formation 1040-1008 Ma (magmatic vs hydrothermal origin of IOA ore debated); cf. 1000.7+/-4.2 Ma of Valley et al. 2009",Zircon,SHRIMP,Direct,Grenville Province,NY,,,"Old Bed Mine, Mineville iron district, eastern Adirondacks (no coordinates given)","Adirondack Highlands (eastern), Mineville IOA district (Lyon Mountain Granite-hosted)",Hydrothermal,magnetite-apatite (IOA) ore,"Krestianinov, E., Amelin, Y., Neymark, L.A., Aleinikoff, J.N., 2021. U-Pb systematics of uranium-rich apatite from Adirondacks: Inferences about regional geological and geochemical evolution, and evaluation of apatite reference materials for in situ dating. Chemical Geology, 581, 120417. doi:10.1016/j.chemgeo.2021.120417 [Table 3 p. 12 (spot data); text p. 11 (Section 4.4.1); Fig. 8C; Section 3 p. 5: all date uncertainties +/-2SD]"
OBM,992.4,7.7,7.7,U/Pb,Metamorphic,weighted mean 206Pb/238U of 9 of 11 SHRIMP II spots on zircon rims; younger rim growth during protracted fluid activity after ore formation; two outlier rims 935+/-15 and 915+/-17 Ma,Zircon,SHRIMP,Direct,Grenville Province,NY,,,"Old Bed Mine, Mineville iron district, eastern Adirondacks (no coordinates given)","Adirondack Highlands (eastern), Mineville IOA district (Lyon Mountain Granite-hosted)",Hydrothermal,magnetite-apatite (IOA) ore,"Krestianinov, E., Amelin, Y., Neymark, L.A., Aleinikoff, J.N., 2021. U-Pb systematics of uranium-rich apatite from Adirondacks: Inferences about regional geological and geochemical evolution, and evaluation of apatite reference materials for in situ dating. Chemical Geology, 581, 120417. doi:10.1016/j.chemgeo.2021.120417 [Table 3 p. 12; text p. 11 (Section 4.4.1); Fig. 8D]"
McLear pegmatite,1195.1,7.2,7.2,U/Pb,Igneous Crystallization,"concordia age, MSWD=0.09 (of concordance), 20 spots; weighted mean 207Pb/206Pb 1198+/-13 Ma",Zircon,LA-ICP-MS,Direct,Grenville Province,NY,,,"McLear pegmatite; printed coordinates N 41deg27'32.4"", W 75deg18'39.6"" (latitude appears erroneous for the Lowlands; not converted)",Adirondack Lowlands,Plutonic,granitic pegmatite,"Lupulescu, M.V., Chiarenzelli, J.R., Pullen, A.T., Price, J.D., 2011. Using pegmatite geochronology to constrain temporal events in the Adirondack Mountains. Geosphere, 7(1), 23-39. doi:10.1130/GES00596.1 [Table 1 p. 25 (Best age, 2s); text p. 29-30; Fig. 4]"
Rossie pegmatite,1195.1,8.3,8.3,U/Pb,Igneous Crystallization,"concordia age of concordant analyses (3 inherited spots 1271-1312 Ma excluded), MSWD=0.14 (Table) / 0.71 probability; weighted mean 207Pb/206Pb 1193+/-16 Ma",Zircon,LA-ICP-MS,Direct,Grenville Province,NY,,,"Rossie pegmatite; printed coordinates N 43deg21'11.4"", W 75deg42'05.7"" (latitude appears inconsistent with Rossie, NY; not converted)",Adirondack Lowlands,Plutonic,granitic pegmatite,"Lupulescu, M.V., Chiarenzelli, J.R., Pullen, A.T., Price, J.D., 2011. Using pegmatite geochronology to constrain temporal events in the Adirondack Mountains. Geosphere, 7(1), 23-39. doi:10.1130/GES00596.1 [Table 1 p. 25 (Best age, 2s); text p. 30; Fig. 4]"
Hulls Falls pegmatite #1,1178.0,12.0,12.0,U/Pb,Igneous Crystallization,"weighted mean 207Pb/206Pb of concordant analyses of ~2 mm sub-anhedral grains (young population), MSWD=0.26; upper intercept 1180+/-14 Ma",Zircon,LA-ICP-MS,Direct,Grenville Province,NY,44.2329,-73.7957,Hulls Falls pegmatite (lat/long converted from DMS in text p. 30),Adirondack Highlands,Plutonic,granitic pegmatite,"Lupulescu, M.V., Chiarenzelli, J.R., Pullen, A.T., Price, J.D., 2011. Using pegmatite geochronology to constrain temporal events in the Adirondack Mountains. Geosphere, 7(1), 23-39. doi:10.1130/GES00596.1 [Table 1 p. 25 (Best age, 2s); text p. 30; Fig. 4]"
Hulls Falls pegmatite #2,1222.0,12.0,12.0,U/Pb,Igneous Crystallization,"weighted mean 207Pb/206Pb of concordant analyses of a single 4.5 mm euhedral grain (old population), MSWD=1.09; upper intercept 1222+/-15 Ma; authors infer two zircon populations in this pegmatite",Zircon,LA-ICP-MS,Direct,Grenville Province,NY,44.2329,-73.7957,Hulls Falls pegmatite (lat/long converted from DMS in text p. 30),Adirondack Highlands,Plutonic,granitic pegmatite,"Lupulescu, M.V., Chiarenzelli, J.R., Pullen, A.T., Price, J.D., 2011. Using pegmatite geochronology to constrain temporal events in the Adirondack Mountains. Geosphere, 7(1), 23-39. doi:10.1130/GES00596.1 [Table 1 p. 25 (Best age, 2s); text p. 34; Fig. 4]"
Batchellerville pegmatite,1090.0,28.0,28.0,U/Pb,Igneous Crystallization,single concordant analysis of a largely metamict grain (approx. centre of crystal); upper intercept 1054+/-110 Ma,Zircon,LA-ICP-MS,Direct,Grenville Province,NY,43.2392,-74.0595,Batchellerville pegmatite (lat/long converted from DMS in text p. 34),Adirondack Highlands (southern),Plutonic,granitic pegmatite,"Lupulescu, M.V., Chiarenzelli, J.R., Pullen, A.T., Price, J.D., 2011. Using pegmatite geochronology to constrain temporal events in the Adirondack Mountains. Geosphere, 7(1), 23-39. doi:10.1130/GES00596.1 [Table 1 p. 25 (Best age, 2s); text p. 34-35; Fig. 6]"
Scott's Farm pegmatite,1062.0,14.0,14.0,U/Pb,Igneous Crystallization,"weighted mean 207Pb/206Pb of concordant analyses, MSWD=0.21; concordia age 1064.0+/-6.5 Ma; upper intercept 1063+/-19 Ma",Zircon,LA-ICP-MS,Direct,Grenville Province,NY,44.2267,-75.1028,Scott's Farm pegmatite (lat/long converted from DMS in text p. 35),"Adirondack Highlands (northwestern, near Lowlands)",Plutonic,granitic pegmatite,"Lupulescu, M.V., Chiarenzelli, J.R., Pullen, A.T., Price, J.D., 2011. Using pegmatite geochronology to constrain temporal events in the Adirondack Mountains. Geosphere, 7(1), 23-39. doi:10.1130/GES00596.1 [Table 1 p. 25 (Best age, 2s); text p. 35; Fig. 5]"
Sugar Hill pegmatite,1048.0,14.0,14.0,U/Pb,Igneous Crystallization,"weighted mean 207Pb/206Pb of concordant analyses, MSWD=0.23; forced upper intercept 1052+/-18 Ma",Zircon,LA-ICP-MS,Direct,Grenville Province,NY,43.1603,-73.7,Sugar Hill pegmatite (lat/long converted from DMS in text p. 35),Adirondack Highlands (southern),Plutonic,granitic pegmatite,"Lupulescu, M.V., Chiarenzelli, J.R., Pullen, A.T., Price, J.D., 2011. Using pegmatite geochronology to constrain temporal events in the Adirondack Mountains. Geosphere, 7(1), 23-39. doi:10.1130/GES00596.1 [Table 1 p. 25 (Best age, 2s); text p. 35; Fig. 5]"
Roe's Spar Bed pegmatite,1030.7,9.9,9.9,U/Pb,Igneous Crystallization,"weighted mean 207Pb/206Pb of concordant analyses, MSWD=0.11; forced upper intercept 1042+/-13 Ma",Zircon,LA-ICP-MS,Direct,Grenville Province,NY,43.9824,-73.5395,Roe's Spar Bed pegmatite (lat/long converted from DMS in text p. 35),Adirondack Highlands (eastern),Plutonic,granitic pegmatite,"Lupulescu, M.V., Chiarenzelli, J.R., Pullen, A.T., Price, J.D., 2011. Using pegmatite geochronology to constrain temporal events in the Adirondack Mountains. Geosphere, 7(1), 23-39. doi:10.1130/GES00596.1 [Table 1 p. 25 (Best age, 2s); text p. 35; Fig. 5]"
Mineville Old Bed Mine pegmatite segregation,1022.4,13.0,13.0,U/Pb,Igneous Crystallization,"upper intercept forced through 250+/-50 Ma lower intercept, MSWD=0.98; weighted mean 207Pb/206Pb 1013+/-10 Ma",Zircon,LA-ICP-MS,Direct,Grenville Province,NY,44.0896,-73.5251,"Old Bed Mine, Mineville; pegmatite segregation in magnetite-apatite ore (lat/long converted from DMS in text p. 35)","Adirondack Highlands (eastern), Mineville district",Plutonic,pegmatite segregation in magnetite-apatite ore,"Lupulescu, M.V., Chiarenzelli, J.R., Pullen, A.T., Price, J.D., 2011. Using pegmatite geochronology to constrain temporal events in the Adirondack Mountains. Geosphere, 7(1), 23-39. doi:10.1130/GES00596.1 [Table 1 p. 25 (Best age, 2s); text p. 35; Fig. 6]"
Mineville Barton Hill Mine pegmatite (BH-1),949.0,10.0,10.0,U/Pb,Igneous Crystallization,"concordia age of younger zircon population (2 grains, 8 analyses; weighted mean 939+/-18 Ma, MSWD=0.15); authors interpret two populations both as crystallization ages",Zircon,LA-ICP-MS,Direct,Grenville Province,NY,44.0929,-73.5348,"Barton Hill Mine, Mineville (lat/long converted from DMS in text p. 35)","Adirondack Highlands (eastern), Mineville district",Plutonic,granitic pegmatite,"Lupulescu, M.V., Chiarenzelli, J.R., Pullen, A.T., Price, J.D., 2011. Using pegmatite geochronology to constrain temporal events in the Adirondack Mountains. Geosphere, 7(1), 23-39. doi:10.1130/GES00596.1 [Table 1 p. 25 (Best age, 2s); text p. 35; Fig. 6]"
Mineville Barton Hill Mine pegmatite (BH-2),1039.0,11.0,11.0,U/Pb,Igneous Crystallization,"concordia age of older zircon population (single grain, 10 analyses; weighted mean 1034+/-29 Ma, MSWD=0.08)",Zircon,LA-ICP-MS,Direct,Grenville Province,NY,44.0929,-73.5348,"Barton Hill Mine, Mineville (lat/long converted from DMS in text p. 35)","Adirondack Highlands (eastern), Mineville district",Plutonic,granitic pegmatite,"Lupulescu, M.V., Chiarenzelli, J.R., Pullen, A.T., Price, J.D., 2011. Using pegmatite geochronology to constrain temporal events in the Adirondack Mountains. Geosphere, 7(1), 23-39. doi:10.1130/GES00596.1 [Table 1 p. 25 (Best age, 2s); text p. 35; Fig. 6]"
Crown Point pegmatite,1024.8,2.8,2.8,U/Pb,Igneous Crystallization,"concordia age, MSWD=0.07; weighted mean 1022+/-18 Ma; upper intercept 1023+/-23 Ma",Zircon,LA-ICP-MS,Direct,Grenville Province,NY,43.924,-73.4391,Crown Point pegmatite (lat/long converted from DMS in text p. 35),Adirondack Highlands (eastern),Plutonic,granitic pegmatite,"Lupulescu, M.V., Chiarenzelli, J.R., Pullen, A.T., Price, J.D., 2011. Using pegmatite geochronology to constrain temporal events in the Adirondack Mountains. Geosphere, 7(1), 23-39. doi:10.1130/GES00596.1 [Table 1 p. 25 (Best age, 2s); text p. 35; Fig. 5]"
Lewis Quarry pegmatite,1003.0,5.2,5.2,U/Pb,Igneous Crystallization,"concordia age, MSWD=0.39; weighted mean 207Pb/206Pb 991+/-12 Ma; upper intercept 995+/-3.4 Ma",Zircon,LA-ICP-MS,Direct,Grenville Province,NY,,,"Lewis Quarry pegmatite (wollastonite quarry, Lewis); printed coordinates N 41deg17'51.2"", W 74deg3'56.1"" (appear erroneous for Lewis, NY; not converted)",Adirondack Highlands (eastern),Plutonic,granitic pegmatite,"Lupulescu, M.V., Chiarenzelli, J.R., Pullen, A.T., Price, J.D., 2011. Using pegmatite geochronology to constrain temporal events in the Adirondack Mountains. Geosphere, 7(1), 23-39. doi:10.1130/GES00596.1 [Table 1 p. 25 (Best age, 2s); text p. 35; Fig. 6]"
Mayfield pegmatite,1009.0,22.0,22.0,U/Pb,Igneous Crystallization,"single concordant analysis (concordia age, MSWD=0.09); upper intercept 986+/-53 Ma",Zircon,LA-ICP-MS,Direct,Grenville Province,NY,43.1732,-74.2578,Mayfield pegmatite (lat/long converted from DMS in text p. 35),Adirondack Highlands (southern),Plutonic,granitic pegmatite,"Lupulescu, M.V., Chiarenzelli, J.R., Pullen, A.T., Price, J.D., 2011. Using pegmatite geochronology to constrain temporal events in the Adirondack Mountains. Geosphere, 7(1), 23-39. doi:10.1130/GES00596.1 [Table 1 p. 25 (Best age, 2s); text p. 35-36; Fig. 6]"
AM-87-12,1321.0,60.0,60.0,U/Pb,Igneous Crystallization,"upper intercept; preliminary, poorly constrained crystallization age (text p. 921); sample no. 1",Zircon,TIMS,Direct,Grenville Province,NY,,,South Bay (Fig. 1 loc. 1),Adirondack Highlands,Plutonic,tonalitic gneiss (metatonalite),"McLelland, J., Chiarenzelli, J., Whitney, P., Isachsen, Y., 1988. U-Pb zircon geochronology of the Adirondack Mountains and implications for their geologic evolution. Geology, 16, 920-924. doi:10.1130/0091-7613(1988)016<0920:UPZGOT>2.3.CO;2 [Table 1, p. 921; text p. 921]"
AM-86-12,1301.0,,,U/Pb,Igneous Crystallization,minimum protolith age = oldest 207Pb/206Pb age of an air-abraded fraction; metamorphic overgrowth precludes crystallization age; no error given; sample no. 2,Zircon,TIMS,Minimum Direct,Grenville Province,NY,,,Canada Lake (Fig. 1 loc. 2),Adirondack Highlands,Plutonic,tonalitic gneiss (metatonalite),"McLelland, J., Chiarenzelli, J., Whitney, P., Isachsen, Y., 1988. U-Pb zircon geochronology of the Adirondack Mountains and implications for their geologic evolution. Geology, 16, 920-924. doi:10.1130/0091-7613(1988)016<0920:UPZGOT>2.3.CO;2 [Table 1, p. 921; text p. 921]"
AM-86-15,1147.0,10.0,10.0,U/Pb,Igneous Crystallization,upper intercept (multigrain TIMS; text p. 920: upper intercept ages interpreted as igneous crystallization ages); sample no. 4,Zircon,TIMS,Direct,Grenville Province,NY,,,Stark complex (Fig. 1 loc. 4),"Adirondack Highlands, Stark complex",Plutonic,mangeritic and charnockitic gneiss,"McLelland, J., Chiarenzelli, J., Whitney, P., Isachsen, Y., 1988. U-Pb zircon geochronology of the Adirondack Mountains and implications for their geologic evolution. Geology, 16, 920-924. doi:10.1130/0091-7613(1988)016<0920:UPZGOT>2.3.CO;2 [Table 1, p. 921; text p. 922]"
AC-85-6,1134.0,4.0,4.0,U/Pb,Igneous Crystallization,upper intercept (multigrain TIMS; text p. 920: upper intercept ages interpreted as igneous crystallization ages); sample no. 5; Tupper-Saranac complex,Zircon,TIMS,Direct,Grenville Province,NY,,,Tupper Lake (Fig. 1 loc. 5),"Adirondack Highlands, Tupper-Saranac complex",Plutonic,mangeritic and charnockitic gneiss,"McLelland, J., Chiarenzelli, J., Whitney, P., Isachsen, Y., 1988. U-Pb zircon geochronology of the Adirondack Mountains and implications for their geologic evolution. Geology, 16, 920-924. doi:10.1130/0091-7613(1988)016<0920:UPZGOT>2.3.CO;2 [Table 1, p. 921; text p. 922]"
AM-86-17,1156.0,8.0,8.0,U/Pb,Igneous Crystallization,upper intercept (multigrain TIMS; text p. 920: upper intercept ages interpreted as igneous crystallization ages); sample no. 6,Zircon,TIMS,Direct,Grenville Province,NY,,,Rooster Hill (Fig. 1 loc. 6),Adirondack Highlands,Plutonic,older hornblende granitic gneiss,"McLelland, J., Chiarenzelli, J., Whitney, P., Isachsen, Y., 1988. U-Pb zircon geochronology of the Adirondack Mountains and implications for their geologic evolution. Geology, 16, 920-924. doi:10.1130/0091-7613(1988)016<0920:UPZGOT>2.3.CO;2 [Table 1, p. 921]"
AM-86-9,1150.0,5.0,5.0,U/Pb,Igneous Crystallization,upper intercept (multigrain TIMS; text p. 920: upper intercept ages interpreted as igneous crystallization ages); sample no. 7,Zircon,TIMS,Direct,Grenville Province,NY,,,Piseco dome/anticline (Fig. 1 loc. 7),"Adirondack Highlands, Piseco dome",Plutonic,older hornblende granitic gneiss (pink),"McLelland, J., Chiarenzelli, J., Whitney, P., Isachsen, Y., 1988. U-Pb zircon geochronology of the Adirondack Mountains and implications for their geologic evolution. Geology, 16, 920-924. doi:10.1130/0091-7613(1988)016<0920:UPZGOT>2.3.CO;2 [Table 1, p. 921; text p. 922]"
AC-85-2,1146.0,5.0,5.0,U/Pb,Igneous Crystallization,upper intercept (multigrain TIMS; text p. 920: upper intercept ages interpreted as igneous crystallization ages); sample no. 8,Zircon,TIMS,Direct,Grenville Province,NY,,,near Oswegatchie (Fig. 1 loc. 8),Adirondack Highlands,Plutonic,older hornblende granitic gneiss (fluorite-bearing granite),"McLelland, J., Chiarenzelli, J., Whitney, P., Isachsen, Y., 1988. U-Pb zircon geochronology of the Adirondack Mountains and implications for their geologic evolution. Geology, 16, 920-924. doi:10.1130/0091-7613(1988)016<0920:UPZGOT>2.3.CO;2 [Table 1, p. 921; text p. 922]"
AM-86-3,1100.0,12.0,12.0,U/Pb,Igneous Crystallization,upper intercept (multigrain TIMS; text p. 920: upper intercept ages interpreted as igneous crystallization ages); sample no. 9,Zircon,TIMS,Direct,Grenville Province,NY,,,Carry Falls (Fig. 1 loc. 9),Adirondack Highlands,Plutonic,younger hornblende granitic gneiss,"McLelland, J., Chiarenzelli, J., Whitney, P., Isachsen, Y., 1988. U-Pb zircon geochronology of the Adirondack Mountains and implications for their geologic evolution. Geology, 16, 920-924. doi:10.1130/0091-7613(1988)016<0920:UPZGOT>2.3.CO;2 [Table 1, p. 921]"
AM-86-6,1098.0,4.0,4.0,U/Pb,Igneous Crystallization,upper intercept (multigrain TIMS; text p. 920: upper intercept ages interpreted as igneous crystallization ages); sample no. 10,Zircon,TIMS,Direct,Grenville Province,NY,,,Tupper Lake (Fig. 1 loc. 10),Adirondack Highlands,Plutonic,younger hornblende granitic gneiss,"McLelland, J., Chiarenzelli, J., Whitney, P., Isachsen, Y., 1988. U-Pb zircon geochronology of the Adirondack Mountains and implications for their geologic evolution. Geology, 16, 920-924. doi:10.1130/0091-7613(1988)016<0920:UPZGOT>2.3.CO;2 [Table 1, p. 921]"
NoFo-1,1095.0,5.0,5.0,U/Pb,Igneous Crystallization,"upper intercept of one of several zircon populations; sample contains elongate grains with 207Pb/206Pb ages as old as 1155 Ma, possibly xenocrystic (Table 1 footnote: 1155 Ma xenocrysts); sample no. 11",Zircon,TIMS,Direct,Grenville Province,NY,,,Stillwater (Fig. 1 loc. 11),Adirondack Highlands,Plutonic,younger hornblende granitic gneiss,"McLelland, J., Chiarenzelli, J., Whitney, P., Isachsen, Y., 1988. U-Pb zircon geochronology of the Adirondack Mountains and implications for their geologic evolution. Geology, 16, 920-924. doi:10.1130/0091-7613(1988)016<0920:UPZGOT>2.3.CO;2 [Table 1, p. 921; text p. 922]"
AM-86-4,1075.0,17.0,17.0,U/Pb,Igneous Crystallization,upper intercept (multigrain TIMS; text p. 920: upper intercept ages interpreted as igneous crystallization ages); air-abraded fractions ~ identical to bulk; sample no. 12,Zircon,TIMS,Direct,Grenville Province,NY,,,near Tupper Lake (Fig. 1 loc. 12),Adirondack Highlands,Plutonic,alaskitic gneiss (pink leucogranitic gneiss),"McLelland, J., Chiarenzelli, J., Whitney, P., Isachsen, Y., 1988. U-Pb zircon geochronology of the Adirondack Mountains and implications for their geologic evolution. Geology, 16, 920-924. doi:10.1130/0091-7613(1988)016<0920:UPZGOT>2.3.CO;2 [Table 1, p. 921; text p. 922]"
AM-86-10,1073.0,6.0,6.0,U/Pb,Igneous Crystallization,upper intercept (multigrain TIMS; text p. 920: upper intercept ages interpreted as igneous crystallization ages); sample no. 13,Zircon,TIMS,Direct,Grenville Province,NY,,,Dannemora (Fig. 1 loc. 13),Adirondack Highlands,Plutonic,alaskitic gneiss (leucogranitic gneiss),"McLelland, J., Chiarenzelli, J., Whitney, P., Isachsen, Y., 1988. U-Pb zircon geochronology of the Adirondack Mountains and implications for their geologic evolution. Geology, 16, 920-924. doi:10.1130/0091-7613(1988)016<0920:UPZGOT>2.3.CO;2 [Table 1, p. 921; text p. 922]"
AM-86-14,1057.0,10.0,10.0,U/Pb,Igneous Crystallization,upper intercept (multigrain TIMS; text p. 920: upper intercept ages interpreted as igneous crystallization ages); sample no. 14,Zircon,TIMS,Direct,Grenville Province,NY,,,Ausable Forks (Fig. 1 loc. 14),Adirondack Highlands,Plutonic,alaskitic gneiss (leucogranitic gneiss),"McLelland, J., Chiarenzelli, J., Whitney, P., Isachsen, Y., 1988. U-Pb zircon geochronology of the Adirondack Mountains and implications for their geologic evolution. Geology, 16, 920-924. doi:10.1130/0091-7613(1988)016<0920:UPZGOT>2.3.CO;2 [Table 1, p. 921; text p. 922]"
AC-85-8,1054.0,20.0,20.0,U/Pb,Metamorphic,nearly concordant small equant low-U zircon interpreted as metamorphic in origin; sample no. 15,Zircon,TIMS,Direct,Grenville Province,NY,,,Saranac Lake (Fig. 1 loc. 15),"Adirondack Highlands, Marcy anorthosite massif",Plutonic,anorthosite (massif anorthosite),"McLelland, J., Chiarenzelli, J., Whitney, P., Isachsen, Y., 1988. U-Pb zircon geochronology of the Adirondack Mountains and implications for their geologic evolution. Geology, 16, 920-924. doi:10.1130/0091-7613(1988)016<0920:UPZGOT>2.3.CO;2 [Table 1, p. 921; text p. 922]"
AC-85-7,1050.0,20.0,20.0,U/Pb,Metamorphic,nearly concordant small equant low-U zircon interpreted as metamorphic in origin; sample no. 16,Zircon,TIMS,Direct,Grenville Province,NY,,,Saranac Lake (Fig. 1 loc. 16),"Adirondack Highlands, Marcy anorthosite massif",Plutonic,anorthosite (massif anorthosite),"McLelland, J., Chiarenzelli, J., Whitney, P., Isachsen, Y., 1988. U-Pb zircon geochronology of the Adirondack Mountains and implications for their geologic evolution. Geology, 16, 920-924. doi:10.1130/0091-7613(1988)016<0920:UPZGOT>2.3.CO;2 [Table 1, p. 921; text p. 922]"
AC-85-7,1086.0,6.0,6.0,U/Pb,Igneous Crystallization,slightly discordant 207Pb/206Pb age of baddeleyite (1 mg); minimum emplacement age of anorthosite (Table 1 footnote '>1086 +/-6 Ma'); sample no. 16,Baddeleyite,TIMS,Minimum Direct,Grenville Province,NY,,,Saranac Lake (Fig. 1 loc. 16),"Adirondack Highlands, Marcy anorthosite massif",Plutonic,anorthosite (massif anorthosite),"McLelland, J., Chiarenzelli, J., Whitney, P., Isachsen, Y., 1988. U-Pb zircon geochronology of the Adirondack Mountains and implications for their geologic evolution. Geology, 16, 920-924. doi:10.1130/0091-7613(1988)016<0920:UPZGOT>2.3.CO;2 [Table 1 footnote, p. 921; text p. 922]"
AC-85-9,996.0,6.0,6.0,U/Pb,Metamorphic,sparse anhedral low-U zircon interpreted as metamorphic; Table 1 gives 996 +/-6 but text p. 922 gives 993 +/-6 Ma; sample no. 17,Zircon,TIMS,Direct,Grenville Province,NY,,,Saranac Lake (Fig. 1 loc. 17),"Adirondack Highlands, Marcy anorthosite massif",Plutonic,oxide-rich metagabbro,"McLelland, J., Chiarenzelli, J., Whitney, P., Isachsen, Y., 1988. U-Pb zircon geochronology of the Adirondack Mountains and implications for their geologic evolution. Geology, 16, 920-924. doi:10.1130/0091-7613(1988)016<0920:UPZGOT>2.3.CO;2 [Table 1, p. 921; text p. 922]"
AM-87-11,1144.0,7.0,7.0,U/Pb,Igneous Crystallization,upper intercept; elongate high-U zircons; coronitic olivine metagabbro with garnet-sillimanite gneiss xenoliths; sample no. 18,Zircon,TIMS,Direct,Grenville Province,NY,,,Dresden Station (Fig. 1 loc. 18),Adirondack Highlands,Plutonic,xenolith-bearing coronitic olivine metagabbro,"McLelland, J., Chiarenzelli, J., Whitney, P., Isachsen, Y., 1988. U-Pb zircon geochronology of the Adirondack Mountains and implications for their geologic evolution. Geology, 16, 920-924. doi:10.1130/0091-7613(1988)016<0920:UPZGOT>2.3.CO;2 [Table 1, p. 921; text p. 922]"
AM-86-16,1415.0,6.0,6.0,U/Pb,Igneous Crystallization,upper intercept (multigrain TIMS; text p. 920: upper intercept ages interpreted as igneous crystallization ages); emplacement age (quartzite xenolith zircons >=1665 Ma rule out xenocrysts); sample no. 19,Zircon,TIMS,Direct,Grenville Province,NY,,,"Wellesley Island, St. Lawrence River (Fig. 1 loc. 19)",Adirondack Lowlands,Plutonic,leucogranitic gneiss,"McLelland, J., Chiarenzelli, J., Whitney, P., Isachsen, Y., 1988. U-Pb zircon geochronology of the Adirondack Mountains and implications for their geologic evolution. Geology, 16, 920-924. doi:10.1130/0091-7613(1988)016<0920:UPZGOT>2.3.CO;2 [Table 1, p. 921; text p. 922]"
AC-85-4,1284.0,7.0,7.0,U/Pb,Igneous Crystallization,upper intercept; sample no. 20,Zircon,TIMS,Direct,Grenville Province,NY,,,Gouverneur dome (Fig. 1 loc. 20),"Adirondack Lowlands, Gouverneur dome",Plutonic,alaskitic gneiss (alaskitic leucogneiss),"McLelland, J., Chiarenzelli, J., Whitney, P., Isachsen, Y., 1988. U-Pb zircon geochronology of the Adirondack Mountains and implications for their geologic evolution. Geology, 16, 920-924. doi:10.1130/0091-7613(1988)016<0920:UPZGOT>2.3.CO;2 [Table 1, p. 921; text p. 922]"
AM-87-1,1160.0,,,U/Pb,Igneous Crystallization,"preliminary emplacement age, no error given (Table 1 footnote **); sample no. 21; locality is in Ontario (Highway 2, 8.2 km E of Gananoque) though grouped with Lowlands",Zircon,TIMS,Direct,Grenville Province,ON,,,"Ontario Highway 2, 8.2 km east of Gananoque","Adirondack Lowlands (Frontenac arch, Ontario)",Plutonic,granitic gneiss (younger leucogranitic gneiss),"McLelland, J., Chiarenzelli, J., Whitney, P., Isachsen, Y., 1988. U-Pb zircon geochronology of the Adirondack Mountains and implications for their geologic evolution. Geology, 16, 920-924. doi:10.1130/0091-7613(1988)016<0920:UPZGOT>2.3.CO;2 [Table 1 and footnote, p. 921; text p. 922]"
AM-87-3,1137.0,1.0,1.0,U/Pb,Cooling,concordant 207Pb/206Pb monazite age (Table 1 footnote ††); authors give no explicit interpretation of the monazite age (zircon preliminary emplacement ~1160 Ma); sample no. 22,Monazite,TIMS,Direct,Grenville Province,NY,,,North Hammond (Fig. 1 loc. 22),Adirondack Lowlands,Plutonic,granitic gneiss (younger leucogranitic gneiss),"McLelland, J., Chiarenzelli, J., Whitney, P., Isachsen, Y., 1988. U-Pb zircon geochronology of the Adirondack Mountains and implications for their geologic evolution. Geology, 16, 920-924. doi:10.1130/0091-7613(1988)016<0920:UPZGOT>2.3.CO;2 [Table 1, p. 921; text p. 922]"
CGAB,1109.0,,,U/Pb,Igneous Crystallization,minimum 207Pb/206Pb age (Tc) of slightly discordant baddeleyite; minimum intrusion age of crosscutting metagabbro and hence of Marcy anorthosite (>1109 Ma),Baddeleyite,TIMS,Minimum Direct,Grenville Province,NY,,,"north of Schroon Lake, southern Marcy massif (locality 1, Figs. 1, 8)","Adirondack Highlands, Marcy anorthosite massif",Plutonic,coronitic olivine metagabbro (crosscuts Marcy anorthosite),"McLelland, J.M., Chiarenzelli, J., 1990. Isotopic constraints on emplacement age of anorthositic rocks of the Marcy massif, Adirondack Mts., New York. Journal of Geology, 98, 19-41. doi:10.1086/629372 [Table 2, p. 32-33 (no. 1); text p. 30]"
CGAB,1057.0,,,U/Pb,Metamorphic,concordant age of small equant metamorphic zircon (NM(-2) 207Pb/206Pb = 1057); corresponds to peak granulite facies (Ottawan); no error given,Zircon,TIMS,Direct,Grenville Province,NY,,,"north of Schroon Lake, southern Marcy massif (locality 1, Figs. 1, 8)","Adirondack Highlands, Marcy anorthosite massif",Plutonic,coronitic olivine metagabbro (crosscuts Marcy anorthosite),"McLelland, J.M., Chiarenzelli, J., 1990. Isotopic constraints on emplacement age of anorthositic rocks of the Marcy massif, Adirondack Mts., New York. Journal of Geology, 98, 19-41. doi:10.1086/629372 [Table 2, p. 32-33 (no. 1); text p. 30; Fig. 7c]"
AC-85-7,1087.0,,,U/Pb,Igneous Crystallization,slightly discordant 207Pb/206Pb age of baddeleyite (Tc > 1087); minimum emplacement age of Marcy anorthosite; Fig. 7a caption gives 1083; same sample reported as 1086 +/-6 in McLelland et al. 1988,Baddeleyite,TIMS,Minimum Direct,Grenville Province,NY,,,"Rt. 3, Upper Saranac Lake (Table 2)","Adirondack Highlands, Marcy anorthosite massif",Plutonic,anorthosite,"McLelland, J.M., Chiarenzelli, J., 1990. Isotopic constraints on emplacement age of anorthositic rocks of the Marcy massif, Adirondack Mts., New York. Journal of Geology, 98, 19-41. doi:10.1086/629372 [Table 2, p. 32-33 (no. 2); text p. 30]"
AC-85-7,1052.0,20.0,20.0,U/Pb,Metamorphic,"upper intercept (Tm), 5 zircon fractions incl. air-abraded; L.I. 580 +/-210; zircons nearly concordant, mostly metamorphic; Table 2 gives Tm = 1052 ± 20, text p.30 and Fig. 7a caption give 1052 ± 22",Zircon,TIMS,Direct,Grenville Province,NY,,,"Rt. 3, Upper Saranac Lake (Table 2)","Adirondack Highlands, Marcy anorthosite massif",Plutonic,anorthosite,"McLelland, J.M., Chiarenzelli, J., 1990. Isotopic constraints on emplacement age of anorthositic rocks of the Marcy massif, Adirondack Mts., New York. Journal of Geology, 98, 19-41. doi:10.1086/629372 [Table 2, p. 32-33 (no. 2); text p. 30]"
AC-85-8,1113.0,,,U/Pb,Igneous Crystallization,207Pb/206Pb age of air-abraded zircon cores (+200aa; Tc > 1113); minimum crystallization age of anorthosite,Zircon,TIMS,Minimum Direct,Grenville Province,NY,,,"Rt. 3, Saranac Lake (Table 2)","Adirondack Highlands, Marcy anorthosite massif",Plutonic,anorthosite,"McLelland, J.M., Chiarenzelli, J., 1990. Isotopic constraints on emplacement age of anorthositic rocks of the Marcy massif, Adirondack Mts., New York. Journal of Geology, 98, 19-41. doi:10.1086/629372 [Table 2, p. 32-33 (no. 3); text p. 30]"
AC-85-8,1054.0,20.0,20.0,U/Pb,Metamorphic,upper intercept (Tm) of bulk zircon chord; L.I. 270 +/-240; metamorphic zircon grown during ~1050 Ma granulite facies metamorphism,Zircon,TIMS,Direct,Grenville Province,NY,,,"Rt. 3, Saranac Lake (Table 2)","Adirondack Highlands, Marcy anorthosite massif",Plutonic,anorthosite,"McLelland, J.M., Chiarenzelli, J., 1990. Isotopic constraints on emplacement age of anorthositic rocks of the Marcy massif, Adirondack Mts., New York. Journal of Geology, 98, 19-41. doi:10.1086/629372 [Table 2, p. 32-33 (no. 3); text p. 30]"
AC-85-6,1133.6,3.7,3.7,U/Pb,Igneous Crystallization,"upper intercept (Tm), 4 fractions; L.I. 246 +/-10; quoted as 1134 +/-4 in text (p. 31, 36) and McLelland et al. 1988",Zircon,TIMS,Direct,Grenville Province,NY,,,"Rt. 30, Tupper Lake (locality 4, Fig. 1)","Adirondack Highlands, Tupper-Saranac complex",Plutonic,mangerite (quartz-mangerite),"McLelland, J.M., Chiarenzelli, J., 1990. Isotopic constraints on emplacement age of anorthositic rocks of the Marcy massif, Adirondack Mts., New York. Journal of Geology, 98, 19-41. doi:10.1086/629372 [Table 2, p. 32-33 (no. 4); text p. 31, 36]"
AC-85-11,1143.0,31.0,31.0,U/Pb,Igneous Crystallization,upper intercept (Tm) of 3 fractions of elongate (ELON) high-U zircon population; L.I. 267 +/-33; minimum age of Marcy massif which it crosscuts,Zircon,TIMS,Direct,Grenville Province,NY,,,"Yard Hill (locality 5, Fig. 1)","Adirondack Highlands, Marcy anorthosite massif",Plutonic,jotunite gneiss (with anorthosite xenoliths and andesine xenocrysts),"McLelland, J.M., Chiarenzelli, J., 1990. Isotopic constraints on emplacement age of anorthositic rocks of the Marcy massif, Adirondack Mts., New York. Journal of Geology, 98, 19-41. doi:10.1086/629372 [Table 2, p. 32-33 (no. 5); text p. 31]"
AC-85-11,1029.0,,,U/Pb,Metamorphic,"small, round, clear metamorphic zircons falling on concordia at 1029 Ma; no error given",Zircon,TIMS,Direct,Grenville Province,NY,,,"Yard Hill (locality 5, Fig. 1)","Adirondack Highlands, Marcy anorthosite massif",Plutonic,jotunite gneiss,"McLelland, J.M., Chiarenzelli, J., 1990. Isotopic constraints on emplacement age of anorthositic rocks of the Marcy massif, Adirondack Mts., New York. Journal of Geology, 98, 19-41. doi:10.1086/629372 [Table 2, p. 32-33 (no. 5); text p. 31]"
9-23-85-7,1125.2,9.5,9.5,U/Pb,Igneous Crystallization,"upper intercept (Tm), 3 fractions; L.I. 240 +/-110; quoted as 1125 +/-10 in text; intruded by gabbroic anorthosite sheets (maximum age of anorthosite sheets)",Zircon,TIMS,Direct,Grenville Province,NY,,,"Schroon Lake (locality 6, Figs. 1, 8)",Adirondack Highlands,Plutonic,granitic gneiss (grades into charnockite),"McLelland, J.M., Chiarenzelli, J., 1990. Isotopic constraints on emplacement age of anorthositic rocks of the Marcy massif, Adirondack Mts., New York. Journal of Geology, 98, 19-41. doi:10.1086/629372 [Table 2, p. 32-33 (no. 6); text p. 31, 36]"
AC-85-10,1135.0,45.0,45.0,U/Pb,Igneous Crystallization,"upper intercept (Tm), 5 fractions; L.I. 767 +/-144; Table 2 gives +/-45 but text (p. 31, 36) and Fig. 9a give 1135 +/-43",Zircon,TIMS,Direct,Grenville Province,NY,,,"Bloomingdales (locality 7, Fig. 1)",Adirondack Highlands,Plutonic,pyroxene syenite (mafic mangerite),"McLelland, J.M., Chiarenzelli, J., 1990. Isotopic constraints on emplacement age of anorthositic rocks of the Marcy massif, Adirondack Mts., New York. Journal of Geology, 98, 19-41. doi:10.1086/629372 [Table 2, p. 32-33 (no. 7); text p. 31, 36; Fig. 9a]"
AM-87-10,1138.0,218.0,218.0,U/Pb,Igneous Crystallization,poorly constrained upper intercept (Tm) of 4 slightly discordant fractions; L.I. 884 +/-284; minimum Pb/Pb age (Tc) > 1082 Ma,Zircon,TIMS,Direct,Grenville Province,NY,,,Minerva (Fig. 8),Adirondack Highlands,Plutonic,andesine-bearing mangerite,"McLelland, J.M., Chiarenzelli, J., 1990. Isotopic constraints on emplacement age of anorthositic rocks of the Marcy massif, Adirondack Mts., New York. Journal of Geology, 98, 19-41. doi:10.1086/629372 [Table 2, p. 32-33 (no. 8); text p. 36]"
BMH-01-02,1157.0,10.0,10.0,U/Pb,Igneous Crystallization,"weighted mean 207Pb/206Pb SHRIMP, n=12 (10 large igneous grains + 2 small core-free grains), preferred emplacement age; igneous grains alone 1160 +/-15 (n=10, MSWD=0.52, prob=0.86; Fig. 4A, Fig. 11)",Zircon,SHRIMP,Direct,Grenville Province,NY,,,"N side of Essex County Rd 2 (Boreas/Blue Ridge Road), 3 mi E of Lester Dam trailhead, 6.9 mi E of junction with Rt. 28N (loc. u, Fig. 2); locality from Data Repository 2004168 Appendix","Adirondack Highlands, Marcy anorthosite massif (southern)",Plutonic,coarse-grained Marcy-facies anorthosite (~15% mafics),"McLelland, J.M., Bickford, M.E., Hill, B.M., Clechenko, C.C., Valley, J.W., Hamilton, M.A., 2004. Direct dating of Adirondack massif anorthosite by U-Pb SHRIMP analysis of igneous zircon: Implications for AMCG complexes. Geological Society of America Bulletin, 116, 1299-1317. doi:10.1130/B25482.1 [text p. 1306-1307; Fig. 4A; Table DR1]"
BMH-01-04,1160.0,13.0,13.0,U/Pb,Igneous Crystallization,"weighted mean 207Pb/206Pb SHRIMP, n=9 oldest, MSWD=0.64, prob=0.74",Zircon,SHRIMP,Direct,Grenville Province,NY,,,"riverbed, East Branch Ausable River at Jay, N of Mill Road bridge (loc. j, Fig. 2); locality from Data Repository 2004168 Appendix","Adirondack Highlands, Marcy anorthosite massif (northeastern)",Plutonic,pegmatitic mafic (gabbroic) anorthosite,"McLelland, J.M., Bickford, M.E., Hill, B.M., Clechenko, C.C., Valley, J.W., Hamilton, M.A., 2004. Direct dating of Adirondack massif anorthosite by U-Pb SHRIMP analysis of igneous zircon: Implications for AMCG complexes. Geological Society of America Bulletin, 116, 1299-1317. doi:10.1130/B25482.1 [text p. 1307; Fig. 4C; Table DR1]"
BMH-01-05,1154.0,20.0,20.0,U/Pb,Igneous Crystallization,"weighted mean 207Pb/206Pb SHRIMP, n=9 oldest, MSWD=0.91, prob=0.51 (text p. 1308); Fig. 5A and Fig. 11 give 1155 +/-10 Ma with same MSWD/prob",Zircon,SHRIMP,Direct,Grenville Province,NY,,,"N shoulder of NY Rt. 3 directly E of Middle Saranac Lake, 3 mi E of Bartlett Carry Road (loc. v, Fig. 2); locality from Data Repository 2004168 Appendix","Adirondack Highlands, Marcy anorthosite massif (northern)",Plutonic,coarse blue-gray anorthosite (>90% plagioclase),"McLelland, J.M., Bickford, M.E., Hill, B.M., Clechenko, C.C., Valley, J.W., Hamilton, M.A., 2004. Direct dating of Adirondack massif anorthosite by U-Pb SHRIMP analysis of igneous zircon: Implications for AMCG complexes. Geological Society of America Bulletin, 116, 1299-1317. doi:10.1130/B25482.1 [text p. 1307-1308; Fig. 5A; Fig. 11; Table DR1]"
AC85-8,1149.0,35.0,35.0,U/Pb,Igneous Crystallization,"weighted mean 207Pb/206Pb SHRIMP, n=6 tightly clustered points (1123-1188 Ma), MSWD=0.34, prob=0.89; same sample as TIMS AC-85-8 of McLelland & Chiarenzelli 1990",Zircon,SHRIMP,Direct,Grenville Province,NY,,,"N side of Route 3, 1 mi W of turn-off to Corey's, 2.2 mi E of junction of Routes 3 and 30, Upper Saranac Lake (loc. w, Fig. 2); locality from Data Repository 2004168 Appendix","Adirondack Highlands, Marcy anorthosite massif (northwestern)",Plutonic,coarse blue-gray anorthosite (~90% andesine),"McLelland, J.M., Bickford, M.E., Hill, B.M., Clechenko, C.C., Valley, J.W., Hamilton, M.A., 2004. Direct dating of Adirondack massif anorthosite by U-Pb SHRIMP analysis of igneous zircon: Implications for AMCG complexes. Geological Society of America Bulletin, 116, 1299-1317. doi:10.1130/B25482.1 [text p. 1308; Fig. 5B; Table DR1]"
BMH-01-09,1159.0,12.0,12.0,U/Pb,Igneous Crystallization,"weighted mean 207Pb/206Pb SHRIMP, n=9 oldest >95% concordant, MSWD=0.75, prob=0.65",Zircon,SHRIMP,Direct,Grenville Province,NY,,,"NW side of NY Routes 8-30, 5 mi S of Speculator, 3 mi N of southern junction of Routes 8 and 30 (loc. c, Fig. 2); locality from Data Repository 2004168 Appendix","Adirondack Highlands, Oregon Dome anorthosite massif",Plutonic,coarse Marcy-facies anorthosite,"McLelland, J.M., Bickford, M.E., Hill, B.M., Clechenko, C.C., Valley, J.W., Hamilton, M.A., 2004. Direct dating of Adirondack massif anorthosite by U-Pb SHRIMP analysis of igneous zircon: Implications for AMCG complexes. Geological Society of America Bulletin, 116, 1299-1317. doi:10.1130/B25482.1 [text p. 1308-1309; Fig. 5C; Table DR1]"
BMH-01-11,1165.0,26.0,26.0,U/Pb,Igneous Crystallization,"single concordant 207Pb/206Pb SHRIMP analysis of featureless grain center (spot 27.1, 1164.7 +/-12.7 Ma 1 sigma in Table DR1), n=1; emplacement of Tahawus anorthosite and Fe-Ti ores; [audit 2026-10: published 1σ errors converted to 2σ (x2)]",Zircon,SHRIMP,Direct,Grenville Province,NY,,,"boulders at Tahawus open-pit mine entrance road off Essex County Rd 25, 8.2 mi N of junction with County Rd 2 (loc. T, Fig. 2); locality from Data Repository 2004168 Appendix","Adirondack Highlands, Marcy anorthosite massif (south-central, Tahawus)",Plutonic,coarse ore-bearing (magnetite-ilmenite) anorthosite,"McLelland, J.M., Bickford, M.E., Hill, B.M., Clechenko, C.C., Valley, J.W., Hamilton, M.A., 2004. Direct dating of Adirondack massif anorthosite by U-Pb SHRIMP analysis of igneous zircon: Implications for AMCG complexes. Geological Society of America Bulletin, 116, 1299-1317. doi:10.1130/B25482.1 [text p. 1309; Fig. 6A; Table DR1]"
BMH-01-11,1021.0,22.0,22.0,U/Pb,Metamorphic,"weighted mean 207Pb/206Pb SHRIMP of 7 most concordant (>95%) younger grains, MSWD=1.03, prob=0.40; interpreted as zircon crystallized during Ottawan orogeny from Zr released from Fe-Ti oxides",Zircon,SHRIMP,Direct,Grenville Province,NY,,,"boulders at Tahawus open-pit mine entrance road off Essex County Rd 25, 8.2 mi N of junction with County Rd 2 (loc. T, Fig. 2); locality from Data Repository 2004168 Appendix","Adirondack Highlands, Marcy anorthosite massif (south-central, Tahawus)",Plutonic,coarse ore-bearing (magnetite-ilmenite) anorthosite,"McLelland, J.M., Bickford, M.E., Hill, B.M., Clechenko, C.C., Valley, J.W., Hamilton, M.A., 2004. Direct dating of Adirondack massif anorthosite by U-Pb SHRIMP analysis of igneous zircon: Implications for AMCG complexes. Geological Society of America Bulletin, 116, 1299-1317. doi:10.1130/B25482.1 [text p. 1309]"
BMH-01-19,1155.0,11.0,11.0,U/Pb,Igneous Crystallization,"weighted mean 207Pb/206Pb SHRIMP of 10 least discordant older analyses, MSWD=0.64, prob=0.76 (text p. 1310); Fig. 6B inset gives MSWD=0.96, prob=0.89",Zircon,SHRIMP,Direct,Grenville Province,NY,,,"roadcut on Interstate 87 near Exit 30 (loc. x, Fig. 2); locality from Data Repository 2004168 Appendix","Adirondack Highlands, Marcy anorthosite massif (eastern)",Plutonic,coarse blue-gray anorthosite (>90% plagioclase),"McLelland, J.M., Bickford, M.E., Hill, B.M., Clechenko, C.C., Valley, J.W., Hamilton, M.A., 2004. Direct dating of Adirondack massif anorthosite by U-Pb SHRIMP analysis of igneous zircon: Implications for AMCG complexes. Geological Society of America Bulletin, 116, 1299-1317. doi:10.1130/B25482.1 [text p. 1309-1310; Fig. 6B; Table DR1]"
CGAB,1150.0,14.0,14.0,U/Pb,Igneous Crystallization,"weighted mean 207Pb/206Pb SHRIMP of oldest 6 grains >95% concordant, MSWD=0.17, prob=0.97 (text p. 1311, Fig. 6C); Fig. 11 and Discussion p. 1316 give 1153 +/-13 Ma; tortoise-shell zircons 1060-1030 Ma Ottawan metamorphic",Zircon,SHRIMP,Direct,Grenville Province,NY,,,"Route 9, 3 mi S of North Hudson (loc. h, Fig. 2); locality from Data Repository 2004168 Appendix","Adirondack Highlands, Marcy anorthosite massif",Plutonic,coronitic olivine metagabbro (intrusive into Marcy anorthosite),"McLelland, J.M., Bickford, M.E., Hill, B.M., Clechenko, C.C., Valley, J.W., Hamilton, M.A., 2004. Direct dating of Adirondack massif anorthosite by U-Pb SHRIMP analysis of igneous zircon: Implications for AMCG complexes. Geological Society of America Bulletin, 116, 1299-1317. doi:10.1130/B25482.1 [text p. 1310-1311; Fig. 6C; Table DR1]"
BMH-01E1,1153.0,9.0,9.0,U/Pb,Igneous Crystallization,"weighted mean 207Pb/206Pb SHRIMP of 10 oldest least discordant (<4%) analyses, MSWD=0.78, prob=0.64; excludes single 1184 +/-6 Ma spot on U-rich growth zone",Zircon,SHRIMP,Direct,Grenville Province,NY,,,"Woolen Mill, stream adjacent to Rt. 9N, 1.1 miles W of junction with Rt. 9, Elizabethtown (loc. i, Fig. 2); streambed ~70 m E of old dam site; locality from Data Repository 2004168 Appendix","Adirondack Highlands, Marcy anorthosite massif (northeastern, Woolen Mill)",Plutonic,pegmatitic gabbroic anorthosite,"McLelland, J.M., Bickford, M.E., Hill, B.M., Clechenko, C.C., Valley, J.W., Hamilton, M.A., 2004. Direct dating of Adirondack massif anorthosite by U-Pb SHRIMP analysis of igneous zircon: Implications for AMCG complexes. Geological Society of America Bulletin, 116, 1299-1317. doi:10.1130/B25482.1 [text p. 1311; Fig. 7A; Table DR1]"
BMH-01E2,1153.0,6.0,6.0,U/Pb,Igneous Crystallization,"weighted mean 207Pb/206Pb SHRIMP of oldest 13 (>98% concordant), MSWD=0.43, prob=0.94",Zircon,SHRIMP,Direct,Grenville Province,NY,,,"Woolen Mill, stream adjacent to Rt. 9N, 1.1 miles W of junction with Rt. 9, Elizabethtown (loc. i, Fig. 2); streambed a few meters from BMH-01E1; locality from Data Repository 2004168 Appendix","Adirondack Highlands, Marcy anorthosite massif (northeastern, Woolen Mill)",Plutonic,pegmatitic gabbroic anorthosite,"McLelland, J.M., Bickford, M.E., Hill, B.M., Clechenko, C.C., Valley, J.W., Hamilton, M.A., 2004. Direct dating of Adirondack massif anorthosite by U-Pb SHRIMP analysis of igneous zircon: Implications for AMCG complexes. Geological Society of America Bulletin, 116, 1299-1317. doi:10.1130/B25482.1 [text p. 1312; Fig. 7B; Table DR1]"
BMH-01E3,1157.0,9.0,9.0,U/Pb,Igneous Crystallization,"weighted mean 207Pb/206Pb SHRIMP of 11 oldest igneous-textured core/domain spots, MSWD=0.67, prob=0.75; excludes single 1198 +/-14 Ma core spot; low-U rims <=1061 Ma = Ottawan recrystallization/Pb loss",Zircon,SHRIMP,Direct,Grenville Province,NY,,,"Woolen Mill, stream adjacent to Rt. 9N, 1.1 miles W of junction with Rt. 9, Elizabethtown (loc. i, Fig. 2); roadcut of Woolen Mill Gabbro on S side of Rt. 9N; locality from Data Repository 2004168 Appendix","Adirondack Highlands, Marcy anorthosite massif (northeastern, Woolen Mill)",Plutonic,"ferrogabbro (Woolen Mill Gabbro, metamorphosed)","McLelland, J.M., Bickford, M.E., Hill, B.M., Clechenko, C.C., Valley, J.W., Hamilton, M.A., 2004. Direct dating of Adirondack massif anorthosite by U-Pb SHRIMP analysis of igneous zircon: Implications for AMCG complexes. Geological Society of America Bulletin, 116, 1299-1317. doi:10.1130/B25482.1 [text p. 1312; Fig. 7C; Table DR1]"
BMH-01E4,1140.0,18.0,18.0,U/Pb,Igneous Crystallization,"weighted mean 207Pb/206Pb SHRIMP of oldest 8, MSWD=0.18, prob=0.99 (text p. 1312, Fig. 11); Fig. 7D inset gives 1142 +/-18 Ma, MSWD=0.30, N=9",Zircon,SHRIMP,Direct,Grenville Province,NY,,,"Woolen Mill, stream adjacent to Rt. 9N, 1.1 miles W of junction with Rt. 9, Elizabethtown (loc. i, Fig. 2); dynamited outcrop at the old dam site; locality from Data Repository 2004168 Appendix","Adirondack Highlands, Marcy anorthosite massif (northeastern, Woolen Mill)",Plutonic,coarse-grained gabbroic (noritic) anorthosite,"McLelland, J.M., Bickford, M.E., Hill, B.M., Clechenko, C.C., Valley, J.W., Hamilton, M.A., 2004. Direct dating of Adirondack massif anorthosite by U-Pb SHRIMP analysis of igneous zircon: Implications for AMCG complexes. Geological Society of America Bulletin, 116, 1299-1317. doi:10.1130/B25482.1 [text p. 1312; Fig. 7D; Fig. 11; Table DR1]"
AC85-6,1170.0,8.0,8.0,U/Pb,Igneous Crystallization,"weighted mean 207Pb/206Pb SHRIMP of 7 most concordant (>96%), MSWD=0.67, prob=0.67; 4 more discordant analyses near 1200 Ma interpreted as inherited cores; Fig. 11 lists Tupper Lake 1170 +/-18; earlier TIMS 1134 +/-4",Zircon,SHRIMP,Direct,Grenville Province,NY,,,"E side of Route 30, 2.6 mi S of junction of Routes 30 and 3, Tupper Lake Village (Moody's) (loc. o, Fig. 2); locality from Data Repository 2004168 Appendix","Adirondack Highlands, Tupper Lake sheet (Tupper-Saranac complex)",Plutonic,mangerite,"McLelland, J.M., Bickford, M.E., Hill, B.M., Clechenko, C.C., Valley, J.W., Hamilton, M.A., 2004. Direct dating of Adirondack massif anorthosite by U-Pb SHRIMP analysis of igneous zircon: Implications for AMCG complexes. Geological Society of America Bulletin, 116, 1299-1317. doi:10.1130/B25482.1 [text p. 1312-1313; Fig. 9A; Table DR1]"
AC85-10,1164.0,15.0,15.0,U/Pb,Igneous Crystallization,"weighted mean 207Pb/206Pb SHRIMP of 9 oldest, most concordant (>95%), MSWD=0.94, prob=0.48 (text p. 1313); Fig. 9B and Fig. 11 give 1164 +/-13 Ma; inherited fragments 1237 +/-28 and 1204 +/-46 Ma; earlier TIMS 1135 +/-43",Zircon,SHRIMP,Direct,Grenville Province,NY,,,"N side of River Road, 4.8 mi SW of Franklin Falls, 2.5 mi E of junction with Route 3, Bloomingdale (loc. m, Fig. 2; 'k' in Fig. 11); locality from Data Repository 2004168 Appendix","Adirondack Highlands, Marcy massif margin transition zone (Keene gneiss)",Plutonic,mafic mangerite,"McLelland, J.M., Bickford, M.E., Hill, B.M., Clechenko, C.C., Valley, J.W., Hamilton, M.A., 2004. Direct dating of Adirondack massif anorthosite by U-Pb SHRIMP analysis of igneous zircon: Implications for AMCG complexes. Geological Society of America Bulletin, 116, 1299-1317. doi:10.1130/B25482.1 [text p. 1313; Fig. 9B; Table DR1]"
9-23-85-7,1167.0,9.0,9.0,U/Pb,Igneous Crystallization,"weighted mean 207Pb/206Pb SHRIMP of 13 oldest >95% concordant, MSWD=0.77, prob=0.68; earlier TIMS 1125 +/-10; Data Repository Appendix heading labels it 9-23-85-6 and Fig. 2 caption 9-23-83-7",Zircon,SHRIMP,Direct,Grenville Province,NY,,,"roadcut on Route 9 along SW shore of Schroon Lake, 1.5 mi N of Pottersville (loc. f, Fig. 2); locality from Data Repository 2004168 Appendix",Adirondack Highlands,Plutonic,charnockitic gneiss,"McLelland, J.M., Bickford, M.E., Hill, B.M., Clechenko, C.C., Valley, J.W., Hamilton, M.A., 2004. Direct dating of Adirondack massif anorthosite by U-Pb SHRIMP analysis of igneous zircon: Implications for AMCG complexes. Geological Society of America Bulletin, 116, 1299-1317. doi:10.1130/B25482.1 [text p. 1313; Fig. 9C; Table DR1]"
BMH-01-15,1160.0,10.0,10.0,U/Pb,Igneous Crystallization,"weighted mean 207Pb/206Pb SHRIMP of oldest 10 >95% concordant, MSWD=0.78, prob=0.63",Zircon,SHRIMP,Direct,Grenville Province,NY,,,"old road-metal quarry across Route 30-3 from Raquette River canoe launch, 1.5 mi E of NE junction of Routes 30 and 3, Wabeek (loc. n, Fig. 2); locality from Data Repository 2004168 Appendix","Adirondack Highlands, Marcy anorthosite massif (western margin)",Plutonic,mangeritic-charnockitic dike crosscutting Marcy anorthosite,"McLelland, J.M., Bickford, M.E., Hill, B.M., Clechenko, C.C., Valley, J.W., Hamilton, M.A., 2004. Direct dating of Adirondack massif anorthosite by U-Pb SHRIMP analysis of igneous zircon: Implications for AMCG complexes. Geological Society of America Bulletin, 116, 1299-1317. doi:10.1130/B25482.1 [text p. 1313; Fig. 10B; Table DR1]"
Gore Mountain pegmatite,1045.0,7.5,7.5,U/Pb,Igneous Crystallization,"upper intercept (lower intercept anchored 0 ± 50 Ma), SHRIMP-RG, MSWD=1.7; Fig. 8A gives 1045.0 ± 7.5 [± 9.0] Ma; magmatic zircon",Zircon,SHRIMP,Direct,Grenville Province,NY,,,"Barton Garnet Mine, Gore Mountain; coarse quartz-microcline pegmatite dike cutting megacrystic garnet amphibolite","Adirondack Highlands, Gore Mountain metagabbro (central Highlands)",Plutonic,"quartz-microcline pegmatite (late Ottawan, Lyon Mountain Granite clan)","McLelland, J.M., Selleck, B.W., 2011. Megacrystic Gore Mountain-type garnets in the Adirondack Highlands: Age, origin, and tectonic implications. Geosphere, 7(5), 1194-1208. doi:10.1130/GES00683.1 [Table 2, p. 1204; text p. 1200; Fig. 8A, p. 1201]"
Cranberry Lake pegmatite,1055.0,7.4,7.4,U/Pb,Igneous Crystallization,"upper intercept (lower intercept anchored 0 ± 50 Ma), SHRIMP-RG, MSWD=1.4; Fig. 8B gives 1055.0 ± 7.4 [± 8.9] Ma (text p. 1200 says ± 7.5)",Zircon,SHRIMP,Direct,Grenville Province,NY,,,"Cranberry Lake East; eastern end of large roadcut along New York State Route 3, ~4 km east of Cranberry Lake Village; coarse pegmatite cutting metagabbro and metasediments",Adirondack Highlands (north-central/western Highlands),Plutonic,"coarse pegmatite (late Ottawan, Lyon Mountain Granite clan)","McLelland, J.M., Selleck, B.W., 2011. Megacrystic Gore Mountain-type garnets in the Adirondack Highlands: Age, origin, and tectonic implications. Geosphere, 7(5), 1194-1208. doi:10.1130/GES00683.1 [Table 2, p. 1204; text p. 1200; Fig. 8B, p. 1201]"
001HG + 004HG (pooled),1047.0,4.6,4.6,U/Pb,Metamorphic,"weighted mean 207Pb-corrected 206Pb/238U SHRIMP-RG of metamorphic zircon rims from melanosome with interlayered leucosome, MSWD=4.53, n=5; interpreted as recrystallization of zircon at granulite-facies conditions on retrograde path after UHT peak; [audit 2026-10: sigma level of published uncertainty not stated (unstated); entered as published]",Zircon,SHRIMP,Direct,Grenville Province,NY,,,"Ledge Mountain, near Indian Lake, central Adirondack Highlands (sample map Fig. 4, p. 5; only 001HG has lat/long in Table 1: 43°48'39.06""N, 74°18'36.66""W)","Adirondack Highlands, Ledge Mountain migmatite dome (central Highlands)",Metamorphic,sillimanite-bearing felsic migmatite (melanosome with interlayered leucosome),"Metzger, E.P., Leech, M.L., Davis, M.W., Reeder, J.V., Swanson, B.A., Waring, H.V., 2021. Ultrahigh-temperature granulite-facies metamorphism and exhumation of deep crust in a migmatite dome during late- to post-orogenic collapse and extension in the central Adirondack Highlands (New York, USA). Geosphere, v. 17, p. 1-37 (article PDF pagination). doi:10.1130/GES02318.1 [Table 7 p. 17-18 (spot data 1σ); text p. 23; Discussion p. 30]"
"005HG-B, 006HG-B, 007HG-B, 008HG-B (pooled)",1035.2,2.4,2.4,U/Pb,Metamorphic,"weighted mean 207Pb-corrected 206Pb/238U SHRIMP-RG of zircon rims from melanosome adjacent to pegmatitic leucosome, MSWD=2.5, n=17 (one outlier 972±10 Ma excluded); interpreted as dissolution and/or (re)crystallization after extraction of leucocratic melts; [audit 2026-10: sigma level of published uncertainty not stated (unstated); entered as published]",Zircon,SHRIMP,Direct,Grenville Province,NY,,,"Ledge Mountain, near Indian Lake, central Adirondack Highlands (sample map Fig. 4, p. 5; only 001HG has lat/long in Table 1: 43°48'39.06""N, 74°18'36.66""W)","Adirondack Highlands, Ledge Mountain migmatite dome (central Highlands)",Metamorphic,sillimanite-bearing felsic migmatite (melanosome adjacent to pegmatitic leucosome),"Metzger, E.P., Leech, M.L., Davis, M.W., Reeder, J.V., Swanson, B.A., Waring, H.V., 2021. Ultrahigh-temperature granulite-facies metamorphism and exhumation of deep crust in a migmatite dome during late- to post-orogenic collapse and extension in the central Adirondack Highlands (New York, USA). Geosphere, v. 17, p. 1-37 (article PDF pagination). doi:10.1130/GES02318.1 [Table 7 p. 17-18 (spot data 1σ); text p. 23; Discussion p. 30]"
"005HG-A, 006HG-A, 007HG-A, 008HG-A (pooled)",992.8,3.3,3.3,U/Pb,Metamorphic,"weighted mean 207Pb-corrected 206Pb/238U SHRIMP-RG of zircon rims from pegmatitic leucosome, MSWD=4.29, n=9 (outlier 1085±13 Ma excluded); rims formed during cooling/crystallization of anatectic melt on retrograde path; subgroups: 5 oldest rims 1009±14 Ma (MSWD 0.44), 3 youngest rims (005HG-A) 967.7±5.1 Ma; [audit 2026-10: sigma level of published uncertainty not stated (unstated); entered as published]",Zircon,SHRIMP,Direct,Grenville Province,NY,,,"Ledge Mountain, near Indian Lake, central Adirondack Highlands (sample map Fig. 4, p. 5; only 001HG has lat/long in Table 1: 43°48'39.06""N, 74°18'36.66""W)","Adirondack Highlands, Ledge Mountain migmatite dome (central Highlands)",Metamorphic,pegmatitic leucosome in felsic migmatite,"Metzger, E.P., Leech, M.L., Davis, M.W., Reeder, J.V., Swanson, B.A., Waring, H.V., 2021. Ultrahigh-temperature granulite-facies metamorphism and exhumation of deep crust in a migmatite dome during late- to post-orogenic collapse and extension in the central Adirondack Highlands (New York, USA). Geosphere, v. 17, p. 1-37 (article PDF pagination). doi:10.1130/GES02318.1 [Table 7 p. 17-18 (spot data 1σ); text p. 23; Fig. 12C caption p. 21]"
Ledge Mountain migmatites (pooled inherited cores),1161.4,7.5,7.5,U/Pb,Inheritance,"weighted mean of concordant inherited (magmatic, Th/U>0.25) zircon core dates 1195±21 to 1107±12 Ma, MSWD=2.5, n=9 (outlier 1027±36 excluded); suggests derivation by partial melting of older igneous rocks. NOTE abstract (p. 1) gives ""mean date of 1136 ± 5 Ma"" for inherited cores - inconsistent with text p. 22; [audit 2026-10: sigma level of published uncertainty not stated (unstated); entered as published]",Zircon,SHRIMP,Direct,Grenville Province,NY,,,"Ledge Mountain, near Indian Lake, central Adirondack Highlands (sample map Fig. 4, p. 5; only 001HG has lat/long in Table 1: 43°48'39.06""N, 74°18'36.66""W)","Adirondack Highlands, Ledge Mountain migmatite dome (central Highlands)",Metamorphic,sillimanite-bearing felsic migmatite,"Metzger, E.P., Leech, M.L., Davis, M.W., Reeder, J.V., Swanson, B.A., Waring, H.V., 2021. Ultrahigh-temperature granulite-facies metamorphism and exhumation of deep crust in a migmatite dome during late- to post-orogenic collapse and extension in the central Adirondack Highlands (New York, USA). Geosphere, v. 17, p. 1-37 (article PDF pagination). doi:10.1130/GES02318.1 [Table 7 p. 17-18; text p. 22]"
"7866 (Irving Pond quartzite, locality 1)",1156.0,25.0,25.0,U/Pb,Metamorphic,"weighted mean 207Pb/206Pb of 7 older rim/metamorphic analyses (Shawinigan metamorphic zircon rims, Th/U<0.2); one rim at 1064+/-30 Ma (1s spot) may reflect Ottawan metamorphism; detrital cores 1.96-1.29 Ga and 2.7-2.6 Ga",Zircon,SHRIMP,Direct,Grenville Province,NY,,,"Irving Pond antiform, locality 1 (Fig. 1), southern Adirondack Highlands (no coordinates given)","Adirondack Highlands (southern), Irving Pond quartzite",Metamorphic,granulite-facies glassy quartzite,"Peck, W.H., Bickford, M.E., McLelland, J.M., Nagle, A.N., Swarr, G.J., 2010. Mechanism of metamorphic zircon growth in a granulite-facies quartzite, Adirondack Highlands, Grenville Province, New York. American Mineralogist, 95, 1796-1806. doi:10.2138/am.2010.3547 [Table 1 p. 1798 (spot data, 1s); text p. 1802; Fig. 4 p. 1801]"
AGS-45,1187.0,19.0,19.0,U/Pb,Igneous Crystallization,"weighted mean 207Pb/206Pb, n=12, MSWD=1.37 (SHRIMP-RG); authors: maximum age of magmatic origin owing to likely inherited precursor zircon (cf. 1164+/-4 Ma TIMS of McLelland et al. 1993 and AGS-49)",Zircon,SHRIMP,Maximum Direct,Grenville Province,NY,44.5006,-75.5788,"Northern Edwardsville pluton (lat/long Table 6, p. 1647)","Adirondack Lowlands, Frontenac suite, Edwardsville pluton",Plutonic,alkali-feldspar syenite,"Peck, W.H., Selleck, B.W., Wong, M.S., Chiarenzelli, J.R., Harpp, K.S., Hollocher, K., Lackey, J.S., Catalano, J., Regan, S.P., Stocker, A., 2013. Orogenic to postorogenic (1.20-1.15 Ga) magmatism in the Adirondack Lowlands and Frontenac terrane, southern Grenville Province, USA and Canada. Geosphere, 9(6), 1637-1663. doi:10.1130/GES00879.1 [Table 7 p. 1648 (spot data, 1s); text p. 1656; Fig. 9]"
AGS-49,1149.0,22.0,22.0,U/Pb,Igneous Crystallization,"upper intercept of regression of 8 spots (2 discordant spots excluded), MSWD=0.56; all 10 spots give 1156+/-49 Ma (MSWD=0.90); authors preferred magmatic age",Zircon,SHRIMP,Direct,Grenville Province,NY,,,Southern part of Edwardsville pluton (no coordinates given),"Adirondack Lowlands, Frontenac suite, Edwardsville pluton",Plutonic,monzonite,"Peck, W.H., Selleck, B.W., Wong, M.S., Chiarenzelli, J.R., Harpp, K.S., Hollocher, K., Lackey, J.S., Catalano, J., Regan, S.P., Stocker, A., 2013. Orogenic to postorogenic (1.20-1.15 Ga) magmatism in the Adirondack Lowlands and Frontenac terrane, southern Grenville Province, USA and Canada. Geosphere, 9(6), 1637-1663. doi:10.1130/GES00879.1 [Table 7 p. 1648; text p. 1656-1658; Fig. 10]"
AGS-39,1161.0,16.0,16.0,U/Pb,Igneous Crystallization,"intercept/concordia age of all 6 spots, MSWD=0.62; excluding 60%-discordant spot: weighted mean 207Pb/206Pb 1163+/-16 Ma (n=5, MSWD=0.53), concordia age 1165+/-14 Ma (n=5, MSWD=0.28)",Zircon,SHRIMP,Direct,Grenville Province,NY,44.2663,-75.7209,"Honey Hill pluton, east of Red Lake (lat/long Table 6, p. 1647)","Adirondack Lowlands, Frontenac suite, Honey Hill pluton",Plutonic,granite (syenitic pluton),"Peck, W.H., Selleck, B.W., Wong, M.S., Chiarenzelli, J.R., Harpp, K.S., Hollocher, K., Lackey, J.S., Catalano, J., Regan, S.P., Stocker, A., 2013. Orogenic to postorogenic (1.20-1.15 Ga) magmatism in the Adirondack Lowlands and Frontenac terrane, southern Grenville Province, USA and Canada. Geosphere, 9(6), 1637-1663. doi:10.1130/GES00879.1 [Table 7 p. 1648; text p. 1658; Fig. 11]"
EL1224,1051.0,24.0,24.0,U/Pb,Metamorphic,"weighted mean 207Pb/206Pb of all 18 SHRIMP-RG analyses of separated zircon, MSWD=3.5; spot dates 1119+/-25 to 957+/-64 Ma, authors note lack of coherent population; in-situ OK25 from same outcrop preferred",Zircon,SHRIMP,Direct,Grenville Province,NY,,,"Paradox Lake 7.5-min quadrangle, southeastern margin of Marcy massif (Fig. 1)","Adirondack Highlands, Marcy anorthosite massif (southern border zone)",Metamorphic,ferrodiorite gneiss (gabbroic gneiss with andesine porphyroblasts),"Peck, W.H., Selleck, B.W., Regan, S.P., Howard, G.E., Kozel, O.O., 2018. In-situ dating of metamorphism in Adirondack anorthosite. American Mineralogist, 103, 1523-1529. doi:10.2138/am-2018-6481 [text p. 1525; Fig. 2 p. 1525 (spot data in Supplementary Tables)]"
OK25,1046.0,8.0,8.0,U/Pb,Metamorphic,"weighted mean 207Pb/206Pb, 16 in-situ LA-ICP-MS spots, MSWD=0.98 (Fig. 3 gives 1045.7+/-8.2 Ma); zircon intergrown with exsolved ilmenite/metamorphic pyroxene",Zircon,LA-ICP-MS,Direct,Grenville Province,NY,,,"Paradox Lake 7.5-min quadrangle, same outcrop as EL1224 (Fig. 1)","Adirondack Highlands, Marcy anorthosite massif (southern border zone)",Metamorphic,ferrodiorite gneiss (gabbroic gneiss),"Peck, W.H., Selleck, B.W., Regan, S.P., Howard, G.E., Kozel, O.O., 2018. In-situ dating of metamorphism in Adirondack anorthosite. American Mineralogist, 103, 1523-1529. doi:10.2138/am-2018-6481 [text p. 1525; Fig. 3 p. 1526]"
OK28,1034.3,7.8,7.8,U/Pb,Metamorphic,"weighted mean 207Pb/206Pb, 16 in-situ LA-ICP-MS spots on 10 grains, MSWD=1.3 (Fig. 4: 1.30); zircon with ilmenite and garnet coronas",Zircon,LA-ICP-MS,Direct,Grenville Province,NY,,,"Santanoni/Schroon Lake quadrangles, southern Marcy massif border zone (Fig. 1)","Adirondack Highlands, Marcy anorthosite massif (southern border zone)",Metamorphic,leucogabbro gneiss with garnet coronas,"Peck, W.H., Selleck, B.W., Regan, S.P., Howard, G.E., Kozel, O.O., 2018. In-situ dating of metamorphism in Adirondack anorthosite. American Mineralogist, 103, 1523-1529. doi:10.2138/am-2018-6481 [text p. 1527; Fig. 4 p. 1526]"
OK30,1047.9,6.9,6.9,U/Pb,Metamorphic,"weighted mean 207Pb/206Pb of most-coherent 21 in-situ LA-ICP-MS spots, MSWD=1.19 (all 23 spots on 4 grains: 1054+/-11 Ma, MSWD=2.9); zircon intergrown with coronitic garnet",Zircon,LA-ICP-MS,Direct,Grenville Province,NY,,,"~4 km south of Sanford Lake Fe-Ti deposit, southern Marcy massif (Fig. 1)","Adirondack Highlands, Marcy anorthosite massif (southern border zone)",Metamorphic,leucogabbro gneiss with garnet coronas,"Peck, W.H., Selleck, B.W., Regan, S.P., Howard, G.E., Kozel, O.O., 2018. In-situ dating of metamorphism in Adirondack anorthosite. American Mineralogist, 103, 1523-1529. doi:10.2138/am-2018-6481 [text p. 1527; Fig. 5 p. 1526]"
14AD19A,1032.0,14.0,14.0,U/Pb,Metamorphic,"weighted mean 207Pb/206Pb of 16 in-situ LA-ICP-MS spots on anhedral zircon intergrown with garnet, MSWD=2.2",Zircon,LA-ICP-MS,Direct,Grenville Province,NY,,,"Newcomb quadrangle, southern Marcy massif border zone, low-d18O anorthosite outcrop (Fig. 1)","Adirondack Highlands, Marcy anorthosite massif (southern border zone)",Metamorphic,plagioclase-clinopyroxene-garnet gneissic leucogabbro,"Peck, W.H., Selleck, B.W., Regan, S.P., Howard, G.E., Kozel, O.O., 2018. In-situ dating of metamorphism in Adirondack anorthosite. American Mineralogist, 103, 1523-1529. doi:10.2138/am-2018-6481 [text p. 1527; Fig. 6 p. 1527]"
14AD19A,1140.0,37.0,37.0,U/Pb,Igneous Crystallization,"weighted mean 207Pb/206Pb of 7 in-situ LA-ICP-MS spots on 3 euhedral grains, MSWD=2.8; authors: consistent with igneous formation during anorthosite emplacement",Zircon,LA-ICP-MS,Direct,Grenville Province,NY,,,"Newcomb quadrangle, southern Marcy massif border zone, low-d18O anorthosite outcrop (Fig. 1)","Adirondack Highlands, Marcy anorthosite massif (southern border zone)",Metamorphic,plagioclase-clinopyroxene-garnet gneissic leucogabbro,"Peck, W.H., Selleck, B.W., Regan, S.P., Howard, G.E., Kozel, O.O., 2018. In-situ dating of metamorphism in Adirondack anorthosite. American Mineralogist, 103, 1523-1529. doi:10.2138/am-2018-6481 [text p. 1527-1528; Fig. 6 p. 1527]"
AF727D,1044.0,7.0,7.0,U/Pb,Metamorphic,"Dark-CL zircon (interiors); weighted mean 207Pb/206Pb, n=17, MSWD=4.0; Ottawan metamorphic growth. Authors take relict 1150-1140 Ma igneous zircon cores (e.g. 17LEW31 cores, oldest 18LEW24 cores) as bracketing/dating skarn formation at ca. 1150 Ma; Ottawan/Rigolet zircon dates record later metamorphic growth/resetting.",Zircon,LA-ICP-MS,Direct,Grenville Province,NY,,,"Lewis wollastonite mine, Willsboro-Lewis wollastonite district (margin of Westport dome)","Adirondack Highlands, Marcy anorthosite massif margin (Willsboro-Lewis wollastonite district)",Hydrothermal,pyroxene skarn (metasomatized AMCG dike),"Peck, W.H., Regan, S.P., Blum, T.B., Valley, J.W., Timothy, S.C., 2025. Age of Skarn Formation and Meteoric Water Infiltration in the Willsboro-Lewis Wollastonite District (Adirondack Highlands, New York). Journal of Petrology, 66(4), egaf024. doi:10.1093/petrology/egaf024 [Table 1, p. 7; text p. 6; Fig. 7, p. 8]"
AF727D,1027.0,8.0,8.0,U/Pb,Metamorphic,"Bright-CL zircon (exteriors); weighted mean 207Pb/206Pb, n=17, MSWD=3.7; Ottawan metamorphic growth. Authors take relict 1150-1140 Ma igneous zircon cores (e.g. 17LEW31 cores, oldest 18LEW24 cores) as bracketing/dating skarn formation at ca. 1150 Ma; Ottawan/Rigolet zircon dates record later metamorphic growth/resetting.",Zircon,LA-ICP-MS,Direct,Grenville Province,NY,,,"Lewis wollastonite mine, Willsboro-Lewis wollastonite district (margin of Westport dome)","Adirondack Highlands, Marcy anorthosite massif margin (Willsboro-Lewis wollastonite district)",Hydrothermal,pyroxene skarn (metasomatized AMCG dike),"Peck, W.H., Regan, S.P., Blum, T.B., Valley, J.W., Timothy, S.C., 2025. Age of Skarn Formation and Meteoric Water Infiltration in the Willsboro-Lewis Wollastonite District (Adirondack Highlands, New York). Journal of Petrology, 66(4), egaf024. doi:10.1093/petrology/egaf024 [Table 1, p. 7; text p. 6; Fig. 7, p. 8]"
18LEW24,1051.0,6.0,6.0,U/Pb,Metamorphic,"Zircon rims; weighted mean 207Pb/206Pb, n=32, MSWD=4.1; metamorphic overgrowths (deconvolution gives 1007+-14 and 1073+-9 Ma populations, p. 10). Authors take relict 1150-1140 Ma igneous zircon cores (e.g. 17LEW31 cores, oldest 18LEW24 cores) as bracketing/dating skarn formation at ca. 1150 Ma; Ottawan/Rigolet zircon dates record later metamorphic growth/resetting.",Zircon,LA-ICP-MS,Direct,Grenville Province,NY,,,"Lewis wollastonite mine, Willsboro-Lewis wollastonite district (margin of Westport dome)","Adirondack Highlands, Marcy anorthosite massif margin (Willsboro-Lewis wollastonite district)",Hydrothermal,cross-cutting pyroxene skarn (endoskarn after dike cutting garnetite),"Peck, W.H., Regan, S.P., Blum, T.B., Valley, J.W., Timothy, S.C., 2025. Age of Skarn Formation and Meteoric Water Infiltration in the Willsboro-Lewis Wollastonite District (Adirondack Highlands, New York). Journal of Petrology, 66(4), egaf024. doi:10.1093/petrology/egaf024 [Table 1, p. 7; text p. 7; Fig. 7, p. 8]"
18LEW24,1123.0,8.0,8.0,U/Pb,Pb Loss,"[caller relabelled from Igneous Crystallization: authors treat this as partially reset ca. 1155 Ma igneous zircon] Zircon cores (oscillatory-zoned igneous, protolith of pyroxenite dike); weighted mean 207Pb/206Pb, n=15, MSWD=3.2; authors interpret ca. 1100 Ma core clusters as ca. 1155 Ma igneous zircon partially reset, protolith age given by oldest cores (1150-1140 Ma), p. 11-12; skarn formed after protolith intrusion. Authors take relict 1150-1140 Ma igneous zircon cores (e.g. 17LEW31 cores, oldest 18LEW24 cores) as bracketing/dating skarn formation at ca. 1150 Ma; Ottawan/Rigolet zircon dates record later metamorphic growth/resetting.",Zircon,LA-ICP-MS,Direct,Grenville Province,NY,,,"Lewis wollastonite mine, Willsboro-Lewis wollastonite district (margin of Westport dome)","Adirondack Highlands, Marcy anorthosite massif margin (Willsboro-Lewis wollastonite district)",Hydrothermal,cross-cutting pyroxene skarn (endoskarn after dike cutting garnetite),"Peck, W.H., Regan, S.P., Blum, T.B., Valley, J.W., Timothy, S.C., 2025. Age of Skarn Formation and Meteoric Water Infiltration in the Willsboro-Lewis Wollastonite District (Adirondack Highlands, New York). Journal of Petrology, 66(4), egaf024. doi:10.1093/petrology/egaf024 [Table 1, p. 7; text p. 7, 11-12; Fig. 7, p. 8]"
18LEW29,1030.0,7.0,7.0,U/Pb,Metamorphic,"Most textures (rims and banded interiors); weighted mean 207Pb/206Pb, n=26, MSWD=2.1, five older analyses excluded. Authors take relict 1150-1140 Ma igneous zircon cores (e.g. 17LEW31 cores, oldest 18LEW24 cores) as bracketing/dating skarn formation at ca. 1150 Ma; Ottawan/Rigolet zircon dates record later metamorphic growth/resetting.",Zircon,LA-ICP-MS,Direct,Grenville Province,NY,,,"Lewis wollastonite mine, Willsboro-Lewis wollastonite district (margin of Westport dome)","Adirondack Highlands, Marcy anorthosite massif margin (Willsboro-Lewis wollastonite district)",Hydrothermal,pyroxene skarn (metasomatized AMCG dike),"Peck, W.H., Regan, S.P., Blum, T.B., Valley, J.W., Timothy, S.C., 2025. Age of Skarn Formation and Meteoric Water Infiltration in the Willsboro-Lewis Wollastonite District (Adirondack Highlands, New York). Journal of Petrology, 66(4), egaf024. doi:10.1093/petrology/egaf024 [Table 1, p. 7; text p. 7; Fig. 7, p. 8]"
18LEW29,1116.0,14.0,14.0,U/Pb,Pb Loss,"[caller relabelled from Igneous Crystallization: authors treat this as partially reset ca. 1155 Ma igneous zircon] Old spots, mostly grain interiors; weighted mean 207Pb/206Pb, n=5, MSWD=0.62; authors interpret this ca. 1100 Ma population as ca. 1155 Ma igneous zircon partially reset (p. 11). Authors take relict 1150-1140 Ma igneous zircon cores (e.g. 17LEW31 cores, oldest 18LEW24 cores) as bracketing/dating skarn formation at ca. 1150 Ma; Ottawan/Rigolet zircon dates record later metamorphic growth/resetting.",Zircon,LA-ICP-MS,Direct,Grenville Province,NY,,,"Lewis wollastonite mine, Willsboro-Lewis wollastonite district (margin of Westport dome)","Adirondack Highlands, Marcy anorthosite massif margin (Willsboro-Lewis wollastonite district)",Hydrothermal,pyroxene skarn (metasomatized AMCG dike),"Peck, W.H., Regan, S.P., Blum, T.B., Valley, J.W., Timothy, S.C., 2025. Age of Skarn Formation and Meteoric Water Infiltration in the Willsboro-Lewis Wollastonite District (Adirondack Highlands, New York). Journal of Petrology, 66(4), egaf024. doi:10.1093/petrology/egaf024 [Table 1, p. 7; text p. 7, 11; Fig. 7, p. 8]"
18LEW33,1007.0,16.0,16.0,U/Pb,Metamorphic,"CL-light rims/exteriors; weighted mean 207Pb/206Pb, n=14, MSWD=1.4. Single oldest spot 1169+-37 Ma (CL-dark core) not averaged. Authors take relict 1150-1140 Ma igneous zircon cores (e.g. 17LEW31 cores, oldest 18LEW24 cores) as bracketing/dating skarn formation at ca. 1150 Ma; Ottawan/Rigolet zircon dates record later metamorphic growth/resetting.",Zircon,LA-ICP-MS,Direct,Grenville Province,NY,,,"Lewis wollastonite mine, Willsboro-Lewis wollastonite district (margin of Westport dome)","Adirondack Highlands, Marcy anorthosite massif margin (Willsboro-Lewis wollastonite district)",Hydrothermal,pyroxene skarn (metasomatized AMCG dike),"Peck, W.H., Regan, S.P., Blum, T.B., Valley, J.W., Timothy, S.C., 2025. Age of Skarn Formation and Meteoric Water Infiltration in the Willsboro-Lewis Wollastonite District (Adirondack Highlands, New York). Journal of Petrology, 66(4), egaf024. doi:10.1093/petrology/egaf024 [Table 1, p. 7; text p. 8; Fig. 7, p. 8]"
18LEW33,1033.0,14.0,14.0,U/Pb,Metamorphic,"Darker-CL core interiors; weighted mean 207Pb/206Pb, n=6, MSWD=2.3; Ottawan. Authors take relict 1150-1140 Ma igneous zircon cores (e.g. 17LEW31 cores, oldest 18LEW24 cores) as bracketing/dating skarn formation at ca. 1150 Ma; Ottawan/Rigolet zircon dates record later metamorphic growth/resetting.",Zircon,LA-ICP-MS,Direct,Grenville Province,NY,,,"Lewis wollastonite mine, Willsboro-Lewis wollastonite district (margin of Westport dome)","Adirondack Highlands, Marcy anorthosite massif margin (Willsboro-Lewis wollastonite district)",Hydrothermal,pyroxene skarn (metasomatized AMCG dike),"Peck, W.H., Regan, S.P., Blum, T.B., Valley, J.W., Timothy, S.C., 2025. Age of Skarn Formation and Meteoric Water Infiltration in the Willsboro-Lewis Wollastonite District (Adirondack Highlands, New York). Journal of Petrology, 66(4), egaf024. doi:10.1093/petrology/egaf024 [Table 1, p. 7; text p. 8; Fig. 7, p. 8]"
17LEW18,969.0,4.0,4.0,U/Pb,Metamorphic,"All zircon; weighted mean 207Pb/206Pb, n=65, MSWD=1.6, one old analysis (1113+-57 Ma) excluded; Rigolet-age growth. Authors take relict 1150-1140 Ma igneous zircon cores (e.g. 17LEW31 cores, oldest 18LEW24 cores) as bracketing/dating skarn formation at ca. 1150 Ma; Ottawan/Rigolet zircon dates record later metamorphic growth/resetting.",Zircon,LA-ICP-MS,Direct,Grenville Province,NY,,,"Lewis wollastonite mine, Willsboro-Lewis wollastonite district (margin of Westport dome)","Adirondack Highlands, Marcy anorthosite massif margin (Willsboro-Lewis wollastonite district)",Hydrothermal,garnetite,"Peck, W.H., Regan, S.P., Blum, T.B., Valley, J.W., Timothy, S.C., 2025. Age of Skarn Formation and Meteoric Water Infiltration in the Willsboro-Lewis Wollastonite District (Adirondack Highlands, New York). Journal of Petrology, 66(4), egaf024. doi:10.1093/petrology/egaf024 [Table 1, p. 7; text p. 8-9; Fig. 7, p. 8]"
17LEW31,1019.0,11.0,11.0,U/Pb,Metamorphic,"CL-bright rims; weighted mean 207Pb/206Pb, n=15, MSWD=3.2 (deconvolution 991+-8 and 1042+-14 Ma, p. 10). Authors take relict 1150-1140 Ma igneous zircon cores (e.g. 17LEW31 cores, oldest 18LEW24 cores) as bracketing/dating skarn formation at ca. 1150 Ma; Ottawan/Rigolet zircon dates record later metamorphic growth/resetting.",Zircon,LA-ICP-MS,Direct,Grenville Province,NY,,,"Lewis wollastonite mine, Willsboro-Lewis wollastonite district (margin of Westport dome)","Adirondack Highlands, Marcy anorthosite massif margin (Willsboro-Lewis wollastonite district)",Hydrothermal,garnetite (wollastonite-rich matrix),"Peck, W.H., Regan, S.P., Blum, T.B., Valley, J.W., Timothy, S.C., 2025. Age of Skarn Formation and Meteoric Water Infiltration in the Willsboro-Lewis Wollastonite District (Adirondack Highlands, New York). Journal of Petrology, 66(4), egaf024. doi:10.1093/petrology/egaf024 [Table 1, p. 7; text p. 9; Fig. 7, p. 8]"
17LEW31,1141.0,9.0,9.0,U/Pb,Inheritance,"Oscillatory-zoned igneous zircon cores incorporated in garnetite (sedimentary protolith); weighted mean 207Pb/206Pb, n=22, MSWD=1.4, one 1057 Ma analysis excluded; authors take 1150-1140 Ma cores as age of skarn formation (contemporaneous AMCG magmatism), p. 11-12.",Zircon,LA-ICP-MS,Direct,Grenville Province,NY,,,"Lewis wollastonite mine, Willsboro-Lewis wollastonite district (margin of Westport dome)","Adirondack Highlands, Marcy anorthosite massif margin (Willsboro-Lewis wollastonite district)",Hydrothermal,garnetite (wollastonite-rich matrix),"Peck, W.H., Regan, S.P., Blum, T.B., Valley, J.W., Timothy, S.C., 2025. Age of Skarn Formation and Meteoric Water Infiltration in the Willsboro-Lewis Wollastonite District (Adirondack Highlands, New York). Journal of Petrology, 66(4), egaf024. doi:10.1093/petrology/egaf024 [Table 1, p. 7; text p. 9, 11-12; Fig. 7, p. 8]"
17LEW30,1000.0,4.0,4.0,U/Pb,Metamorphic,"All textures (texturally late anhedral zircon); weighted mean 207Pb/206Pb, n=60, MSWD=2.0; Rigolet-age growth. Authors take relict 1150-1140 Ma igneous zircon cores (e.g. 17LEW31 cores, oldest 18LEW24 cores) as bracketing/dating skarn formation at ca. 1150 Ma; Ottawan/Rigolet zircon dates record later metamorphic growth/resetting.",Zircon,LA-ICP-MS,Direct,Grenville Province,NY,,,"Lewis wollastonite mine, Willsboro-Lewis wollastonite district (margin of Westport dome)","Adirondack Highlands, Marcy anorthosite massif margin (Willsboro-Lewis wollastonite district)",Hydrothermal,boudinaged wollastonite ore,"Peck, W.H., Regan, S.P., Blum, T.B., Valley, J.W., Timothy, S.C., 2025. Age of Skarn Formation and Meteoric Water Infiltration in the Willsboro-Lewis Wollastonite District (Adirondack Highlands, New York). Journal of Petrology, 66(4), egaf024. doi:10.1093/petrology/egaf024 [Table 1, p. 7; text p. 9-10; Fig. 7, p. 8]"
21LH1,1022.0,8.0,8.0,U/Pb,Igneous Crystallization,"LA-MC-ICP-MS; weighted mean 206Pb/207Pb age (as written in paper), n=16, MSWD=0.94; graphite-bearing granite of 1048-1024 Ma late-Ottawan pegmatite suite",Zircon,LA-ICP-MS,Direct,Grenville Province,NY,,,"Lead Hill graphite mine, NW of Ticonderoga","Adirondack Highlands, Ticonderoga graphite mining district",Plutonic,graphite-bearing granite (granitic pegmatite suite),"Peck, W.H., Lackey, J.S., Walsh, G.J., Childs, K.A., King, M.C., LeClair, F.S., Steinberg, J.L., 2026. Evidence for organic and igneous carbon sources in the Mesoproterozoic Adirondack Highlands graphite district, New York. Geological Society of America Bulletin, p. 1-19 (published online 12 March 2026). doi:10.1130/B38394.1 [Fig. 8, p. 11; text p. 9, 10]"
21LH8,1029.0,7.0,7.0,U/Pb,Metamorphic,"LA-MC-ICP-MS; weighted mean 206Pb/207Pb age (as written in paper), n=34, MSWD=0.30; zircon from graphite-bearing pyroxene-scapolite contact skarn, identical to adjacent 1022+-8 Ma granite (skarn formation linked to pegmatite/granite intrusion); sample showed some Pb loss",Zircon,LA-ICP-MS,Direct,Grenville Province,NY,,,"Lead Hill graphite mine, NW of Ticonderoga","Adirondack Highlands, Ticonderoga graphite mining district",Hydrothermal,graphite-bearing pyroxene-scapolite skarn,"Peck, W.H., Lackey, J.S., Walsh, G.J., Childs, K.A., King, M.C., LeClair, F.S., Steinberg, J.L., 2026. Evidence for organic and igneous carbon sources in the Mesoproterozoic Adirondack Highlands graphite district, New York. Geological Society of America Bulletin, p. 1-19 (published online 12 March 2026). doi:10.1130/B38394.1 [Fig. 8, p. 11; text p. 9, 10]"
22AD36,1042.0,6.0,6.0,U/Pb,Igneous Crystallization,"LA-MC-ICP-MS; weighted mean 206Pb/207Pb age (as written in paper), n=32, MSWD=0.16; oldest dated pegmatite in district",Zircon,LA-ICP-MS,Direct,Grenville Province,NY,,,"Crown Point Graphite Company mine, NW of Ticonderoga","Adirondack Highlands, Ticonderoga graphite mining district",Plutonic,graphite-bearing leucogranite (granitic pegmatite suite),"Peck, W.H., Lackey, J.S., Walsh, G.J., Childs, K.A., King, M.C., LeClair, F.S., Steinberg, J.L., 2026. Evidence for organic and igneous carbon sources in the Mesoproterozoic Adirondack Highlands graphite district, New York. Geological Society of America Bulletin, p. 1-19 (published online 12 March 2026). doi:10.1130/B38394.1 [Fig. 8, p. 11; text p. 9, 10]"
22AD58,1014.0,9.0,9.0,U/Pb,Igneous Crystallization,"LA-MC-ICP-MS; weighted mean 206Pb/207Pb age (as written in paper), n=14, MSWD=0.65; authors take this as best estimate of emplacement age of the Pulpit Point Road granite",Zircon,LA-ICP-MS,Direct,Grenville Province,NY,,,"Pulpit Point Road graphitic pegmatite prospect, between Lake George and Lake Champlain","Adirondack Highlands, Ticonderoga graphite mining district",Plutonic,graphite-bearing leucogranite (granitic pegmatite),"Peck, W.H., Lackey, J.S., Walsh, G.J., Childs, K.A., King, M.C., LeClair, F.S., Steinberg, J.L., 2026. Evidence for organic and igneous carbon sources in the Mesoproterozoic Adirondack Highlands graphite district, New York. Geological Society of America Bulletin, p. 1-19 (published online 12 March 2026). doi:10.1130/B38394.1 [Fig. 8, p. 11; text p. 9, 10]"
22AD62,995.0,16.0,16.0,U/Pb,Igneous Crystallization,"LA-MC-ICP-MS; weighted mean 206Pb/207Pb age (as written in paper), n=5, MSWD=0.29; NOT preferred: authors state 1014+-9 Ma (22AD58) probably better reflects the igneous age of this body; sample showed evidence for Pb loss",Zircon,LA-ICP-MS,Direct,Grenville Province,NY,,,"Pulpit Point Road graphitic pegmatite prospect, between Lake George and Lake Champlain","Adirondack Highlands, Ticonderoga graphite mining district",Plutonic,graphite-bearing leucogranite (granitic pegmatite),"Peck, W.H., Lackey, J.S., Walsh, G.J., Childs, K.A., King, M.C., LeClair, F.S., Steinberg, J.L., 2026. Evidence for organic and igneous carbon sources in the Mesoproterozoic Adirondack Highlands graphite district, New York. Geological Society of America Bulletin, p. 1-19 (published online 12 March 2026). doi:10.1130/B38394.1 [Fig. 8, p. 11; text p. 9, 10]"
GP1096,1186.0,7.0,7.0,U/Pb,Igneous Crystallization,"weighted mean 207Pb/206Pb of 20 oscillatory-zoned cores, MSWD=0.84; SHRIMP-RG; pre-AMCG granite; [audit 2026-10: sigma level of published uncertainty not stated (unstated); entered as published]",Zircon,SHRIMP,Direct,Grenville Province,NY,43.8107,-73.6,"Thunderbolt Mountain summit, southernmost Essex County (Pharaoh Lake Wilderness), hanging wall of Grizzle Ocean shear zone (lat/long Table 1, p. 1243)","Adirondack Highlands, southeastern Marcy massif margin",Metamorphic,augen (megacrystic) granite gneiss,"Regan, S.P., Walsh, G.J., Williams, M.L., Chiarenzelli, J.R., Toft, M., McAleer, R., 2019. Syn-collisional exhumation of hot middle crust in the Adirondack Mountains (New York, USA): Implications for extensional orogenesis in the southern Grenville province. Geosphere, 15(4), 1240-1261. doi:10.1130/GES02029.1 [Table 3 p. 1253-1254 (spot data, 1 s.e.); text p. 1252; Fig. 8D p. 1255]"
GP1096,1048.0,11.0,11.0,U/Pb,Metamorphic,"weighted mean 207Pb/206Pb of 11 most concordant dark-CL rim analyses, MSWD=1.7; interpreted as fluid mobilization related to Grizzle Ocean shear zone motion and LMG intrusion; [audit 2026-10: sigma level of published uncertainty not stated (unstated); entered as published]",Zircon,SHRIMP,Direct,Grenville Province,NY,43.8107,-73.6,"Thunderbolt Mountain summit, southernmost Essex County (Pharaoh Lake Wilderness), hanging wall of Grizzle Ocean shear zone (lat/long Table 1, p. 1243)","Adirondack Highlands, southeastern Marcy massif margin",Metamorphic,augen (megacrystic) granite gneiss,"Regan, S.P., Walsh, G.J., Williams, M.L., Chiarenzelli, J.R., Toft, M., McAleer, R., 2019. Syn-collisional exhumation of hot middle crust in the Adirondack Mountains (New York, USA): Implications for extensional orogenesis in the southern Grenville province. Geosphere, 15(4), 1240-1261. doi:10.1130/GES02029.1 [Table 3 p. 1253-1254; text p. 1252]"
EL2113,1185.0,11.0,11.0,U/Pb,Igneous Crystallization,"weighted mean 207Pb/206Pb of 4 pristine oscillatory-zoned cores, MSWD=0.52; upper intercept 1183+/-16 Ma (MSWD=1.3); SHRIMP-RG; [audit 2026-10: sigma level of published uncertainty not stated (unstated); entered as published]",Zircon,SHRIMP,Direct,Grenville Province,NY,43.9059,-73.531,"Eastern Eagle Lake 7.5-min quadrangle, east of Penfield (lat/long Table 1, p. 1243)","Adirondack Highlands, southeastern Marcy massif margin",Metamorphic,biotite-K-feldspar augen granite gneiss,"Regan, S.P., Walsh, G.J., Williams, M.L., Chiarenzelli, J.R., Toft, M., McAleer, R., 2019. Syn-collisional exhumation of hot middle crust in the Adirondack Mountains (New York, USA): Implications for extensional orogenesis in the southern Grenville province. Geosphere, 15(4), 1240-1261. doi:10.1130/GES02029.1 [Table 3 p. 1253; text p. 1252; Fig. 8G p. 1255]"
EL2113,1150.0,8.0,8.0,U/Pb,Recrystallization,"weighted mean 207Pb/206Pb of 12 dark-CL rims and recrystallized cores, MSWD=1.16 (Fig. 8H: 1.18); discordant upper intercept 1148+/-12 Ma (MSWD=0.79); partial recrystallization during AMCG plutonism; [audit 2026-10: sigma level of published uncertainty not stated (unstated); entered as published]",Zircon,SHRIMP,Direct,Grenville Province,NY,43.9059,-73.531,"Eastern Eagle Lake 7.5-min quadrangle, east of Penfield (lat/long Table 1, p. 1243)","Adirondack Highlands, southeastern Marcy massif margin",Metamorphic,biotite-K-feldspar augen granite gneiss,"Regan, S.P., Walsh, G.J., Williams, M.L., Chiarenzelli, J.R., Toft, M., McAleer, R., 2019. Syn-collisional exhumation of hot middle crust in the Adirondack Mountains (New York, USA): Implications for extensional orogenesis in the southern Grenville province. Geosphere, 15(4), 1240-1261. doi:10.1130/GES02029.1 [Table 3 p. 1253; text p. 1252; Fig. 8H p. 1255]"
17-ADK-09,1053.9,5.4,5.4,U/Pb,Metamorphic,"weighted mean 206Pb/238U LA-ICP-MS of concordant (<4% disc.) zircon, MSWD=0.94 (2 youngest and 5 oldest of 44 concordant analyses excluded); dates garnet-forming metamorphic reaction; authors treat it as upper bound on garnet formation age",Zircon,LA-ICP-MS,Direct,Grenville Province,NY,43.6823,-74.0478,"Barton Garnet Mine (Pit 4 area), Gore Mountain, North Creek, NY (lat/long converted from DMS in Table 1, p. 6: 43°40'56.1""N, 74°2'52.2""W)","Adirondack Highlands, Gore Mountain",Metamorphic,megacrystic garnet amphibolite (GMGA),"Shinevar, W.J., Jagoutz, O., VanTongeren, J.A., 2021. Gore Mountain garnet amphibolite records UHT conditions: implications for the rheology of the lower continental crust during orogenesis. Journal of Petrology, 62(4), egab007, 1-28. doi:10.1093/petrology/egab007 [text p. 13-14; Fig. 14a p. 14; abstract p. 1; data in Suppl. Electronic Appendix 3]"
17-ADK-09,1010.7,17.0,17.0,U/Pb,Metamorphic,"weighted mean 206Pb/238U LA-ICP-MS of two youngest concordant zircon analyses (rim of grain 34; turtleshell side of grain 7), MSWD=0.66, n=2; possibly late-stage overgrowth",Zircon,LA-ICP-MS,Direct,Grenville Province,NY,43.6823,-74.0478,"Barton Garnet Mine (Pit 4 area), Gore Mountain, North Creek, NY (lat/long converted from DMS in Table 1, p. 6: 43°40'56.1""N, 74°2'52.2""W)","Adirondack Highlands, Gore Mountain",Metamorphic,megacrystic garnet amphibolite (GMGA),"Shinevar, W.J., Jagoutz, O., VanTongeren, J.A., 2021. Gore Mountain garnet amphibolite records UHT conditions: implications for the rheology of the lower continental crust during orogenesis. Journal of Petrology, 62(4), egab007, 1-28. doi:10.1093/petrology/egab007 [text p. 14; Fig. 14a p. 14]"
17-ADK-09,1118.4,16.9,16.9,U/Pb,Inheritance,"weighted mean 206Pb/238U LA-ICP-MS of five oldest concordant zircon analyses, MSWD=0.70, n=5; explained as inherited ages from the original AMCG igneous age (1170-1130 Ma)",Zircon,LA-ICP-MS,Direct,Grenville Province,NY,43.6823,-74.0478,"Barton Garnet Mine (Pit 4 area), Gore Mountain, North Creek, NY (lat/long converted from DMS in Table 1, p. 6: 43°40'56.1""N, 74°2'52.2""W)","Adirondack Highlands, Gore Mountain",Metamorphic,megacrystic garnet amphibolite (GMGA),"Shinevar, W.J., Jagoutz, O., VanTongeren, J.A., 2021. Gore Mountain garnet amphibolite records UHT conditions: implications for the rheology of the lower continental crust during orogenesis. Journal of Petrology, 62(4), egab007, 1-28. doi:10.1093/petrology/egab007 [text p. 14; Fig. 14a p. 14]"
99-1a,1047.3,9.2,9.2,U/Pb,Igneous Crystallization,"Concordia age (Tera-Wasserburg), Cameca IMS 1270 SIMS, n=7 zircon grains without inherited cores and rims on grains with cores, MSWD=1.7 (concordance+equivalence); authors conclude LMG intruded 1060-1050 Ma",Zircon,SIMS,Direct,Grenville Province,NY,,,Ausable River near Clintonville (CV),"Adirondack Highlands, Lyon Mountain Granite (NE Adirondack magnetite-apatite district)",Plutonic,perthite granite (LMG perthite facies),"Valley, P.M., Hanchar, J.M., Whitehouse, M.J., 2011. New insights on the evolution of the Lyon Mountain Granite and associated Kiruna-type magnetite-apatite deposits, Adirondack Mountains, New York State. Geosphere, 7(2), 357-389. doi:10.1130/GES00624.1 [Table 6, p. 374; Table 7, p. 375; text p. 374; Fig. 13A, p. 378]"
99-6c,1050.5,5.2,5.2,U/Pb,Igneous Crystallization,"Concordia age, SIMS, n=11 single-age grains and rims on grains with cores, MSWD=1.3; microcline granite = K-altered perthite granite, zircon age unmodified by K alteration; ~ same outcrop as McLelland et al. (2001a) SHRIMP 1055 +/- 7",Zircon,SIMS,Direct,Grenville Province,NY,,,~1.6 km W of Dannemora (D),"Adirondack Highlands, Lyon Mountain Granite (NE Adirondack magnetite-apatite district)",Plutonic,microcline granite (potassically altered LMG),"Valley, P.M., Hanchar, J.M., Whitehouse, M.J., 2011. New insights on the evolution of the Lyon Mountain Granite and associated Kiruna-type magnetite-apatite deposits, Adirondack Mountains, New York State. Geosphere, 7(2), 357-389. doi:10.1130/GES00624.1 [Table 6, p. 374; Table 7, p. 375; text p. 374; Fig. 13B, p. 378]"
99-2b,1033.0,8.6,8.6,U/Pb,Metamorphic,"Concordia age, SIMS, n=4 patchy-zoned zircons, MSWD=0.22 (text p. 374 rounds to 1033 +/- 9); interpreted as HYDROTHERMAL zircon growth during Na alteration (not igneous); cores ca. 1150 and rims ca. 1060 Ma did not give a reliable age",Zircon,SIMS,Direct,Grenville Province,NY,,,"Dry Bridge, ~3.2 km NE of Ausable Forks (DB)","Adirondack Highlands, Lyon Mountain Granite (NE Adirondack magnetite-apatite district)",Hydrothermal,albite granite (Na-altered LMG),"Valley, P.M., Hanchar, J.M., Whitehouse, M.J., 2011. New insights on the evolution of the Lyon Mountain Granite and associated Kiruna-type magnetite-apatite deposits, Adirondack Mountains, New York State. Geosphere, 7(2), 357-389. doi:10.1130/GES00624.1 [Table 6, p. 374; Table 7, p. 375; text p. 374; Fig. 13C, p. 378]"
LM-06-1a,1040.9,6.8,6.8,U/Pb,Igneous Crystallization,"Concordia age, SIMS, n=11, MSWD=0.99; dike crosscuts granitic fabric and main orebody; maximum age for Na alteration at Chateaugay Mine, minimum age for clinopyroxene-magnetite ore",Zircon,SIMS,Direct,Grenville Province,NY,,,"Chateaugay Mine, Lyon Mountain (LM)","Adirondack Highlands, Lyon Mountain Granite (NE Adirondack magnetite-apatite district)",Plutonic,crosscutting plagioclase-rich granitoid dike,"Valley, P.M., Hanchar, J.M., Whitehouse, M.J., 2011. New insights on the evolution of the Lyon Mountain Granite and associated Kiruna-type magnetite-apatite deposits, Adirondack Mountains, New York State. Geosphere, 7(2), 357-389. doi:10.1130/GES00624.1 [Table 6, p. 374; Table 8, p. 375; text p. 376; Fig. 13D, p. 378]"
99-6b,1016.5,6.5,6.5,U/Pb,Igneous Crystallization,"Concordia age, SIMS, n=8 rims and single-age grains, Table 6 error 6.5 (text p. 376 and Fig. 13E give 1016.5 +/- 6.9, MSWD=1.2)",Zircon,SIMS,Direct,Grenville Province,NY,,,"Dannemora (D), same locality as 99-6c; crosscuts microcline granite fabric","Adirondack Highlands, Lyon Mountain Granite (NE Adirondack magnetite-apatite district)",Plutonic,granite pegmatite dike,"Valley, P.M., Hanchar, J.M., Whitehouse, M.J., 2011. New insights on the evolution of the Lyon Mountain Granite and associated Kiruna-type magnetite-apatite deposits, Adirondack Mountains, New York State. Geosphere, 7(2), 357-389. doi:10.1130/GES00624.1 [Table 6, p. 374; Table 8, p. 375; text p. 376; Fig. 13E, p. 378]"
00-03,1030.4,11.0,11.0,U/Pb,Igneous Crystallization,"Concordia age, SIMS, n=5 rims and core-free grains, MSWD=1.8; Table 6 and Fig. 13F give +/- 11 but text p. 376 gives +/- 1.8 Ma (note Fig. 13F MSWD=1.8); inherited cores of AMCG (ca. 1150) and LMG (ca. 1060) age",Zircon,SIMS,Direct,Grenville Province,NY,,,Road cut at base of Skiff Mountain (SM); crosscuts microcline granite,"Adirondack Highlands, Lyon Mountain Granite (NE Adirondack magnetite-apatite district)",Plutonic,granitic pegmatite dike,"Valley, P.M., Hanchar, J.M., Whitehouse, M.J., 2011. New insights on the evolution of the Lyon Mountain Granite and associated Kiruna-type magnetite-apatite deposits, Adirondack Mountains, New York State. Geosphere, 7(2), 357-389. doi:10.1130/GES00624.1 [Table 6, p. 374; Table 8, p. 375; text p. 376; Fig. 13F, p. 378]"
00-11,1046.0,11.0,11.0,U/Pb,,"Concordia age, SIMS, n=5, MSWD=0.61; rare inherited cores ca. 1130 Ma; authors do not state whether zircon is igneous or metamorphic (amphibolite layers ""of uncertain origin"")",Zircon,SIMS,Direct,Grenville Province,NY,,,"West side of Skiff Mountain (SM), amphibolite layer 2 m below upper ore seam","Adirondack Highlands, Lyon Mountain Granite (NE Adirondack magnetite-apatite district)",Metamorphic,amphibolite layer within LMG,"Valley, P.M., Hanchar, J.M., Whitehouse, M.J., 2011. New insights on the evolution of the Lyon Mountain Granite and associated Kiruna-type magnetite-apatite deposits, Adirondack Mountains, New York State. Geosphere, 7(2), 357-389. doi:10.1130/GES00624.1 [Table 6, p. 374; Table 9, p. 376; text p. 376; Fig. 13G, p. 378]"
F-06-1a,1018.6,7.6,7.6,U/Pb,,"Concordia age, SIMS; Table 6 gives 1018.6 but text p. 376 and Fig. 13H give 1018.8 +/- 7.6 (n=12, MSWD=1.5); authors do not state zircon origin",Zircon,SIMS,Direct,Grenville Province,NY,,,"~100 m E of cemetery, Ausable Forks (AF); ~10 m amphibolite layer separating Na-altered LMG from fayalite granite","Adirondack Highlands, Lyon Mountain Granite (NE Adirondack magnetite-apatite district)",Metamorphic,amphibolite layer (mafic body),"Valley, P.M., Hanchar, J.M., Whitehouse, M.J., 2011. New insights on the evolution of the Lyon Mountain Granite and associated Kiruna-type magnetite-apatite deposits, Adirondack Mountains, New York State. Geosphere, 7(2), 357-389. doi:10.1130/GES00624.1 [Table 6, p. 374; Table 9, p. 376; text p. 376; Fig. 13H, p. 378]"
MA1,1159.04,0.42,0.42,U/Pb,Igneous Crystallization,"weighted mean 206Pb/238U of 3 concordant CA-ID-TIMS analyses (z6, z10a, z10b), MSWD=1.5; 2s analytical; grain data in Table S2 (Supporting Information, not in PDF)",Zircon,TIMS,Direct,Grenville Province,NY,44.0768,-74.0569,"Interior of Marcy Massif, ~10 km from southern margin (lat/long from text p. 4)","Adirondack Highlands, Marcy anorthosite massif",Plutonic,anorthosite (Marcy facies),"Zhang, Y., Hodgin, E.B., Schmitz, M.D., Schwartz, D.M., Mohr, M.T., Crowley, J.L., Swanson-Hysell, N.L., 2026. Protracted high-grade metamorphism and slow cooling in the Adirondacks recalibrate Neoproterozoic global paleogeography. Tectonics, 45, e2025TC009333. doi:10.1029/2025TC009333 [text p. 9 (Section 4.1); also p. 5 and Fig. 3 caption p. 6]"
MA1,1013.17,0.65,0.65,U/Pb,Metamorphic,"single metamorphic zircon grain MA1-z7, CA-ID-TIMS 206Pb/238U date (text p. 5); NOTE Fig. 3 caption p. 6 gives z7 = 1012.98 +/- 0.82 Ma (internal inconsistency)",Zircon,TIMS,Direct,Grenville Province,NY,44.0768,-74.0569,"Interior of Marcy Massif, ~10 km from southern margin (lat/long from text p. 4)","Adirondack Highlands, Marcy anorthosite massif",Plutonic,anorthosite (Marcy facies),"Zhang, Y., Hodgin, E.B., Schmitz, M.D., Schwartz, D.M., Mohr, M.T., Crowley, J.L., Swanson-Hysell, N.L., 2026. Protracted high-grade metamorphism and slow cooling in the Adirondacks recalibrate Neoproterozoic global paleogeography. Tectonics, 45, e2025TC009333. doi:10.1029/2025TC009333 [text p. 5 (Section 3.1); Fig. 3 caption p. 6]"
MA5,995.81,0.74,0.74,U/Pb,Metamorphic,"youngest concordant metamorphic zircon grain MA5-z5, CA-ID-TIMS 206Pb/238U date; authors: Marcy Massif at 628+/-30 C at this time; other metamorphic grain MA5-z6 = 1016.75 +/- 0.68 Ma (text p. 5; Fig. 3b label 1016.70)",Zircon,TIMS,Direct,Grenville Province,NY,43.9712,-74.0498,Near southern border of Marcy Massif (lat/long from text p. 5),"Adirondack Highlands, Marcy anorthosite massif",Plutonic,garnet-bearing leucogabbro (Whiteface facies),"Zhang, Y., Hodgin, E.B., Schmitz, M.D., Schwartz, D.M., Mohr, M.T., Crowley, J.L., Swanson-Hysell, N.L., 2026. Protracted high-grade metamorphism and slow cooling in the Adirondacks recalibrate Neoproterozoic global paleogeography. Tectonics, 45, e2025TC009333. doi:10.1029/2025TC009333 [text p. 5-6 (Section 3.1); Fig. 3 caption p. 6]"
MA12,1000.0,21.0,21.0,U/Pb,Metamorphic,"Tera-Wasserburg lower intercept of 35 LA-ICP-MS titanite analyses, MSWD=2.4 (2s analytical); 8 ID-TIMS grains 1017.91-995.95 Ma (Table S5, SI only); authors discuss metamorphic vs cooling interpretations",Titanite,LA-ICP-MS,Direct,Grenville Province,NY,44.3008,-73.7896,Northern Marcy Massif (lat/long from text p. 5),"Adirondack Highlands, Marcy anorthosite massif",Plutonic,gabbroic zone within Marcy facies anorthosite with blue-gray feldspar megacrysts,"Zhang, Y., Hodgin, E.B., Schmitz, M.D., Schwartz, D.M., Mohr, M.T., Crowley, J.L., Swanson-Hysell, N.L., 2026. Protracted high-grade metamorphism and slow cooling in the Adirondacks recalibrate Neoproterozoic global paleogeography. Tectonics, 45, e2025TC009333. doi:10.1029/2025TC009333 [text p. 7 (Section 3.3)]"
FB10,1114.0,2.0,2.0,U/Pb,Metamorphic,"concordant (0.1% disc.) small flat zircon fraction FB10/3, 207Pb/206Pb; metamorphism of post-1160 Ma dyke; coarser fractions contain inheritance",Zircon,TIMS,Direct,Grenville Province,ON,,,"Locality 1, Parry Sound domain; UTM E580200 N5017720 (zone/datum not stated, Table 1)","Central Gneiss Belt, Parry Sound domain",Metamorphic,amphibolitized metadiabase dyke cutting granulite migmatite,"Bussy, F., Krogh, T.E., Klemens, W.P. and Schwerdtner, W.M., 1995. Tectonic and metamorphic events in the westernmost Grenville Province, central Ontario: new results from high-precision U-Pb zircon geochronology. Canadian Journal of Earth Sciences, 32(5), 660-671. doi:10.1139/e95-055 [Table 1, p. 665; text p. 663-664]"
FB17,1064.0,2.0,2.0,U/Pb,Metamorphic,mean Pb-Pb age of 3 analytically identical fine equant zircon fractions (FB17/2-4),Zircon,TIMS,Direct,Grenville Province,ON,,,"Locality 2, Moon River domain; UTM E604635 N4985355 (zone/datum not stated, Table 1)","Central Gneiss Belt, Moon River domain",Metamorphic,attenuated amphibolitized metadiabase dyke,"Bussy, F., Krogh, T.E., Klemens, W.P. and Schwerdtner, W.M., 1995. Tectonic and metamorphic events in the westernmost Grenville Province, central Ontario: new results from high-precision U-Pb zircon geochronology. Canadian Journal of Earth Sciences, 32(5), 660-671. doi:10.1139/e95-055 [Table 1, p. 665; text p. 664]"
FB18,1051.0,2.0,2.0,U/Pb,Metamorphic,mean Pb-Pb age of 3 zircon fractions (FB18/1-3),Zircon,TIMS,Direct,Grenville Province,ON,,,"Locality 3, Moon River domain; UTM E621080 N4981750 (zone/datum not stated, Table 1)","Central Gneiss Belt, Moon River domain",Metamorphic,mafic layer (metadiabase) in felsic gneiss,"Bussy, F., Krogh, T.E., Klemens, W.P. and Schwerdtner, W.M., 1995. Tectonic and metamorphic events in the westernmost Grenville Province, central Ontario: new results from high-precision U-Pb zircon geochronology. Canadian Journal of Earth Sciences, 32(5), 660-671. doi:10.1139/e95-055 [Table 1, p. 665; text p. 664]"
FB12,1047.0,2.0,2.0,U/Pb,Metamorphic,"mean of 3 concordant zircon fractions (1049, 1047, 1046 Ma)",Zircon,TIMS,Direct,Grenville Province,ON,,,"Locality 4, Gibson Chapel, Muskoka Road 38, central Go Home domain; UTM E599750 N4983320 (zone/datum not stated, Table 1)","Central Gneiss Belt, Go Home domain",Metamorphic,tightly folded amphibolitized mafic dyke,"Bussy, F., Krogh, T.E., Klemens, W.P. and Schwerdtner, W.M., 1995. Tectonic and metamorphic events in the westernmost Grenville Province, central Ontario: new results from high-precision U-Pb zircon geochronology. Canadian Journal of Earth Sciences, 32(5), 660-671. doi:10.1139/e95-055 [Table 1, p. 665; text p. 664]"
FB13,1047.0,2.0,2.0,U/Pb,Igneous Crystallization,single concordant zircon overgrowth fragment FB13/1 (0.2% disc.); emplacement of postfolding anatectic pegmatite,Zircon,TIMS,Direct,Grenville Province,ON,,,"Locality 4, Gibson Chapel, Muskoka Road 38, central Go Home domain; UTM E599750 N4983320 (zone/datum not stated, Table 1)","Central Gneiss Belt, Go Home domain",Plutonic,unstrained anatectic pegmatitic infill in fold hinge,"Bussy, F., Krogh, T.E., Klemens, W.P. and Schwerdtner, W.M., 1995. Tectonic and metamorphic events in the westernmost Grenville Province, central Ontario: new results from high-precision U-Pb zircon geochronology. Canadian Journal of Earth Sciences, 32(5), 660-671. doi:10.1139/e95-055 [Table 1, p. 665; text p. 664]"
FB8,1078.0,2.0,2.0,U/Pb,Metamorphic,perfectly concordant single brown prism FB8/1; metamorphic growth (migmatization),Zircon,TIMS,Direct,Grenville Province,ON,,,"Locality 5, Ahmic domain; UTM E604610 N5058220 (zone/datum not stated, Table 1)","Central Gneiss Belt, Ahmic domain",Metamorphic,migmatitic host gneiss,"Bussy, F., Krogh, T.E., Klemens, W.P. and Schwerdtner, W.M., 1995. Tectonic and metamorphic events in the westernmost Grenville Province, central Ontario: new results from high-precision U-Pb zircon geochronology. Canadian Journal of Earth Sciences, 32(5), 660-671. doi:10.1139/e95-055 [Table 1, p. 665; text p. 667]"
FB8,1302.0,27.0,27.0,U/Pb,Protolith age,zircon prisms (FB8/2-3) projected from 1080 Ma,Zircon,TIMS,Direct,Grenville Province,ON,,,"Locality 5, Ahmic domain; UTM E604610 N5058220 (zone/datum not stated, Table 1)","Central Gneiss Belt, Ahmic domain",Metamorphic,migmatitic host gneiss,"Bussy, F., Krogh, T.E., Klemens, W.P. and Schwerdtner, W.M., 1995. Tectonic and metamorphic events in the westernmost Grenville Province, central Ontario: new results from high-precision U-Pb zircon geochronology. Canadian Journal of Earth Sciences, 32(5), 660-671. doi:10.1139/e95-055 [Table 1, p. 665; text p. 667; Fig. 7a]"
FB6,1080.0,2.0,2.0,U/Pb,Igneous Crystallization,"two concordant zircon fractions (FB6/2, 6/3: 1079 and 1080 +/- 2 Ma); anatectic pegmatite at boudin neck; migmatization/ductile flow at 1079 +/- 2 Ma per conclusions",Zircon,TIMS,Direct,Grenville Province,ON,,,"Locality 5, Ahmic domain; UTM E604610 N5058220 (zone/datum not stated, Table 1)","Central Gneiss Belt, Ahmic domain",Plutonic,anatectic pegmatitic infill at metadiabase boudin neck,"Bussy, F., Krogh, T.E., Klemens, W.P. and Schwerdtner, W.M., 1995. Tectonic and metamorphic events in the westernmost Grenville Province, central Ontario: new results from high-precision U-Pb zircon geochronology. Canadian Journal of Earth Sciences, 32(5), 660-671. doi:10.1139/e95-055 [Table 1, p. 665; text p. 667, 669; Fig. 7b]"
FB1/6,1068.0,,,U/Pb,Igneous Crystallization,"single titanite fraction, 207Pb/206Pb apparent age (no age uncertainty given); authors: minimum Pb-Pb age; emplacement equivocal (zircon+titanite discordia intercepts 1372 +18/-17 and 1045 +/- 11 Ma)",Titanite,TIMS,Minimum Direct,Grenville Province,ON,,,"Locality 6, Ahmic domain, Ahmic-Parry Sound domain boundary; UTM E594670 N5057100 (zone/datum not stated, Table 1)","Central Gneiss Belt, Ahmic domain",Plutonic,Love Lake granite sheet,"Bussy, F., Krogh, T.E., Klemens, W.P. and Schwerdtner, W.M., 1995. Tectonic and metamorphic events in the westernmost Grenville Province, central Ontario: new results from high-precision U-Pb zircon geochronology. Canadian Journal of Earth Sciences, 32(5), 660-671. doi:10.1139/e95-055 [Table 1, p. 666; text p. 667-668; Fig. 8]"
FB5,990.0,4.0,3.0,U/Pb,Igneous Crystallization,"upper intercept of 3 collinear zircon fractions (FB5/3-5); emplacement of postmigmatite pegmatite, upper limit on late buckling",Zircon,TIMS,Direct,Grenville Province,ON,,,"Locality 7, Ahmic domain; UTM E604450 N5058590 (zone/datum not stated, Table 1)","Central Gneiss Belt, Ahmic domain",Plutonic,deformed (buckled) postmigmatite granitic pegmatite dyke,"Bussy, F., Krogh, T.E., Klemens, W.P. and Schwerdtner, W.M., 1995. Tectonic and metamorphic events in the westernmost Grenville Province, central Ontario: new results from high-precision U-Pb zircon geochronology. Canadian Journal of Earth Sciences, 32(5), 660-671. doi:10.1139/e95-055 [Table 1, p. 666; text p. 668; Fig. 9]"
FB5,1448.0,32.0,28.0,U/Pb,Inheritance,"resorbed inherited zircon (FB5/2, 5/6) projected from 990 Ma; maximum age of source",Zircon,TIMS,Maximum Direct,Grenville Province,ON,,,"Locality 7, Ahmic domain; UTM E604450 N5058590 (zone/datum not stated, Table 1)","Central Gneiss Belt, Ahmic domain",Plutonic,deformed (buckled) postmigmatite granitic pegmatite dyke,"Bussy, F., Krogh, T.E., Klemens, W.P. and Schwerdtner, W.M., 1995. Tectonic and metamorphic events in the westernmost Grenville Province, central Ontario: new results from high-precision U-Pb zircon geochronology. Canadian Journal of Earth Sciences, 32(5), 660-671. doi:10.1139/e95-055 [Table 1, p. 666; text p. 669]"
C4 (C-96-4),2468.0,5.0,5.0,U/Pb,Igneous Crystallization,"upper intercept, line anchored through 1471 Ma (analyses 1,2,4)",Zircon,TIMS,Direct,Grenville Province,ON,,,"Street Township E of Sudbury; UTM E524975 N5153570 (zone/datum not stated, Table 1)",Grenville Front Tectonic Zone,Plutonic,orthopyroxene-hornblendite (Huronian mafic intrusion),"Corfu, F. and Easton, R.M., 2000. U–Pb evidence for polymetamorphic history of Huronian rocks within the Grenville front tectonic zone east of Sudbury, Ontario, Canada. Chemical Geology, 172(1-2), 149-171. doi:10.1016/S0009-2541(00)00241-2 [Table 1, p. 155-157; text p. 159]"
C4 (C-96-4),1471.0,10.0,10.0,U/Pb,Metamorphic,"upper intercept (analyses 10-14), likely metamorphic zircon (Chieflakian event)",Zircon,TIMS,Direct,Grenville Province,ON,,,"Street Township E of Sudbury; UTM E524975 N5153570 (zone/datum not stated, Table 1)",Grenville Front Tectonic Zone,Plutonic,orthopyroxene-hornblendite (Huronian mafic intrusion),"Corfu, F. and Easton, R.M., 2000. U–Pb evidence for polymetamorphic history of Huronian rocks within the Grenville front tectonic zone east of Sudbury, Ontario, Canada. Chemical Geology, 172(1-2), 149-171. doi:10.1016/S0009-2541(00)00241-2 [Table 1, p. 155-157; text p. 159]"
C3 (C-96-3),2475.0,25.0,15.0,U/Pb,Igneous Crystallization,estimated from upper intercepts of discordant arrays,Zircon,TIMS,Direct,Grenville Province,ON,,,"Street Township E of Sudbury; UTM E528800 N5154033 (zone/datum not stated, Table 1)",Grenville Front Tectonic Zone,Plutonic,foliated biotite-hornblende granite,"Corfu, F. and Easton, R.M., 2000. U–Pb evidence for polymetamorphic history of Huronian rocks within the Grenville front tectonic zone east of Sudbury, Ontario, Canada. Chemical Geology, 172(1-2), 149-171. doi:10.1016/S0009-2541(00)00241-2 [Table 1, p. 155-157; text p. 160]"
C3 (C-96-3),1720.0,36.0,19.0,U/Pb,Metamorphic,"upper intercept of titanite discordia (analyses 23,25-28), Killarnean metamorphism",Titanite,TIMS,Direct,Grenville Province,ON,,,"Street Township E of Sudbury; UTM E528800 N5154033 (zone/datum not stated, Table 1)",Grenville Front Tectonic Zone,Plutonic,foliated biotite-hornblende granite,"Corfu, F. and Easton, R.M., 2000. U–Pb evidence for polymetamorphic history of Huronian rocks within the Grenville front tectonic zone east of Sudbury, Ontario, Canada. Chemical Geology, 172(1-2), 149-171. doi:10.1016/S0009-2541(00)00241-2 [Table 1, p. 155-157; text p. 160]"
C3 (C-96-3),977.0,8.0,8.0,U/Pb,Metamorphic,lower intercept of titanite discordia (Grenvillian overprint),Titanite,TIMS,Direct,Grenville Province,ON,,,"Street Township E of Sudbury; UTM E528800 N5154033 (zone/datum not stated, Table 1)",Grenville Front Tectonic Zone,Plutonic,foliated biotite-hornblende granite,"Corfu, F. and Easton, R.M., 2000. U–Pb evidence for polymetamorphic history of Huronian rocks within the Grenville front tectonic zone east of Sudbury, Ontario, Canada. Chemical Geology, 172(1-2), 149-171. doi:10.1016/S0009-2541(00)00241-2 [Table 1, p. 155-157; text p. 160]"
C3 (C-96-3),987.0,9.0,9.0,U/Pb,Metamorphic,"concordant titanite fraction 28, 207Pb/206Pb; newly grown Grenvillian titanite",Titanite,TIMS,Direct,Grenville Province,ON,,,"Street Township E of Sudbury; UTM E528800 N5154033 (zone/datum not stated, Table 1)",Grenville Front Tectonic Zone,Plutonic,foliated biotite-hornblende granite,"Corfu, F. and Easton, R.M., 2000. U–Pb evidence for polymetamorphic history of Huronian rocks within the Grenville front tectonic zone east of Sudbury, Ontario, Canada. Chemical Geology, 172(1-2), 149-171. doi:10.1016/S0009-2541(00)00241-2 [Table 1, p. 155-157; text p. 160, 162]"
C3 (C-96-3),932.0,6.0,6.0,U/Pb,Cooling,"single imprecise apatite analysis (29), 206Pb/238U; authors: late closure during cooling",Apatite,TIMS,Direct,Grenville Province,ON,,,"Street Township E of Sudbury; UTM E528800 N5154033 (zone/datum not stated, Table 1)",Grenville Front Tectonic Zone,Plutonic,foliated biotite-hornblende granite,"Corfu, F. and Easton, R.M., 2000. U–Pb evidence for polymetamorphic history of Huronian rocks within the Grenville front tectonic zone east of Sudbury, Ontario, Canada. Chemical Geology, 172(1-2), 149-171. doi:10.1016/S0009-2541(00)00241-2 [Table 1, p. 155-157; text p. 161, 168]"
C7 (C-96-7),2460.0,20.0,20.0,U/Pb,Igneous Crystallization,inferred age covering range of upper intercepts 2450-2475 Ma,Zircon,TIMS,Direct,Grenville Province,ON,,,"Street Township E of Sudbury; UTM E532050 N5162180 (zone/datum not stated, Table 1)",Grenville Front Tectonic Zone,Plutonic,foliated biotite-hornblende granite,"Corfu, F. and Easton, R.M., 2000. U–Pb evidence for polymetamorphic history of Huronian rocks within the Grenville front tectonic zone east of Sudbury, Ontario, Canada. Chemical Geology, 172(1-2), 149-171. doi:10.1016/S0009-2541(00)00241-2 [Table 1, p. 155-157; text p. 161]"
C2 (C-96-2),995.0,3.0,3.0,U/Pb,Metamorphic,"concordant zircon fragment 41, 207Pb/206Pb; leucosome crystallization/melting; authors caution possible inheritance, alternative pooled 207Pb/206Pb of tips 42-43 = 987 +/- 3 Ma",Zircon,TIMS,Direct,Grenville Province,ON,,,"Street Township E of Sudbury; UTM E528800 N5154033 (zone/datum not stated, Table 1)",Grenville Front Tectonic Zone,Metamorphic,folded granitic leucosome veins in granite,"Corfu, F. and Easton, R.M., 2000. U–Pb evidence for polymetamorphic history of Huronian rocks within the Grenville front tectonic zone east of Sudbury, Ontario, Canada. Chemical Geology, 172(1-2), 149-171. doi:10.1016/S0009-2541(00)00241-2 [Table 1, p. 155-157; text p. 161, 167]"
C1 (C-96-1),989.0,2.0,2.0,U/Pb,Igneous Crystallization,"weighted average of 4 zircon tips (49-52); emplacement of syn- to late-tectonic pegmatite, minimum age of deformation",Zircon,TIMS,Direct,Grenville Province,ON,,,"Street Township E of Sudbury; UTM E528804 N5154053 (zone/datum not stated, Table 1)",Grenville Front Tectonic Zone,Plutonic,undeformed biotite-hornblende pegmatite vein,"Corfu, F. and Easton, R.M., 2000. U–Pb evidence for polymetamorphic history of Huronian rocks within the Grenville front tectonic zone east of Sudbury, Ontario, Canada. Chemical Geology, 172(1-2), 149-171. doi:10.1016/S0009-2541(00)00241-2 [Table 1, p. 155-157; text p. 162, 167]"
C6 (C-96-6),982.2,1.4,1.4,U/Pb,Metamorphic,weighted average 207Pb/206Pb of 3 monazite analyses (64-66),Monazite,TIMS,Direct,Grenville Province,ON,,,"Street Township E of Sudbury; UTM E531930 N5162020 (zone/datum not stated, Table 1)",Grenville Front Tectonic Zone,Metamorphic,rutile-kyanite-staurolite-garnet-biotite-muscovite schist,"Corfu, F. and Easton, R.M., 2000. U–Pb evidence for polymetamorphic history of Huronian rocks within the Grenville front tectonic zone east of Sudbury, Ontario, Canada. Chemical Geology, 172(1-2), 149-171. doi:10.1016/S0009-2541(00)00241-2 [Table 1, p. 155-157; text p. 162]"
C6 (C-96-6),986.7,3.0,3.0,U/Pb,Metamorphic,"single monazite grain 63, 207Pb/206Pb (episodic monazite growth)",Monazite,TIMS,Direct,Grenville Province,ON,,,"Street Township E of Sudbury; UTM E531930 N5162020 (zone/datum not stated, Table 1)",Grenville Front Tectonic Zone,Metamorphic,rutile-kyanite-staurolite-garnet-biotite-muscovite schist,"Corfu, F. and Easton, R.M., 2000. U–Pb evidence for polymetamorphic history of Huronian rocks within the Grenville front tectonic zone east of Sudbury, Ontario, Canada. Chemical Geology, 172(1-2), 149-171. doi:10.1016/S0009-2541(00)00241-2 [Table 1, p. 155-157; text p. 162]"
C6 (C-96-6),971.0,,,U/Pb,Cooling,"""averaging about 971 Ma"" 207Pb/206Pb of 2 slightly discordant rutile analyses (67-68); no uncertainty given for the average; authors: possible cooling ages (with caution)",Rutile,TIMS,Direct,Grenville Province,ON,,,"Street Township E of Sudbury; UTM E531930 N5162020 (zone/datum not stated, Table 1)",Grenville Front Tectonic Zone,Metamorphic,rutile-kyanite-staurolite-garnet-biotite-muscovite schist,"Corfu, F. and Easton, R.M., 2000. U–Pb evidence for polymetamorphic history of Huronian rocks within the Grenville front tectonic zone east of Sudbury, Ontario, Canada. Chemical Geology, 172(1-2), 149-171. doi:10.1016/S0009-2541(00)00241-2 [Table 1, p. 155-157; text p. 162, 168]"
C6 (C-96-6),949.0,10.0,10.0,U/Pb,Cooling,"single imprecise apatite analysis (69), 206Pb/238U",Apatite,TIMS,Direct,Grenville Province,ON,,,"Street Township E of Sudbury; UTM E531930 N5162020 (zone/datum not stated, Table 1)",Grenville Front Tectonic Zone,Metamorphic,rutile-kyanite-staurolite-garnet-biotite-muscovite schist,"Corfu, F. and Easton, R.M., 2000. U–Pb evidence for polymetamorphic history of Huronian rocks within the Grenville front tectonic zone east of Sudbury, Ontario, Canada. Chemical Geology, 172(1-2), 149-171. doi:10.1016/S0009-2541(00)00241-2 [Table 1, p. 155-157; text p. 162, 168]"
C5 (C-96-5),992.0,8.0,8.0,U/Pb,Metamorphic,"nearly concordant metamorphic zircon tip 75, 207Pb/206Pb",Zircon,TIMS,Direct,Grenville Province,ON,,,"Street Township E of Sudbury; UTM E531900 N5161900 (zone/datum not stated, Table 1)",Grenville Front Tectonic Zone,Metamorphic,rutile-staurolite-muscovite-kyanite-garnet-biotite gneiss (paragneiss),"Corfu, F. and Easton, R.M., 2000. U–Pb evidence for polymetamorphic history of Huronian rocks within the Grenville front tectonic zone east of Sudbury, Ontario, Canada. Chemical Geology, 172(1-2), 149-171. doi:10.1016/S0009-2541(00)00241-2 [Table 1, p. 155-157; text p. 163]"
C5 (C-96-5),973.0,4.0,4.0,U/Pb,Cooling,"slightly discordant rutile fraction 81, 207Pb/206Pb; authors: possible cooling age (with caution; fraction 80 gives 999 +/- 7 Ma)",Rutile,TIMS,Direct,Grenville Province,ON,,,"Street Township E of Sudbury; UTM E531900 N5161900 (zone/datum not stated, Table 1)",Grenville Front Tectonic Zone,Metamorphic,rutile-staurolite-muscovite-kyanite-garnet-biotite gneiss (paragneiss),"Corfu, F. and Easton, R.M., 2000. U–Pb evidence for polymetamorphic history of Huronian rocks within the Grenville front tectonic zone east of Sudbury, Ontario, Canada. Chemical Geology, 172(1-2), 149-171. doi:10.1016/S0009-2541(00)00241-2 [Table 1, p. 155-157; text p. 164, 168]"
C5 (C-96-5),959.0,12.0,12.0,U/Pb,Cooling,"single imprecise apatite analysis (82), 206Pb/238U",Apatite,TIMS,Direct,Grenville Province,ON,,,"Street Township E of Sudbury; UTM E531900 N5161900 (zone/datum not stated, Table 1)",Grenville Front Tectonic Zone,Metamorphic,rutile-staurolite-muscovite-kyanite-garnet-biotite gneiss (paragneiss),"Corfu, F. and Easton, R.M., 2000. U–Pb evidence for polymetamorphic history of Huronian rocks within the Grenville front tectonic zone east of Sudbury, Ontario, Canada. Chemical Geology, 172(1-2), 149-171. doi:10.1016/S0009-2541(00)00241-2 [Table 1, p. 155-157; text p. 164, 168]"
JF10-16,1663.0,35.0,35.0,U/Pb,Protolith age,concordia upper intercept of oscillatory-zoned cores (igneous protolith),Zircon,SHRIMP,Direct,Grenville Province,ON,,,"upper North Tea Lake shear zone (NTLSZ), basal shear zone of Kiosk domain; coordinates not given","Central Gneiss Belt, Kiosk domain",Metamorphic,meta-quartz-monzonite orthogneiss (granulite LS straight gneiss),"Culshaw, N., Foster, J., Marsh, J., Slagstad, T. and Gerbi, C., 2016. Kiosk domain, Central Gneiss Belt, Grenville Province, Ontario: A Labradorian palimpsest preserved in the ductile deep crust. Precambrian Research, 280, 249-278. doi:10.1016/j.precamres.2016.05.002 [Table 1, p. 262-264; text p. 265; Fig. 14 p. 268]"
JF10-16,1459.0,8.0,8.0,U/Pb,Metamorphic,upper intercept of recrystallized mantles; ca. 1450 Ma anatectic granulite-facies metamorphism,Zircon,SHRIMP,Direct,Grenville Province,ON,,,"upper North Tea Lake shear zone (NTLSZ), basal shear zone of Kiosk domain; coordinates not given","Central Gneiss Belt, Kiosk domain",Metamorphic,meta-quartz-monzonite orthogneiss (granulite LS straight gneiss),"Culshaw, N., Foster, J., Marsh, J., Slagstad, T. and Gerbi, C., 2016. Kiosk domain, Central Gneiss Belt, Grenville Province, Ontario: A Labradorian palimpsest preserved in the ductile deep crust. Precambrian Research, 280, 249-278. doi:10.1016/j.precamres.2016.05.002 [Table 1, p. 262-264; text p. 265; Fig. 14 p. 268]"
JF10-17,1632.0,13.0,13.0,U/Pb,Protolith age,concordia upper intercept of cores,Zircon,SHRIMP,Direct,Grenville Province,ON,,,"upper North Tea Lake shear zone (NTLSZ), basal shear zone of Kiosk domain; coordinates not given","Central Gneiss Belt, Kiosk domain",Metamorphic,meta-quartz-monzonite orthogneiss (granulite LS straight gneiss),"Culshaw, N., Foster, J., Marsh, J., Slagstad, T. and Gerbi, C., 2016. Kiosk domain, Central Gneiss Belt, Grenville Province, Ontario: A Labradorian palimpsest preserved in the ductile deep crust. Precambrian Research, 280, 249-278. doi:10.1016/j.precamres.2016.05.002 [Table 1, p. 262-264; text p. 265; Fig. 14 p. 268]"
JF10-17,1439.0,25.0,25.0,U/Pb,Metamorphic,upper intercept of mantles; ca. 1450 Ma granulite-facies metamorphism,Zircon,SHRIMP,Direct,Grenville Province,ON,,,"upper North Tea Lake shear zone (NTLSZ), basal shear zone of Kiosk domain; coordinates not given","Central Gneiss Belt, Kiosk domain",Metamorphic,meta-quartz-monzonite orthogneiss (granulite LS straight gneiss),"Culshaw, N., Foster, J., Marsh, J., Slagstad, T. and Gerbi, C., 2016. Kiosk domain, Central Gneiss Belt, Grenville Province, Ontario: A Labradorian palimpsest preserved in the ductile deep crust. Precambrian Research, 280, 249-278. doi:10.1016/j.precamres.2016.05.002 [Table 1, p. 262-264; text p. 265; Fig. 14 p. 268]"
JF10-30,1653.0,20.0,20.0,U/Pb,Protolith age,concordia upper intercept of cores,Zircon,SHRIMP,Direct,Grenville Province,ON,,,"upper North Tea Lake shear zone (NTLSZ), basal shear zone of Kiosk domain; coordinates not given","Central Gneiss Belt, Kiosk domain",Metamorphic,meta-quartz-monzonite orthogneiss (granulite LS straight gneiss),"Culshaw, N., Foster, J., Marsh, J., Slagstad, T. and Gerbi, C., 2016. Kiosk domain, Central Gneiss Belt, Grenville Province, Ontario: A Labradorian palimpsest preserved in the ductile deep crust. Precambrian Research, 280, 249-278. doi:10.1016/j.precamres.2016.05.002 [Table 1, p. 262-264; text p. 265; Fig. 14 p. 268]"
JF10-30,1467.0,14.0,14.0,U/Pb,Metamorphic,upper intercept of mantles; ca. 1450 Ma granulite-facies metamorphism,Zircon,SHRIMP,Direct,Grenville Province,ON,,,"upper North Tea Lake shear zone (NTLSZ), basal shear zone of Kiosk domain; coordinates not given","Central Gneiss Belt, Kiosk domain",Metamorphic,meta-quartz-monzonite orthogneiss (granulite LS straight gneiss),"Culshaw, N., Foster, J., Marsh, J., Slagstad, T. and Gerbi, C., 2016. Kiosk domain, Central Gneiss Belt, Grenville Province, Ontario: A Labradorian palimpsest preserved in the ductile deep crust. Precambrian Research, 280, 249-278. doi:10.1016/j.precamres.2016.05.002 [Table 1, p. 262-264; text p. 265; Fig. 14 p. 268]"
JF10-30,1009.0,66.0,66.0,U/Pb,Metamorphic,low-precision upper intercept of 4 thin bright rim spots (207Pb/206Pb wtd avg 998 +/- 48 Ma); localized fluid-present shearing in NTLSZ,Zircon,SHRIMP,Direct,Grenville Province,ON,,,"upper North Tea Lake shear zone (NTLSZ), basal shear zone of Kiosk domain; coordinates not given","Central Gneiss Belt, Kiosk domain",Metamorphic,meta-quartz-monzonite orthogneiss (granulite LS straight gneiss),"Culshaw, N., Foster, J., Marsh, J., Slagstad, T. and Gerbi, C., 2016. Kiosk domain, Central Gneiss Belt, Grenville Province, Ontario: A Labradorian palimpsest preserved in the ductile deep crust. Precambrian Research, 280, 249-278. doi:10.1016/j.precamres.2016.05.002 [Table 1, p. 262-264; text p. 265; Fig. 14 p. 268; text p. 272]"
JF10-71,1480.0,16.0,16.0,U/Pb,Metamorphic,upper intercept of mantles as labelled in Fig. 15 (text p. 265 gives mantle range 1439 +/- 25 to 1467 +/- 14 Ma for all four orthogneisses - discrepancy),Zircon,SHRIMP,Direct,Grenville Province,ON,,,close to Central Kiosk shear zone (CKSZ); coordinates not given,"Central Gneiss Belt, Kiosk domain",Metamorphic,meta-quartz-monzonite orthogneiss (granulite LS straight gneiss),"Culshaw, N., Foster, J., Marsh, J., Slagstad, T. and Gerbi, C., 2016. Kiosk domain, Central Gneiss Belt, Grenville Province, Ontario: A Labradorian palimpsest preserved in the ductile deep crust. Precambrian Research, 280, 249-278. doi:10.1016/j.precamres.2016.05.002 [Table 1, p. 262-264; text p. 265-266; Fig. 15 p. 269]"
CA109,1461.0,8.0,8.0,U/Pb,Metamorphic,upper intercept of 7 inner-mantle spots; granulite-facies metamorphism,Zircon,SHRIMP,Direct,Grenville Province,ON,,,central Kiosk domain; coordinates not given,"Central Gneiss Belt, Kiosk domain",Metamorphic,amphibolite enclave cut by leucosome,"Culshaw, N., Foster, J., Marsh, J., Slagstad, T. and Gerbi, C., 2016. Kiosk domain, Central Gneiss Belt, Grenville Province, Ontario: A Labradorian palimpsest preserved in the ductile deep crust. Precambrian Research, 280, 249-278. doi:10.1016/j.precamres.2016.05.002 [Table 1, p. 262-264; text p. 265-266; Fig. 15 p. 269]"
CA17,1078.0,29.0,29.0,U/Pb,Metamorphic,weighted average / anchored upper intercept of 2 reversely discordant rim spots; Ottawan deformation/metamorphism in TTSZ (abstract and discussion quote 1078 +/- 28 Ma),Zircon,SHRIMP,Direct,Grenville Province,ON,,,"Tom Thompson shear zone (TTSZ), abutting McClintock subdomain; coordinates not given","Central Gneiss Belt, Kiosk domain margin, Tom Thompson shear zone",Metamorphic,amphibolite dyke cross-cutting orthogneiss foliation,"Culshaw, N., Foster, J., Marsh, J., Slagstad, T. and Gerbi, C., 2016. Kiosk domain, Central Gneiss Belt, Grenville Province, Ontario: A Labradorian palimpsest preserved in the ductile deep crust. Precambrian Research, 280, 249-278. doi:10.1016/j.precamres.2016.05.002 [Table 1, p. 262-264; text p. 265-266; Fig. 15 p. 269; text p. 272]"
87DM-207.1,1467.0,11.0,7.0,U/Pb,Igneous Crystallization,"upper intercept of 5 abraded zircon fractions (MSWD 3.0), LI 0.72 +/- 0.19 Ga (Grenvillian and recent Pb loss); primary igneous age; intercept error level not stated (207Pb/206Pb ages in Table 1 are 2 sigma). Chief Lake granite and Little Raft Lake granodiorite in same report are Southern Province (excluded); [audit 2026-10: sigma level of published uncertainty not stated (unstated); entered as published]",Zircon,TIMS,Direct,Grenville Province,ON,,,"King's Island pluton, north shore of Georgian Bay 45 km E of Killarney, NW of GFTZ-Britt domain boundary; UTM zone 17 E502025 N5084990 (datum not stated)",Grenville Front Tectonic Zone,Plutonic,hornblende-biotite quartz monzodiorite,"Davidson, A. and van Breemen, O., 1994. U-Pb ages of granites near the Grenville Front, Ontario. In: Radiogenic Age and Isotopic Studies: Report 8, Geological Survey of Canada, Current Research 1994-F, p. 107-114. [Table 1, p. 112; text p. 110-111; Fig. 5]"
"89DMK103.2a, 86DM44, 88DMK1a, 86DM37a (sites 4-7)",1243.0,20.0,14.0,U/Pb,Igneous Crystallization,"upper intercept of all 7 baddeleyite fractions from 4 Grenville Province metadiabase dykes (Sudbury swarm); lower intercept 941 +59/-64 Ma attributed to Grenvillian metamorphism (metamorphic zircon ~1000 Ma, minimum estimate)",Baddeleyite,TIMS,Direct,Grenville Province,ON,,,"Tyson Lake area to Wahnapitae, 2-11 km SE of Grenville Front, SW/E of Sudbury; UTM in Table 1 (zone/datum not stated)",Grenville Front Tectonic Zone,Plutonic,coronitic Sudbury metadiabase dykes,"Dudàs, F.Ö., Davidson, A. and Bethune, K.M., 1994. Age of the Sudbury diabase dykes and their metamorphism in the Grenville Province, Ontario. In: Radiogenic Age and Isotopic Studies: Report 8, Geological Survey of Canada, Current Research 1994-F, p. 97-106. [Table 1, p. 99; text p. 102; Fig. 3]"
88DUD01 (8A),1442.1,1.3,1.3,U/Pb,Metamorphic,"concordant abraded single-grain monazite, 207Pb/206Pb; pre-Sudbury-diabase (~1445 Ma) metamorphism",Monazite,TIMS,Direct,Grenville Province,ON,,,"Highway 637, 0.9 km E of bridge over Mahzenazing River (Tyson Lake area); UTM 490900E 5104475N (zone/datum not stated)",Grenville Front Tectonic Zone,Metamorphic,biotite-garnet schist (metasedimentary gneiss),"Dudàs, F.Ö., Davidson, A. and Bethune, K.M., 1994. Age of the Sudbury diabase dykes and their metamorphism in the Grenville Province, Ontario. In: Radiogenic Age and Isotopic Studies: Report 8, Geological Survey of Canada, Current Research 1994-F, p. 97-106. [Table 3, p. 105; text p. 104]"
88DUD01 (8B),1440.1,2.0,2.0,U/Pb,Metamorphic,"concordant abraded single-grain monazite, 207Pb/206Pb",Monazite,TIMS,Direct,Grenville Province,ON,,,"Highway 637, 0.9 km E of bridge over Mahzenazing River (Tyson Lake area); UTM 490900E 5104475N (zone/datum not stated)",Grenville Front Tectonic Zone,Metamorphic,biotite-garnet schist (metasedimentary gneiss),"Dudàs, F.Ö., Davidson, A. and Bethune, K.M., 1994. Age of the Sudbury diabase dykes and their metamorphism in the Grenville Province, Ontario. In: Radiogenic Age and Isotopic Studies: Report 8, Geological Survey of Canada, Current Research 1994-F, p. 97-106. [Table 3, p. 105; text p. 104]"
88DUD07 (9A),1447.4,1.2,1.2,U/Pb,Metamorphic,"concordant abraded single monazite crystal, 207Pb/206Pb (unabraded fractions 9B-9C discordant)",Monazite,TIMS,Direct,Grenville Province,ON,,,Highway 637 between Attlee and Broker lakes; UTM 500150E 5108900N (zone/datum not stated),Grenville Front Tectonic Zone,Metamorphic,fine-grained garnet quartzofeldspathic gneiss (metasedimentary),"Dudàs, F.Ö., Davidson, A. and Bethune, K.M., 1994. Age of the Sudbury diabase dykes and their metamorphism in the Grenville Province, Ontario. In: Radiogenic Age and Isotopic Studies: Report 8, Geological Survey of Canada, Current Research 1994-F, p. 97-106. [Table 3, p. 105; text p. 104]"
08RME-0907,1242.1,1.1,1.1,U/Pb,Igneous Crystallization,"weighted mean 207Pb/206Pb (z1-z3), chemically abraded",Zircon,TIMS,Direct,Grenville Province,ON,44.7785,-78.4331,"Cavendish Township, Salmon Burn intrusive complex, Salerno Creek deformation zone; lat/lon computed from UTM 703092E 4961553N NAD83 zone 17 (Table 2)","Central Metasedimentary Belt, Harvey-Cardiff domain",Plutonic,"diorite, Salmon Burn intrusive complex","Easton, R.M. and Kamo, S.L., 2011. Harvey-Cardiff domain and its relationship to the Composite Arc Belt, Grenville Province: insights from U–Pb geochronology and geochemistry. Canadian Journal of Earth Sciences, 48(2), 347-370. doi:10.1139/E10-064 [Table 2, p. 356-357; Table 4, p. 366; text p. 355]"
08RME-0907,1057.0,2.7,2.7,U/Pb,Metamorphic,"concordant multigrain titanite fraction t1, 206Pb/238U; authors: best estimate of titanite crystallization if t2 lost Pb; conservative wtd mean 207Pb/206Pb of t1-t2 = 1052 +/- 16 Ma; Table 4 ""metamorphic ages - medial group""",Titanite,TIMS,Direct,Grenville Province,ON,44.7785,-78.4331,"Cavendish Township, Salmon Burn intrusive complex, Salerno Creek deformation zone; lat/lon computed from UTM 703092E 4961553N NAD83 zone 17 (Table 2)","Central Metasedimentary Belt, Harvey-Cardiff domain",Plutonic,"diorite, Salmon Burn intrusive complex","Easton, R.M. and Kamo, S.L., 2011. Harvey-Cardiff domain and its relationship to the Composite Arc Belt, Grenville Province: insights from U–Pb geochronology and geochemistry. Canadian Journal of Earth Sciences, 48(2), 347-370. doi:10.1139/E10-064 [Table 2, p. 356-357; Table 4, p. 366; text p. 355]"
08RME-0907,1050.0,3.5,3.5,U/Pb,Metamorphic,"concordant multigrain titanite fraction t2, 206Pb/238U (possibly minor Pb loss per authors); listed in Table 4",Titanite,TIMS,Direct,Grenville Province,ON,44.7785,-78.4331,"Cavendish Township, Salmon Burn intrusive complex, Salerno Creek deformation zone; lat/lon computed from UTM 703092E 4961553N NAD83 zone 17 (Table 2)","Central Metasedimentary Belt, Harvey-Cardiff domain",Plutonic,"diorite, Salmon Burn intrusive complex","Easton, R.M. and Kamo, S.L., 2011. Harvey-Cardiff domain and its relationship to the Composite Arc Belt, Grenville Province: insights from U–Pb geochronology and geochemistry. Canadian Journal of Earth Sciences, 48(2), 347-370. doi:10.1139/E10-064 [Table 2, p. 356-357; Table 4, p. 366; text p. 355]"
08RME-0908,1051.3,2.6,2.6,U/Pb,Metamorphic,"mean 206Pb/238U of two concordant multigrain titanite fractions (t3,t4)",Titanite,TIMS,Direct,Grenville Province,ON,44.8019,-78.4117,"Cavendish Township, 350 m E of Salerno Creek deformation zone; lat/lon computed from UTM 704700E 4964200N NAD83 zone 17 (Table 2)","Central Metasedimentary Belt, Harvey-Cardiff domain",Plutonic,"leucogabbro, Salmon Burn intrusive complex","Easton, R.M. and Kamo, S.L., 2011. Harvey-Cardiff domain and its relationship to the Composite Arc Belt, Grenville Province: insights from U–Pb geochronology and geochemistry. Canadian Journal of Earth Sciences, 48(2), 347-370. doi:10.1139/E10-064 [Table 2, p. 356-357; Table 4, p. 366; text p. 355]"
07RME-0904,1220.0,1.6,1.6,U/Pb,Igneous Crystallization,concordant single zircon tip z4 (207Pb/206Pb),Zircon,TIMS,Direct,Grenville Province,ON,44.8446,-78.3748,"Cavendish Township, Junction pluton, Peterborough County Road 507; lat/lon computed from UTM 707461E 4969036N NAD83 zone 17 (Table 2)","Central Metasedimentary Belt, Harvey-Cardiff domain",Plutonic,"gneissic monzogranite, Junction pluton (Methuen suite)","Easton, R.M. and Kamo, S.L., 2011. Harvey-Cardiff domain and its relationship to the Composite Arc Belt, Grenville Province: insights from U–Pb geochronology and geochemistry. Canadian Journal of Earth Sciences, 48(2), 347-370. doi:10.1139/E10-064 [Table 2, p. 356-357; Table 4, p. 366; text p. 359]"
07RME-0903,1211.3,1.5,1.5,U/Pb,Igneous Crystallization,Concordia age (z9-z11) incl. decay-constant errors; wtd mean 207Pb/206Pb = 1214.8 +/- 0.9 Ma,Zircon,TIMS,Direct,Grenville Province,ON,44.8312,-78.4102,"Cavendish Township, Salmon Lake road, Salerno Creek deformation zone (Harvey-Cardiff/Bancroft boundary); lat/lon computed from UTM 704716E 4967458N NAD83 zone 17 (Table 2)","Central Metasedimentary Belt, Harvey-Cardiff domain",Plutonic,K-feldspar megacrystic granodiorite to monzogranite (Methuen suite),"Easton, R.M. and Kamo, S.L., 2011. Harvey-Cardiff domain and its relationship to the Composite Arc Belt, Grenville Province: insights from U–Pb geochronology and geochemistry. Canadian Journal of Earth Sciences, 48(2), 347-370. doi:10.1139/E10-064 [Table 2, p. 356-357; Table 4, p. 366; text p. 361]"
07RME-0906,1066.8,3.7,3.7,U/Pb,Igneous Crystallization,weighted mean 207Pb/206Pb of 2 concordant analyses; upper intercept 1066.5 +/- 4.3 Ma,Zircon,TIMS,Direct,Grenville Province,ON,44.714,-78.3398,"Cavendish Township, Peterborough County Road 507, southern subdomain; lat/lon computed from UTM 710705E 4954625N NAD83 zone 17 (Table 2)","Central Metasedimentary Belt, Harvey-Cardiff domain",Plutonic,"monzogranite, Catchacoma suite (late granite; labelled ""Granite, Junction pluton"" in Table 2)","Easton, R.M. and Kamo, S.L., 2011. Harvey-Cardiff domain and its relationship to the Composite Arc Belt, Grenville Province: insights from U–Pb geochronology and geochemistry. Canadian Journal of Earth Sciences, 48(2), 347-370. doi:10.1139/E10-064 [Table 2, p. 356-357; Table 4, p. 366; text p. 361]"
07RME-0901,1059.2,1.5,1.5,U/Pb,Igneous Crystallization,207Pb/206Pb age of concordant zircon z15 (air-abraded); abstract quotes +/-1.6,Zircon,TIMS,Direct,Grenville Province,ON,,,"Cavendish Township, Cavendish pegmatite, Peterborough County Road 507 (UTM northing in Table 2 misprinted; lat/lon not computed)","Central Metasedimentary Belt, Harvey-Cardiff domain",Plutonic,uraniferous granite pegmatite (Cavendish pegmatite),"Easton, R.M. and Kamo, S.L., 2011. Harvey-Cardiff domain and its relationship to the Composite Arc Belt, Grenville Province: insights from U–Pb geochronology and geochemistry. Canadian Journal of Earth Sciences, 48(2), 347-370. doi:10.1139/E10-064 [Table 2, p. 356-357; Table 4, p. 366; text p. 361]"
07RME-0905,1048.2,2.5,2.5,U/Pb,Metamorphic,weighted mean 207Pb/206Pb (z19-z22); authors: may be metamorphic zircon growth (younger than cross-cutting relations allow for emplacement),Zircon,TIMS,Direct,Grenville Province,ON,44.7124,-78.3403,"Cavendish Township, Peterborough County Road 507, southern subdomain; lat/lon computed from UTM 710670E 4954448N NAD83 zone 17 (Table 2)","Central Metasedimentary Belt, Harvey-Cardiff domain",Plutonic,gneissic quartz monzodiorite,"Easton, R.M. and Kamo, S.L., 2011. Harvey-Cardiff domain and its relationship to the Composite Arc Belt, Grenville Province: insights from U–Pb geochronology and geochemistry. Canadian Journal of Earth Sciences, 48(2), 347-370. doi:10.1139/E10-064 [Table 2, p. 356-357; Table 4, p. 366; text p. 362]"
08RME-0909,1058.3,1.6,1.6,U/Pb,Metamorphic,Concordia age of monazite m2-m4 incl. decay-constant errors; new growth linked to hydrothermal fluids/late pegmatites,Monazite,TIMS,Direct,Grenville Province,ON,44.7786,-78.3944,"Cavendish Township, W of Picard Lake, northern subdomain; lat/lon computed from UTM 706154E 4961664N NAD83 zone 17 (Table 2)","Central Metasedimentary Belt, Harvey-Cardiff domain",Metamorphic,hydrothermally altered dolomitic marble (anthophyllite-bearing),"Easton, R.M. and Kamo, S.L., 2011. Harvey-Cardiff domain and its relationship to the Composite Arc Belt, Grenville Province: insights from U–Pb geochronology and geochemistry. Canadian Journal of Earth Sciences, 48(2), 347-370. doi:10.1139/E10-064 [Table 2, p. 356-357; Table 4, p. 366; text p. 362]"
08RME-0909,1078.0,2.0,2.0,U/Pb,Metamorphic,207Pb/206Pb of older concordant monazite m1 (earlier growth stage),Monazite,TIMS,Direct,Grenville Province,ON,44.7786,-78.3944,"Cavendish Township, W of Picard Lake, northern subdomain; lat/lon computed from UTM 706154E 4961664N NAD83 zone 17 (Table 2)","Central Metasedimentary Belt, Harvey-Cardiff domain",Metamorphic,hydrothermally altered dolomitic marble (anthophyllite-bearing),"Easton, R.M. and Kamo, S.L., 2011. Harvey-Cardiff domain and its relationship to the Composite Arc Belt, Grenville Province: insights from U–Pb geochronology and geochemistry. Canadian Journal of Earth Sciences, 48(2), 347-370. doi:10.1139/E10-064 [Table 2, p. 356-357; Table 4, p. 366; text p. 362]"
08RME-0913,1076.4,6.2,6.2,U/Pb,Metamorphic,"upper intercept (lower int. 215 +/- 250 Ma), low Th/U zircon; Table 4 rounds error to 6",Zircon,TIMS,Direct,Grenville Province,ON,44.7097,-78.4373,"Galway Township, near northern/southern subdomain boundary; lat/lon computed from UTM 702995E 4953903N NAD83 zone 17 (Table 2)","Central Metasedimentary Belt, Harvey-Cardiff domain",Metamorphic,granofels-textured quartzofeldspathic gneiss,"Easton, R.M. and Kamo, S.L., 2011. Harvey-Cardiff domain and its relationship to the Composite Arc Belt, Grenville Province: insights from U–Pb geochronology and geochemistry. Canadian Journal of Earth Sciences, 48(2), 347-370. doi:10.1139/E10-064 [Table 2, p. 356-357; Table 4, p. 366; text p. 363]"
08RME-0910,1045.4,2.9,2.9,U/Pb,Igneous Crystallization,weighted mean 206Pb/238U of 2 titanite fractions; listed under emplacement ages in Table 4; dike cuts Salerno Creek deformation zone fabric,Titanite,TIMS,Direct,Grenville Province,ON,44.8273,-78.416,"Cavendish Township, Salerno Creek deformation zone; lat/lon computed from UTM 704268E 4967010N NAD83 zone 17 (Table 2)","Central Metasedimentary Belt, Harvey-Cardiff domain",Plutonic,intermediate alkalic dike (quartz monzodiorite - trachyandesite),"Easton, R.M. and Kamo, S.L., 2011. Harvey-Cardiff domain and its relationship to the Composite Arc Belt, Grenville Province: insights from U–Pb geochronology and geochemistry. Canadian Journal of Earth Sciences, 48(2), 347-370. doi:10.1139/E10-064 [Table 2, p. 356-357; Table 4, p. 366; text p. 363]"
1e,1464.0,2.0,2.0,U/Pb,Igneous Crystallization,"concordant monazite (-0.2% disc.), 207Pb/206Pb; small postlineation pegmatite dyke cutting lineated Huronian quartzite",Monazite,TIMS,Direct,Grenville Province,ON,,,"Location 1, Killarney area, Georgian Bay",Grenville Front Tectonic Zone,Plutonic,undeformed pegmatite dyke,"Krogh, T.E., 1994. Precise U-Pb ages for Grenvillian and pre-Grenvillian thrusting of Proterozoic and Archean metamorphic assemblages in the Grenville Front tectonic zone, Canada. Tectonics, 13(4), 963-982. doi:10.1029/94TC00801 [Table 1, p. 968; text p. 969]"
1a-1d + Haggart et al. 1993,1453.0,6.0,6.0,U/Pb,Metamorphic,"upper intercept of 14 analyses (zircon exterior fragments 1a,1c; titanite 1b,1d; 9 titanite analyses of Haggart et al. 1993); time of front-parallel metamorphism/fabric",Titanite,TIMS,Direct,Grenville Province,ON,,,"Location 1, Killarney area, Georgian Bay",Grenville Front Tectonic Zone,Metamorphic,"postlineation pegmatite dykes and amphibolite (titanite, zircon)","Krogh, T.E., 1994. Precise U-Pb ages for Grenvillian and pre-Grenvillian thrusting of Proterozoic and Archean metamorphic assemblages in the Grenville Front tectonic zone, Canada. Tectonics, 13(4), 963-982. doi:10.1029/94TC00801 [Table 1, p. 968; text p. 969; Fig. 4 p. 971]"
1a-1d + Haggart et al. 1993,977.0,12.0,12.0,U/Pb,Metamorphic,lower intercept of same 14-analysis titanite/zircon discordia; Grenvillian partial resetting increasing with distance into orogen (overlaps data of compiled Haggart et al. 1993),Titanite,TIMS,Direct,Grenville Province,ON,,,"Location 1, Killarney area, Georgian Bay",Grenville Front Tectonic Zone,Metamorphic,"postlineation pegmatite dykes and amphibolite (titanite, zircon)","Krogh, T.E., 1994. Precise U-Pb ages for Grenvillian and pre-Grenvillian thrusting of Proterozoic and Archean metamorphic assemblages in the Grenville Front tectonic zone, Canada. Tectonics, 13(4), 963-982. doi:10.1029/94TC00801 [Table 1, p. 968; text p. 969, 979; Fig. 4 p. 971]"
2a,988.0,2.0,2.0,U/Pb,Metamorphic,"single monazite grain, 207Pb/235U age preferred (excess 230Th); fault-induced monazite formation or resetting",Monazite,TIMS,Direct,Grenville Province,ON,,,"Location 2, south of Sudbury, 1.5 km S of Grenville Front, 0.4 km E of Highway 169",Grenville Front Tectonic Zone,Plutonic,cataclastically deformed white pegmatite,"Krogh, T.E., 1994. Precise U-Pb ages for Grenvillian and pre-Grenvillian thrusting of Proterozoic and Archean metamorphic assemblages in the Grenville Front tectonic zone, Canada. Tectonics, 13(4), 963-982. doi:10.1029/94TC00801 [Table 1, p. 968; text p. 971-972]"
3.1a-3.1i,2650.0,4.0,4.0,U/Pb,Igneous Crystallization,upper intercept of monazite discordia; Archean dyke emplacement,Monazite,TIMS,Direct,Grenville Province,ON,,,"Location 3.1, north of North Bay, Highway 11, 1 km S of Highway 64, ~9 km S of Grenville Front",Grenville Front Tectonic Zone,Plutonic,highly strained (deformed) Archean pegmatite lens,"Krogh, T.E., 1994. Precise U-Pb ages for Grenvillian and pre-Grenvillian thrusting of Proterozoic and Archean metamorphic assemblages in the Grenville Front tectonic zone, Canada. Tectonics, 13(4), 963-982. doi:10.1029/94TC00801 [Table 1, p. 968; text p. 973; Fig. 5 p. 972]"
3.1a-3.1i,988.0,10.0,10.0,U/Pb,Metamorphic,lower intercept of monazite discordia; deformation-induced resetting (988 +/- 5 Ma when combined with zircon data of 3.2),Monazite,TIMS,Direct,Grenville Province,ON,,,"Location 3.1, north of North Bay, Highway 11, 1 km S of Highway 64, ~9 km S of Grenville Front",Grenville Front Tectonic Zone,Plutonic,highly strained (deformed) Archean pegmatite lens,"Krogh, T.E., 1994. Precise U-Pb ages for Grenvillian and pre-Grenvillian thrusting of Proterozoic and Archean metamorphic assemblages in the Grenville Front tectonic zone, Canada. Tectonics, 13(4), 963-982. doi:10.1029/94TC00801 [Table 1, p. 968; text p. 973; Fig. 5 p. 972]"
"3.2a,3.2d,3.2e",987.0,2.0,2.0,U/Pb,Metamorphic,"concordant core-free zircon (3.2a, 987 +/- 2) and zircon tips 3.2d-e (987 +/- 2, 986 +/- 2); postlineation local melting",Zircon,TIMS,Direct,Grenville Province,ON,,,"Location 3.2, north of North Bay, Highway 11, 3 km S of location 3.1 (~12 km S of front)",Grenville Front Tectonic Zone,Metamorphic,unstrained postlineation pegmatitic patch (melt pod) in lineated amphibolitic migmatite,"Krogh, T.E., 1994. Precise U-Pb ages for Grenvillian and pre-Grenvillian thrusting of Proterozoic and Archean metamorphic assemblages in the Grenville Front tectonic zone, Canada. Tectonics, 13(4), 963-982. doi:10.1029/94TC00801 [Table 1, p. 968; text p. 973, 979]"
3.2f,991.0,4.0,4.0,U/Pb,Cooling,"titanite 0.8% discordant, 207Pb/206Pb; authors: cooling age, rapid cooling after melting",Titanite,TIMS,Direct,Grenville Province,ON,,,"Location 3.2, north of North Bay, Highway 11, 3 km S of location 3.1 (~12 km S of front)",Grenville Front Tectonic Zone,Metamorphic,unstrained postlineation pegmatitic patch (melt pod) in lineated amphibolitic migmatite,"Krogh, T.E., 1994. Precise U-Pb ages for Grenvillian and pre-Grenvillian thrusting of Proterozoic and Archean metamorphic assemblages in the Grenville Front tectonic zone, Canada. Tectonics, 13(4), 963-982. doi:10.1029/94TC00801 [Table 1, p. 968; text p. 973, 979]"
4a-4b,2643.0,5.0,5.0,U/Pb,Metamorphic,"monazite, line projected from lower intercept fixed at 1.0 Ga; granulite metamorphism",Monazite,TIMS,Direct,Grenville Province,QC,,,"Location 4, quarry ~30 km SE of Grenville Front, south of Val d'Or",Grenville Front Tectonic Zone,Metamorphic,orthopyroxene-bearing pegmatitic patch in heterogeneous granulite gneiss,"Krogh, T.E., 1994. Precise U-Pb ages for Grenvillian and pre-Grenvillian thrusting of Proterozoic and Archean metamorphic assemblages in the Grenville Front tectonic zone, Canada. Tectonics, 13(4), 963-982. doi:10.1029/94TC00801 [Table 1, p. 968; text p. 973]"
5a,2695.0,3.0,3.0,U/Pb,Metamorphic,"metamorphic zircon (large), 207Pb/206Pb projected from 995 +/- 2 Ma; early migmatization",Zircon,TIMS,Direct,Grenville Province,QC,,,"Location 5, Highway 167, 16 km S of Grenville Front, SSE of Chibougamau",Grenville Front Tectonic Zone,Metamorphic,migmatitic amphibolite (mafic enclave),"Krogh, T.E., 1994. Precise U-Pb ages for Grenvillian and pre-Grenvillian thrusting of Proterozoic and Archean metamorphic assemblages in the Grenville Front tectonic zone, Canada. Tectonics, 13(4), 963-982. doi:10.1029/94TC00801 [Table 1, p. 968; text p. 975]"
5b,2678.0,3.0,3.0,U/Pb,Metamorphic,"metamorphic zircon (small), 207Pb/206Pb projected from 995 +/- 2 Ma; early migmatization",Zircon,TIMS,Direct,Grenville Province,QC,,,"Location 5, Highway 167, 16 km S of Grenville Front, SSE of Chibougamau",Grenville Front Tectonic Zone,Metamorphic,migmatitic amphibolite (mafic enclave),"Krogh, T.E., 1994. Precise U-Pb ages for Grenvillian and pre-Grenvillian thrusting of Proterozoic and Archean metamorphic assemblages in the Grenville Front tectonic zone, Canada. Tectonics, 13(4), 963-982. doi:10.1029/94TC00801 [Table 1, p. 968; text p. 975]"
5c-5d,977.0,5.0,5.0,U/Pb,Cooling,"rutile, mean time of resetting from projection from ca. 2690 Ma (text ""~977 Ma""; +/-5 from Fig. 6 inset); incomplete resetting; authors intended as cooling below ~400 C",Rutile,TIMS,Direct,Grenville Province,QC,,,"Location 5, Highway 167, 16 km S of Grenville Front, SSE of Chibougamau",Grenville Front Tectonic Zone,Metamorphic,migmatitic amphibolite (mafic enclave),"Krogh, T.E., 1994. Precise U-Pb ages for Grenvillian and pre-Grenvillian thrusting of Proterozoic and Archean metamorphic assemblages in the Grenville Front tectonic zone, Canada. Tectonics, 13(4), 963-982. doi:10.1029/94TC00801 [Table 1, p. 968; text p. 975; Fig. 6 p. 974]"
6a-6b,2408.0,3.0,3.0,U/Pb,Igneous Crystallization,"upper intercept, skeletal primary zircon",Zircon,TIMS,Direct,Grenville Province,QC,49.3167,-74.325,"Location 6, SSE of Chibougamau, 5 km W of location 5",Grenville Front Tectonic Zone,Plutonic,coronitic metadiabase (pegmatitic patch),"Krogh, T.E., 1994. Precise U-Pb ages for Grenvillian and pre-Grenvillian thrusting of Proterozoic and Archean metamorphic assemblages in the Grenville Front tectonic zone, Canada. Tectonics, 13(4), 963-982. doi:10.1029/94TC00801 [Table 1, p. 968; text p. 975]"
6c,995.0,6.0,6.0,U/Pb,Metamorphic,lower intercept; new raspberry-textured coronitic zircon grown at expense of baddeleyite; tectonic loading (high-P),Zircon,TIMS,Direct,Grenville Province,QC,49.3167,-74.325,"Location 6, SSE of Chibougamau, 5 km W of location 5",Grenville Front Tectonic Zone,Plutonic,coronitic metadiabase,"Krogh, T.E., 1994. Precise U-Pb ages for Grenvillian and pre-Grenvillian thrusting of Proterozoic and Archean metamorphic assemblages in the Grenville Front tectonic zone, Canada. Tectonics, 13(4), 963-982. doi:10.1029/94TC00801 [Table 1, p. 968; text p. 975]"
Table 2 fractions 1-22 (excl. 11),1651.0,5.0,5.0,U/Pb,Metamorphic,upper intercept of 19 titanite + 2 monazite + 1 zircon fractions excluding monazite 11 (98% fit); 1648 +/- 6 Ma with all; ca. 1650 Ma granulite metamorphism/first cooling,Titanite,TIMS,Direct,Grenville Province,NL,,,"Location 7, Grenville Front in central and western Labrador","Grenville Front Tectonic Zone, central Labrador (Trans-Labrador batholith / Lac Joseph terrane)",Metamorphic,"meta-igneous rocks (orthogneiss, granitoids) of Trans-Labrador batholith region","Krogh, T.E., 1994. Precise U-Pb ages for Grenvillian and pre-Grenvillian thrusting of Proterozoic and Archean metamorphic assemblages in the Grenville Front tectonic zone, Canada. Tectonics, 13(4), 963-982. doi:10.1029/94TC00801 [Table 2, p. 970-971; text p. 976-977; Fig. 7]"
Table 2 fractions 1-22 (excl. 11),988.0,5.0,5.0,U/Pb,Metamorphic,lower intercept of regional titanite/monazite/zircon discordia; Grenvillian thrust-related resetting,Titanite,TIMS,Direct,Grenville Province,NL,,,"Location 7, Grenville Front in central and western Labrador","Grenville Front Tectonic Zone, central Labrador (Trans-Labrador batholith / Lac Joseph terrane)",Metamorphic,"meta-igneous rocks (orthogneiss, granitoids) of Trans-Labrador batholith region","Krogh, T.E., 1994. Precise U-Pb ages for Grenvillian and pre-Grenvillian thrusting of Proterozoic and Archean metamorphic assemblages in the Grenville Front tectonic zone, Canada. Tectonics, 13(4), 963-982. doi:10.1029/94TC00801 [Table 2, p. 970-971; text p. 976; Fig. 7]"
GN82-334 (melt pods),995.0,1.6,1.6,U/Pb,Metamorphic,mean 207Pb/206Pb of 6 single new zircon grains (fractions 23-28); melting in response to thrusting (2 sigma); abstract/conclusions round to 995 +/- 2,Zircon,TIMS,Direct,Grenville Province,NL,,,"Location 7, Grenville Front in central and western Labrador","Grenville Front Tectonic Zone, central Labrador (Trans-Labrador batholith / Lac Joseph terrane)",Metamorphic,small melt pods in migmatized grey orthogneiss,"Krogh, T.E., 1994. Precise U-Pb ages for Grenvillian and pre-Grenvillian thrusting of Proterozoic and Archean metamorphic assemblages in the Grenville Front tectonic zone, Canada. Tectonics, 13(4), 963-982. doi:10.1029/94TC00801 [Table 2, p. 970-971; text p. 976]"
GN82-334 (host),992.0,3.0,3.0,U/Pb,Cooling,concordant titanite of host rock (fraction 3); rapid cooling after melt formation; abstract/conclusions give 992 +/- 4,Titanite,TIMS,Direct,Grenville Province,NL,,,"Location 7, Grenville Front in central and western Labrador","Grenville Front Tectonic Zone, central Labrador (Trans-Labrador batholith / Lac Joseph terrane)",Metamorphic,migmatized grey orthogneiss hosting melt pods,"Krogh, T.E., 1994. Precise U-Pb ages for Grenvillian and pre-Grenvillian thrusting of Proterozoic and Archean metamorphic assemblages in the Grenville Front tectonic zone, Canada. Tectonics, 13(4), 963-982. doi:10.1029/94TC00801 [Table 2, p. 970; text p. 976, 979]"
GN84-104 to GN84-108,988.0,2.0,2.0,U/Pb,Metamorphic,"mean 207Pb/206Pb model age of 5 strongly reset titanite fractions (14,16,17,20,21), incl. new grains; identical to regional lower intercept",Titanite,TIMS,Direct,Grenville Province,NL,,,"Location 7, Grenville Front in central and western Labrador","Grenville Front Tectonic Zone, central Labrador (Trans-Labrador batholith / Lac Joseph terrane)",Metamorphic,recrystallized banded gneiss,"Krogh, T.E., 1994. Precise U-Pb ages for Grenvillian and pre-Grenvillian thrusting of Proterozoic and Archean metamorphic assemblages in the Grenville Front tectonic zone, Canada. Tectonics, 13(4), 963-982. doi:10.1029/94TC00801 [Table 2, p. 970; text p. 976-977]"
8h,1790.0,2.0,2.0,U/Pb,Metamorphic,concordant single euhedral brown zircon overgrowth; oldest concordant age,Zircon,TIMS,Direct,Grenville Province,NL,,,"Location 8, Cut Throat Island fault zone, Grenville Front at the Labrador coast","Grenville Front Tectonic Zone, coastal Labrador",Metamorphic,felsic mylonite,"Krogh, T.E., 1994. Precise U-Pb ages for Grenvillian and pre-Grenvillian thrusting of Proterozoic and Archean metamorphic assemblages in the Grenville Front tectonic zone, Canada. Tectonics, 13(4), 963-982. doi:10.1029/94TC00801 [Table 1, p. 969; text p. 977]"
8e,1730.0,2.0,2.0,U/Pb,Igneous Crystallization,concordant euhedral zircon from deformed (syntectonic) pegmatite,Zircon,TIMS,Direct,Grenville Province,NL,,,"Location 8, Cut Throat Island fault zone, Grenville Front at the Labrador coast","Grenville Front Tectonic Zone, coastal Labrador",Plutonic,deformed pegmatite in phyllonitic shear,"Krogh, T.E., 1994. Precise U-Pb ages for Grenvillian and pre-Grenvillian thrusting of Proterozoic and Archean metamorphic assemblages in the Grenville Front tectonic zone, Canada. Tectonics, 13(4), 963-982. doi:10.1029/94TC00801 [Table 1, p. 969; text p. 977]"
"8a-8d, 8j-8k",1662.0,10.0,10.0,U/Pb,Metamorphic,upper intercept of titanite from postfoliation melt pod and late pegmatite (27% fit); time of melting,Titanite,TIMS,Direct,Grenville Province,NL,,,"Location 8, Cut Throat Island fault zone, Grenville Front at the Labrador coast","Grenville Front Tectonic Zone, coastal Labrador",Metamorphic,postfoliation melt (leucosome) in phyllonite and late undeformed pegmatite dyke,"Krogh, T.E., 1994. Precise U-Pb ages for Grenvillian and pre-Grenvillian thrusting of Proterozoic and Archean metamorphic assemblages in the Grenville Front tectonic zone, Canada. Tectonics, 13(4), 963-982. doi:10.1029/94TC00801 [Table 1, p. 968-969; text p. 977-978; Fig. 8]"
"8a-8d, 8j-8k",1037.0,19.0,19.0,U/Pb,Metamorphic,lower intercept of titanite line; Grenvillian resetting (poorly determined),Titanite,TIMS,Direct,Grenville Province,NL,,,"Location 8, Cut Throat Island fault zone, Grenville Front at the Labrador coast","Grenville Front Tectonic Zone, coastal Labrador",Metamorphic,postfoliation melt (leucosome) in phyllonite and late undeformed pegmatite dyke,"Krogh, T.E., 1994. Precise U-Pb ages for Grenvillian and pre-Grenvillian thrusting of Proterozoic and Archean metamorphic assemblages in the Grenville Front tectonic zone, Canada. Tectonics, 13(4), 963-982. doi:10.1029/94TC00801 [Table 1, p. 968-969; text p. 977-979; Fig. 8]"
"8e-8g, 8i",1738.0,13.0,13.0,U/Pb,Igneous Crystallization,"upper intercept, zircon of syntectonic pegmatite collinear with mylonite monazite and late-pegmatite titanite (80% fit); syntectonic pegmatite emplacement ca. 1700 Ma per authors",Zircon,TIMS,Direct,Grenville Province,NL,,,"Location 8, Cut Throat Island fault zone, Grenville Front at the Labrador coast","Grenville Front Tectonic Zone, coastal Labrador",Plutonic,deformed (syntectonic) pegmatite and felsic mylonite,"Krogh, T.E., 1994. Precise U-Pb ages for Grenvillian and pre-Grenvillian thrusting of Proterozoic and Archean metamorphic assemblages in the Grenville Front tectonic zone, Canada. Tectonics, 13(4), 963-982. doi:10.1029/94TC00801 [Table 1, p. 969; text p. 978]"
"8e-8g, 8i",1040.0,14.0,14.0,U/Pb,Metamorphic,lower intercept of same zircon/monazite/titanite line; reheating at ca. 1.0 Ga,Zircon,TIMS,Direct,Grenville Province,NL,,,"Location 8, Cut Throat Island fault zone, Grenville Front at the Labrador coast","Grenville Front Tectonic Zone, coastal Labrador",Plutonic,deformed (syntectonic) pegmatite and felsic mylonite,"Krogh, T.E., 1994. Precise U-Pb ages for Grenvillian and pre-Grenvillian thrusting of Proterozoic and Archean metamorphic assemblages in the Grenville Front tectonic zone, Canada. Tectonics, 13(4), 963-982. doi:10.1029/94TC00801 [Table 1, p. 969; text p. 978]"
GB109A,1092.0,7.0,7.0,U/Pb,Metamorphic,anchored discordia (0 +/- 100 Ma) upper intercept = 207Pb/206Pb age; HP (eclogite-facies) zircon growth,Zircon,LA-ICP-MS,Direct,Grenville Province,ON,,,"GB109 locality, km-scale high-strain zone separating upper (SL3) and lower (SL2) Go Home domains; coordinates not given","Central Gneiss Belt, Go Home domain",Metamorphic,retrogressed garnet-clinopyroxene HP mafic rock (pod core),"Marsh, J.H. and Culshaw, N.G., 2014. Timing and conditions of high-pressure metamorphism in the western Grenville Province: Constraints from accessory mineral composition and phase equilibrium modeling. Lithos, 200-201, 402-417. doi:10.1016/j.lithos.2014.04.016 [Table 2, p. 414; text p. 410-411]"
GB109D,1093.0,7.0,7.0,U/Pb,Metamorphic,anchored discordia (0 +/- 100 Ma) upper intercept = 207Pb/206Pb age; HP (eclogite-facies) zircon growth; a second concordant cluster gives concordia age 1075 +/- 4 Ma (protracted/polystage growth),Zircon,LA-ICP-MS,Direct,Grenville Province,ON,,,"GB109 locality, km-scale high-strain zone separating upper (SL3) and lower (SL2) Go Home domains; coordinates not given","Central Gneiss Belt, Go Home domain",Metamorphic,leucosome-rich high-strain margin of HP mafic pod,"Marsh, J.H. and Culshaw, N.G., 2014. Timing and conditions of high-pressure metamorphism in the western Grenville Province: Constraints from accessory mineral composition and phase equilibrium modeling. Lithos, 200-201, 402-417. doi:10.1016/j.lithos.2014.04.016 [Table 2, p. 414; text p. 410-411]"
GB119C,1097.0,11.0,11.0,U/Pb,Metamorphic,anchored discordia (0 +/- 100 Ma) upper intercept = 207Pb/206Pb age; HP (eclogite-facies) zircon growth,Zircon,LA-ICP-MS,Direct,Grenville Province,ON,,,"GB119 locality, high-strain part of Shawanaga domain; coordinates not given","Central Gneiss Belt, Shawanaga domain",Metamorphic,kyanite-bearing HP mafic granulite (retrogressed eclogite) pod,"Marsh, J.H. and Culshaw, N.G., 2014. Timing and conditions of high-pressure metamorphism in the western Grenville Province: Constraints from accessory mineral composition and phase equilibrium modeling. Lithos, 200-201, 402-417. doi:10.1016/j.lithos.2014.04.016 [Table 2, p. 414; text p. 410-411]"
GB129B,1112.0,13.0,13.0,U/Pb,Metamorphic,"anchored discordia upper intercept (58 of 65 spots, MSWD 5.5); authors: onset of recrystallization of inherited (ca. 1300-1220 Ma) zircon during HP metamorphism",Zircon,LA-ICP-MS,Direct,Grenville Province,ON,,,"GB129 locality, near (sub)domain boundaries in Algonquin domain; coordinates not given","Central Gneiss Belt, Algonquin domain",Metamorphic,Fe-rich HP mafic rock,"Marsh, J.H. and Culshaw, N.G., 2014. Timing and conditions of high-pressure metamorphism in the western Grenville Province: Constraints from accessory mineral composition and phase equilibrium modeling. Lithos, 200-201, 402-417. doi:10.1016/j.lithos.2014.04.016 [Table 2, p. 414; text p. 410-411]"
GB130A,1091.0,11.0,11.0,U/Pb,Metamorphic,anchored discordia (0 +/- 100 Ma) upper intercept = 207Pb/206Pb age; HP (eclogite-facies) zircon growth,Zircon,LA-ICP-MS,Direct,Grenville Province,ON,,,"GB130 locality, near (sub)domain boundaries in Algonquin domain; coordinates not given","Central Gneiss Belt, Algonquin domain",Metamorphic,Fe-rich HP mafic rock,"Marsh, J.H. and Culshaw, N.G., 2014. Timing and conditions of high-pressure metamorphism in the western Grenville Province: Constraints from accessory mineral composition and phase equilibrium modeling. Lithos, 200-201, 402-417. doi:10.1016/j.lithos.2014.04.016 [Table 2, p. 414; text p. 410-411]"
GB132A,1085.0,6.0,6.0,U/Pb,Metamorphic,anchored discordia (0 +/- 100 Ma) upper intercept = 207Pb/206Pb age; HP (eclogite-facies) zircon growth,Zircon,LA-ICP-MS,Direct,Grenville Province,ON,,,"GB132 locality, high-strain part of Shawanaga domain; coordinates not given","Central Gneiss Belt, Shawanaga domain",Metamorphic,HP mafic granulite (retrogressed eclogite) pod,"Marsh, J.H. and Culshaw, N.G., 2014. Timing and conditions of high-pressure metamorphism in the western Grenville Province: Constraints from accessory mineral composition and phase equilibrium modeling. Lithos, 200-201, 402-417. doi:10.1016/j.lithos.2014.04.016 [Table 2, p. 414; text p. 410-411]"
GB149,1442.0,12.0,12.0,U/Pb,Protolith age,upper intercept of zircon interior domains (samples GB149A+B combined; LASS split-stream),Zircon,LA-ICP-MS,Direct,Grenville Province,ON,,,"decameter-scale metabasite complex GB149, Novar subdomain (coordinates not given in paper)","Central Gneiss Belt, Algonquin domain, Novar subdomain",Metamorphic,high-pressure mafic granulite (retrogressed eclogite) with leucosome,"Marsh, J.H. and Smye, A.J., 2017. U-Pb systematics and trace element characteristics in titanite from a high-pressure mafic granulite. Chemical Geology, 466, 403-416. doi:10.1016/j.chemgeo.2017.06.029 [text p. 406; data in Supplementary Tables S1-S2]"
GB149,1099.0,6.0,6.0,U/Pb,Metamorphic,weighted mean 207Pb/206Pb of 45 zircon rim analyses; rim UI 1087 +/- 15 Ma; authors take overlap 1093-1102 Ma as best estimate of HP (eclogite) metamorphic zircon growth,Zircon,LA-ICP-MS,Direct,Grenville Province,ON,,,"decameter-scale metabasite complex GB149, Novar subdomain (coordinates not given in paper)","Central Gneiss Belt, Algonquin domain, Novar subdomain",Metamorphic,high-pressure mafic granulite (retrogressed eclogite) with leucosome,"Marsh, J.H. and Smye, A.J., 2017. U-Pb systematics and trace element characteristics in titanite from a high-pressure mafic granulite. Chemical Geology, 466, 403-416. doi:10.1016/j.chemgeo.2017.06.029 [text p. 406; data in Supplementary Tables S1-S2]"
GB149A+GB149B,1048.0,6.0,6.0,U/Pb,Metamorphic,"lower intercept of unanchored Tera-Wasserburg regression of all titanite analyses (GB149A 1042 +/- 9, GB149B 1052 +/- 8); titanite growth during HP granulite metamorphism and leucosome crystallization",Titanite,LA-ICP-MS,Direct,Grenville Province,ON,,,"decameter-scale metabasite complex GB149, Novar subdomain (coordinates not given in paper)","Central Gneiss Belt, Algonquin domain, Novar subdomain",Metamorphic,high-pressure mafic granulite (retrogressed eclogite) with leucosome,"Marsh, J.H. and Smye, A.J., 2017. U-Pb systematics and trace element characteristics in titanite from a high-pressure mafic granulite. Chemical Geology, 466, 403-416. doi:10.1016/j.chemgeo.2017.06.029 [text p. 407, 409; data in Supplementary Tables S1-S2]"
1,1029.0,14.0,4.0,U/Pb,Igneous Crystallization,"upper intercept, 3 fractions (MSWD 0.69), LI near origin; boudined/folded syntectonic pegmatite; isotopic-ratio errors stated as 2 sigma, intercept error level not stated; [audit 2026-10: sigma level of published uncertainty not stated (unstated); entered as published]",Zircon,TIMS,Direct,Grenville Province,ON,,,Killaloe,Central Metasedimentary Belt boundary zone,Plutonic,boudined and folded pegmatite cutting straight gneisses,"van Breemen, O. and Hanmer, S., 1986. Zircon morphology and U-Pb geochronology in active shear zones: studies on syntectonic intrusions along the northwest boundary of the Central Metasedimentary Belt, Grenville Province, Ontario. In: Current Research, Part B, Geological Survey of Canada, Paper 86-1B, p. 775-784. [Table 83.1, p. 778; text p. 776, 784]"
2,1008.6,,,U/Pb,Igneous Crystallization,"lowest 207Pb/206Pb model age (fraction 2a; text ""close to 1010 Ma"") = maximum intrusion age; data do not fit a chord; [audit 2026-10: sigma level of published uncertainty not stated (unstated); entered as published]",Zircon,TIMS,Maximum Direct,Grenville Province,ON,,,Killaloe,Central Metasedimentary Belt boundary zone,Plutonic,undeformed crosscutting pegmatite,"van Breemen, O. and Hanmer, S., 1986. Zircon morphology and U-Pb geochronology in active shear zones: studies on syntectonic intrusions along the northwest boundary of the Central Metasedimentary Belt, Grenville Province, Ontario. In: Current Research, Part B, Geological Survey of Canada, Paper 86-1B, p. 775-784. [Table 83.1, p. 778; text p. 776]"
3,1060.0,6.0,6.0,U/Pb,Igneous Crystallization,"upper intercept of 4 fractions (MSWD 0.24), LI 204 +/- 52 Ma; late-syntectonic sheets below Redstone Lake thrust sheet; dates main ductile thrusting at base of CMBBZ; [audit 2026-10: sigma level of published uncertainty not stated (unstated); entered as published]",Zircon,TIMS,Direct,Grenville Province,ON,,,"Hawk Lake, Haliburton area",Central Metasedimentary Belt boundary zone,Plutonic,Hawk Lake granite veins (weakly foliated syntectonic granite sheets),"van Breemen, O. and Hanmer, S., 1986. Zircon morphology and U-Pb geochronology in active shear zones: studies on syntectonic intrusions along the northwest boundary of the Central Metasedimentary Belt, Grenville Province, Ontario. In: Current Research, Part B, Geological Survey of Canada, Paper 86-1B, p. 775-784. [Table 83.1, p. 778; text p. 776, 784]"
4,1065.0,15.0,15.0,U/Pb,Igneous Crystallization,estimated age assuming Pb-loss pattern similar to Hawk Lake veins; small inherited component; [audit 2026-10: sigma level of published uncertainty not stated (unstated); entered as published],Zircon,TIMS,Direct,Grenville Province,ON,,,"Carnarvon, Haliburton area (upper side of Redstone Lake thrust sheet)",Central Metasedimentary Belt boundary zone,Plutonic,Carnarvon granite veins (foliated leucogranite),"van Breemen, O. and Hanmer, S., 1986. Zircon morphology and U-Pb geochronology in active shear zones: studies on syntectonic intrusions along the northwest boundary of the Central Metasedimentary Belt, Grenville Province, Ontario. In: Current Research, Part B, Geological Survey of Canada, Paper 86-1B, p. 775-784. [Table 83.1, p. 778; text p. 779]"
5,990.0,21.0,21.0,U/Pb,Igneous Crystallization,"preliminary upper intercept of 3 high-U fractions (MSWD 8.82), LI 227 +/- 25 Ma; late-syntectonic pegmatite crosscutting mylonite at top of CMBBZ; [audit 2026-10: sigma level of published uncertainty not stated (unstated); entered as published]",Zircon,TIMS,Direct,Grenville Province,ON,,,12 km SW of Bancroft,Central Metasedimentary Belt boundary zone,Plutonic,isotropic pegmatite sheet in mylonite,"van Breemen, O. and Hanmer, S., 1986. Zircon morphology and U-Pb geochronology in active shear zones: studies on syntectonic intrusions along the northwest boundary of the Central Metasedimentary Belt, Grenville Province, Ontario. In: Current Research, Part B, Geological Survey of Canada, Paper 86-1B, p. 775-784. [Table 83.1, p. 778; text p. 779, 784]"
6,1344.0,93.0,32.0,U/Pb,Protolith age,"upper intercept of 7 fractions (6d omitted, MSWD 2.31), LI 1016 +143/-193 Ma; authors: igneous precursor 1450-1300 Ma (minimum 1300 Ma = oldest 207Pb/206Pb), granulite metamorphism before 1060 Ma; [audit 2026-10: sigma level of published uncertainty not stated (unstated); entered as published]",Zircon,TIMS,Direct,Grenville Province,ON,,,"Redstone Lake, Haliburton area",Central Metasedimentary Belt boundary zone,Metamorphic,Redstone Lake meta-tonalite (retrogressed granulite),"van Breemen, O. and Hanmer, S., 1986. Zircon morphology and U-Pb geochronology in active shear zones: studies on syntectonic intrusions along the northwest boundary of the Central Metasedimentary Belt, Grenville Province, Ontario. In: Current Research, Part B, Geological Survey of Canada, Paper 86-1B, p. 775-784. [Table 83.1, p. 778; text p. 779, 784]"
10,942.0,16.0,16.0,Ar/Ar,Cooling,Plateau Age ('total without' low-T steps); interpreted as post-metamorphic cooling through ~500 C (p. 422),Hornblende,Ar Furnace-Step,Direct,Grenville Province,NL,53.0342,-66.9531,"SW Labrador, Shabogamo Lake (NTS 23G) 1:250000 sheet; coordinates converted from DMS in Appendix p. 428 (sample 10)","Parautochthonous Belt, SW Labrador (Gagnon terrane - compiler assignment); Grenvillian kyanite zone",Metamorphic,metagabbro (amphibolite) of the Shabogamo Intrusive Suite,"Dallmeyer, R.D. and Rivers, T., 1983. Recognition of extraneous argon components through incremental-release 40Ar/39Ar analysis of biotite and hornblende across the Grenvillian metamorphic gradient in southwestern Labrador. Geochimica et Cosmochimica Acta, 47(3), 413-428. doi:10.1016/0016-7037(83)90264-8 [Table 1, p. 416; Fig. 3 p. 419]"
12,963.0,15.0,15.0,Ar/Ar,Cooling,Plateau Age ('total without' low-T steps); interpreted as post-metamorphic cooling through ~500 C (p. 422),Hornblende,Ar Furnace-Step,Direct,Grenville Province,NL,53.1403,-66.5331,"SW Labrador, Shabogamo Lake (NTS 23G) 1:250000 sheet; coordinates converted from DMS in Appendix p. 428 (sample 12)","Parautochthonous Belt, SW Labrador (Gagnon terrane - compiler assignment); Grenvillian kyanite zone",Metamorphic,metagabbro (amphibolite) of the Shabogamo Intrusive Suite,"Dallmeyer, R.D. and Rivers, T., 1983. Recognition of extraneous argon components through incremental-release 40Ar/39Ar analysis of biotite and hornblende across the Grenvillian metamorphic gradient in southwestern Labrador. Geochimica et Cosmochimica Acta, 47(3), 413-428. doi:10.1016/0016-7037(83)90264-8 [Table 1, p. 416; Fig. 3 p. 419]"
14,946.0,15.0,15.0,Ar/Ar,Cooling,Plateau Age ('total without' low-T steps); interpreted as post-metamorphic cooling through ~500 C (p. 422),Hornblende,Ar Furnace-Step,Direct,Grenville Province,NL,52.9961,-66.9011,"SW Labrador, Opocopa Lake (NTS 23B) 1:250000 sheet; coordinates converted from DMS in Appendix p. 428 (sample 14)","Parautochthonous Belt, SW Labrador (Gagnon terrane - compiler assignment); Grenvillian kyanite zone",Metamorphic,metagabbro (amphibolite) of the Shabogamo Intrusive Suite,"Dallmeyer, R.D. and Rivers, T., 1983. Recognition of extraneous argon components through incremental-release 40Ar/39Ar analysis of biotite and hornblende across the Grenvillian metamorphic gradient in southwestern Labrador. Geochimica et Cosmochimica Acta, 47(3), 413-428. doi:10.1016/0016-7037(83)90264-8 [Table 1, p. 416; Fig. 3 p. 419]"
16,968.0,16.0,16.0,Ar/Ar,Cooling,Plateau Age ('total without' low-T steps); interpreted as post-metamorphic cooling through ~500 C (p. 422),Hornblende,Ar Furnace-Step,Direct,Grenville Province,NL,52.9131,-66.9908,"SW Labrador, Opocopa Lake (NTS 23B) 1:250000 sheet; coordinates converted from DMS in Appendix p. 428 (sample 16)","Parautochthonous Belt, SW Labrador (Gagnon terrane - compiler assignment); Grenvillian kyanite zone",Metamorphic,metagabbro (amphibolite) of the Shabogamo Intrusive Suite,"Dallmeyer, R.D. and Rivers, T., 1983. Recognition of extraneous argon components through incremental-release 40Ar/39Ar analysis of biotite and hornblende across the Grenvillian metamorphic gradient in southwestern Labrador. Geochimica et Cosmochimica Acta, 47(3), 413-428. doi:10.1016/0016-7037(83)90264-8 [Table 1, p. 416; Fig. 3 p. 419]"
17,925.0,17.0,17.0,Ar/Ar,Cooling,Plateau Age ('total without' low-T steps); interpreted as post-metamorphic cooling through ~500 C (p. 422),Hornblende,Ar Furnace-Step,Direct,Grenville Province,NL,52.9389,-66.8633,"SW Labrador, Opocopa Lake (NTS 23B) 1:250000 sheet; coordinates converted from DMS in Appendix p. 428 (sample 17)","Parautochthonous Belt, SW Labrador (Gagnon terrane - compiler assignment); Grenvillian kyanite zone",Metamorphic,metagabbro (amphibolite) of the Shabogamo Intrusive Suite,"Dallmeyer, R.D. and Rivers, T., 1983. Recognition of extraneous argon components through incremental-release 40Ar/39Ar analysis of biotite and hornblende across the Grenvillian metamorphic gradient in southwestern Labrador. Geochimica et Cosmochimica Acta, 47(3), 413-428. doi:10.1016/0016-7037(83)90264-8 [Table 1, p. 417; Fig. 3 p. 419]"
18,932.0,14.0,14.0,Ar/Ar,Cooling,Plateau Age ('total without' low-T steps); interpreted as post-metamorphic cooling through ~500 C (p. 422),Hornblende,Ar Furnace-Step,Direct,Grenville Province,NL,52.9531,-66.7903,"SW Labrador, Opocopa Lake (NTS 23B) 1:250000 sheet; coordinates converted from DMS in Appendix p. 428 (sample 18)","Parautochthonous Belt, SW Labrador (Gagnon terrane - compiler assignment); Grenvillian kyanite zone",Metamorphic,metagabbro (amphibolite) of the Shabogamo Intrusive Suite,"Dallmeyer, R.D. and Rivers, T., 1983. Recognition of extraneous argon components through incremental-release 40Ar/39Ar analysis of biotite and hornblende across the Grenvillian metamorphic gradient in southwestern Labrador. Geochimica et Cosmochimica Acta, 47(3), 413-428. doi:10.1016/0016-7037(83)90264-8 [Table 1, p. 417; Fig. 3 p. 419]"
19,929.0,14.0,14.0,Ar/Ar,Cooling,Plateau Age ('total without' low-T steps); interpreted as post-metamorphic cooling through ~500 C (p. 422),Hornblende,Ar Furnace-Step,Direct,Grenville Province,NL,52.9489,-66.7642,"SW Labrador, Opocopa Lake (NTS 23B) 1:250000 sheet; coordinates converted from DMS in Appendix p. 428 (sample 19)","Parautochthonous Belt, SW Labrador (Gagnon terrane - compiler assignment); Grenvillian kyanite zone",Metamorphic,metagabbro (amphibolite) of the Shabogamo Intrusive Suite,"Dallmeyer, R.D. and Rivers, T., 1983. Recognition of extraneous argon components through incremental-release 40Ar/39Ar analysis of biotite and hornblende across the Grenvillian metamorphic gradient in southwestern Labrador. Geochimica et Cosmochimica Acta, 47(3), 413-428. doi:10.1016/0016-7037(83)90264-8 [Table 1, p. 417; Fig. 3 p. 419]"
20,936.0,16.0,16.0,Ar/Ar,Cooling,Plateau Age ('total without' low-T steps); interpreted as post-metamorphic cooling through ~500 C (p. 422),Hornblende,Ar Furnace-Step,Direct,Grenville Province,NL,52.8817,-66.8728,"SW Labrador, Opocopa Lake (NTS 23B) 1:250000 sheet; coordinates converted from DMS in Appendix p. 428 (sample 20)","Parautochthonous Belt, SW Labrador (Gagnon terrane - compiler assignment); Grenvillian kyanite zone",Metamorphic,metagabbro (amphibolite) of the Shabogamo Intrusive Suite,"Dallmeyer, R.D. and Rivers, T., 1983. Recognition of extraneous argon components through incremental-release 40Ar/39Ar analysis of biotite and hornblende across the Grenvillian metamorphic gradient in southwestern Labrador. Geochimica et Cosmochimica Acta, 47(3), 413-428. doi:10.1016/0016-7037(83)90264-8 [Table 1, p. 417; Fig. 3 p. 419]"
22,938.0,16.0,16.0,Ar/Ar,Cooling,Plateau Age ('total without' low-T steps); interpreted as post-metamorphic cooling through ~500 C (p. 422),Hornblende,Ar Furnace-Step,Direct,Grenville Province,NL,52.7403,-66.7219,"SW Labrador, Opocopa Lake (NTS 23B) 1:250000 sheet; coordinates converted from DMS in Appendix p. 428 (sample 22)","Parautochthonous Belt, SW Labrador (Gagnon terrane - compiler assignment); Grenvillian kyanite zone",Metamorphic,metagabbro (amphibolite) of the Shabogamo Intrusive Suite,"Dallmeyer, R.D. and Rivers, T., 1983. Recognition of extraneous argon components through incremental-release 40Ar/39Ar analysis of biotite and hornblende across the Grenvillian metamorphic gradient in southwestern Labrador. Geochimica et Cosmochimica Acta, 47(3), 413-428. doi:10.1016/0016-7037(83)90264-8 [Table 1, p. 417; Fig. 3 p. 419]"
23,932.0,14.0,14.0,Ar/Ar,Cooling,Plateau Age ('total without' low-T steps); interpreted as post-metamorphic cooling through ~500 C (p. 422),Hornblende,Ar Furnace-Step,Direct,Grenville Province,NL,52.7181,-66.7389,"SW Labrador, Opocopa Lake (NTS 23B) 1:250000 sheet; coordinates converted from DMS in Appendix p. 428 (sample 23)","Parautochthonous Belt, SW Labrador (Gagnon terrane - compiler assignment); Grenvillian kyanite zone",Metamorphic,metagabbro (amphibolite) of the Shabogamo Intrusive Suite,"Dallmeyer, R.D. and Rivers, T., 1983. Recognition of extraneous argon components through incremental-release 40Ar/39Ar analysis of biotite and hornblende across the Grenvillian metamorphic gradient in southwestern Labrador. Geochimica et Cosmochimica Acta, 47(3), 413-428. doi:10.1016/0016-7037(83)90264-8 [Table 1, p. 417; Fig. 3 p. 419]"
25,905.0,14.0,14.0,Ar/Ar,Cooling,Plateau Age ('total without' low-T steps); interpreted as post-metamorphic cooling through ~500 C (p. 422),Hornblende,Ar Furnace-Step,Direct,Grenville Province,NL,52.5903,-66.7925,"SW Labrador, Opocopa Lake (NTS 23B) 1:250000 sheet; coordinates converted from DMS in Appendix p. 428 (sample 25)","Parautochthonous Belt, SW Labrador (Gagnon terrane - compiler assignment); Grenvillian kyanite zone",Metamorphic,metagabbro (amphibolite) of the Shabogamo Intrusive Suite,"Dallmeyer, R.D. and Rivers, T., 1983. Recognition of extraneous argon components through incremental-release 40Ar/39Ar analysis of biotite and hornblende across the Grenvillian metamorphic gradient in southwestern Labrador. Geochimica et Cosmochimica Acta, 47(3), 413-428. doi:10.1016/0016-7037(83)90264-8 [Table 1, p. 418; Fig. 3 p. 419]"
26,920.0,14.0,14.0,Ar/Ar,Cooling,Plateau Age ('total without' low-T steps); interpreted as post-metamorphic cooling through ~500 C (p. 422),Hornblende,Ar Furnace-Step,Direct,Grenville Province,NL,52.4761,-66.8658,"SW Labrador, Opocopa Lake (NTS 23B) 1:250000 sheet; coordinates converted from DMS in Appendix p. 428 (sample 26)","Parautochthonous Belt, SW Labrador (Gagnon terrane - compiler assignment); Grenvillian kyanite zone",Metamorphic,metagabbro (amphibolite) of the Shabogamo Intrusive Suite,"Dallmeyer, R.D. and Rivers, T., 1983. Recognition of extraneous argon components through incremental-release 40Ar/39Ar analysis of biotite and hornblende across the Grenvillian metamorphic gradient in southwestern Labrador. Geochimica et Cosmochimica Acta, 47(3), 413-428. doi:10.1016/0016-7037(83)90264-8 [Table 1, p. 418; Fig. 3 p. 419]"
27,905.0,15.0,15.0,Ar/Ar,Cooling,Plateau Age ('total without' low-T steps); interpreted as post-metamorphic cooling through ~500 C (p. 422),Hornblende,Ar Furnace-Step,Direct,Grenville Province,NL,52.4075,-66.8375,"SW Labrador, Opocopa Lake (NTS 23B) 1:250000 sheet; coordinates converted from DMS in Appendix p. 428 (sample 27)","Parautochthonous Belt, SW Labrador (Gagnon terrane - compiler assignment); Grenvillian kyanite zone",Metamorphic,metagabbro (amphibolite) of the Shabogamo Intrusive Suite,"Dallmeyer, R.D. and Rivers, T., 1983. Recognition of extraneous argon components through incremental-release 40Ar/39Ar analysis of biotite and hornblende across the Grenvillian metamorphic gradient in southwestern Labrador. Geochimica et Cosmochimica Acta, 47(3), 413-428. doi:10.1016/0016-7037(83)90264-8 [Table 1, p. 418; Fig. 3 p. 419]"
1,2100.0,30.0,30.0,Ar/Ar,Total Gas Age,"total gas age; very discordant spectrum, ages decrease through analysis; attributed to excess argon (not geologically meaningful)",Hornblende,Ar Furnace-Step,Total Gas Age,Grenville Province,NL,53.3286,-66.6133,"SW Labrador, Shabogamo Lake (NTS 23G) 1:250000 sheet; coordinates converted from DMS in Appendix p. 428 (sample 1)","Parautochthonous Belt, SW Labrador (Gagnon terrane - compiler assignment); Grenvillian garnet zone",Metamorphic,metagabbro (amphibolite) of the Shabogamo Intrusive Suite,"Dallmeyer, R.D. and Rivers, T., 1983. Recognition of extraneous argon components through incremental-release 40Ar/39Ar analysis of biotite and hornblende across the Grenvillian metamorphic gradient in southwestern Labrador. Geochimica et Cosmochimica Acta, 47(3), 413-428. doi:10.1016/0016-7037(83)90264-8 [Table 1, p. 416; Fig. 4 p. 420; text p. 421]"
2,3017.0,40.0,40.0,Ar/Ar,Total Gas Age,"total gas age; very discordant spectrum, ages decrease through analysis; attributed to excess argon (not geologically meaningful)",Hornblende,Ar Furnace-Step,Total Gas Age,Grenville Province,NL,53.2303,-66.7494,"SW Labrador, Shabogamo Lake (NTS 23G) 1:250000 sheet; coordinates converted from DMS in Appendix p. 428 (sample 2)","Parautochthonous Belt, SW Labrador (Gagnon terrane - compiler assignment); Grenvillian garnet zone",Metamorphic,metagabbro (amphibolite) of the Shabogamo Intrusive Suite,"Dallmeyer, R.D. and Rivers, T., 1983. Recognition of extraneous argon components through incremental-release 40Ar/39Ar analysis of biotite and hornblende across the Grenvillian metamorphic gradient in southwestern Labrador. Geochimica et Cosmochimica Acta, 47(3), 413-428. doi:10.1016/0016-7037(83)90264-8 [Table 1, p. 416; Fig. 4 p. 420; text p. 421]"
1,1755.0,25.0,25.0,Ar/Ar,Total Gas Age,total gas age (no plateau defined); authors attribute old biotite dates to excess Ar (pp. 421-424),Biotite,Ar Furnace-Step,Total Gas Age,Grenville Province,NL,53.3286,-66.6133,"SW Labrador, Shabogamo Lake (NTS 23G) 1:250000 sheet; coordinates converted from DMS in Appendix p. 428 (sample 1)","Parautochthonous Belt, SW Labrador (Gagnon terrane - compiler assignment); Grenvillian garnet-kyanite zones",Metamorphic,metagabbro (amphibolite) of the Shabogamo Intrusive Suite,"Dallmeyer, R.D. and Rivers, T., 1983. Recognition of extraneous argon components through incremental-release 40Ar/39Ar analysis of biotite and hornblende across the Grenvillian metamorphic gradient in southwestern Labrador. Geochimica et Cosmochimica Acta, 47(3), 413-428. doi:10.1016/0016-7037(83)90264-8 [Table 3, p. 420; Fig. 5 p. 423]"
3,2066.0,26.0,26.0,Ar/Ar,Total Gas Age,total gas age (no plateau defined); authors attribute old biotite dates to excess Ar (pp. 421-424),Biotite,Ar Furnace-Step,Total Gas Age,Grenville Province,NL,53.2258,-66.7689,"SW Labrador, Shabogamo Lake (NTS 23G) 1:250000 sheet; coordinates converted from DMS in Appendix p. 428 (sample 3)","Parautochthonous Belt, SW Labrador (Gagnon terrane - compiler assignment); Grenvillian garnet-kyanite zones",Metamorphic,metasedimentary schist of the Knob Lake Group,"Dallmeyer, R.D. and Rivers, T., 1983. Recognition of extraneous argon components through incremental-release 40Ar/39Ar analysis of biotite and hornblende across the Grenvillian metamorphic gradient in southwestern Labrador. Geochimica et Cosmochimica Acta, 47(3), 413-428. doi:10.1016/0016-7037(83)90264-8 [Table 3, p. 420; Fig. 5 p. 423]"
4,1283.0,18.0,18.0,Ar/Ar,Plateau Age,"Plateau Age ('total without' steps); authors: biotite dates >1000 Ma contain excess Ar and biotite dates generally >= hornblende, so biotite plateaus are not reliable cooling ages (pp. 421-424)",Biotite,Ar Furnace-Step,Direct,Grenville Province,NL,53.1944,-66.8281,"SW Labrador, Shabogamo Lake (NTS 23G) 1:250000 sheet; coordinates converted from DMS in Appendix p. 428 (sample 4)","Parautochthonous Belt, SW Labrador (Gagnon terrane - compiler assignment); Grenvillian garnet-kyanite zones",Metamorphic,metasedimentary schist of the Knob Lake Group,"Dallmeyer, R.D. and Rivers, T., 1983. Recognition of extraneous argon components through incremental-release 40Ar/39Ar analysis of biotite and hornblende across the Grenvillian metamorphic gradient in southwestern Labrador. Geochimica et Cosmochimica Acta, 47(3), 413-428. doi:10.1016/0016-7037(83)90264-8 [Table 3, p. 420; Fig. 5 p. 423]"
5,1430.0,21.0,21.0,Ar/Ar,Total Gas Age,total gas age (no plateau defined); authors attribute old biotite dates to excess Ar (pp. 421-424),Biotite,Ar Furnace-Step,Total Gas Age,Grenville Province,NL,53.1544,-66.9058,"SW Labrador, Shabogamo Lake (NTS 23G) 1:250000 sheet; coordinates converted from DMS in Appendix p. 428 (sample 5)","Parautochthonous Belt, SW Labrador (Gagnon terrane - compiler assignment); Grenvillian garnet-kyanite zones",Metamorphic,metagabbro (amphibolite) of the Shabogamo Intrusive Suite,"Dallmeyer, R.D. and Rivers, T., 1983. Recognition of extraneous argon components through incremental-release 40Ar/39Ar analysis of biotite and hornblende across the Grenvillian metamorphic gradient in southwestern Labrador. Geochimica et Cosmochimica Acta, 47(3), 413-428. doi:10.1016/0016-7037(83)90264-8 [Table 3, p. 420; Fig. 5 p. 423]"
6,1270.0,18.0,18.0,Ar/Ar,Plateau Age,"Plateau Age ('total without' steps); authors: biotite dates >1000 Ma contain excess Ar and biotite dates generally >= hornblende, so biotite plateaus are not reliable cooling ages (pp. 421-424)",Biotite,Ar Furnace-Step,Direct,Grenville Province,NL,53.2317,-66.6653,"SW Labrador, Shabogamo Lake (NTS 23G) 1:250000 sheet; coordinates converted from DMS in Appendix p. 428 (sample 6)","Parautochthonous Belt, SW Labrador (Gagnon terrane - compiler assignment); Grenvillian garnet-kyanite zones",Metamorphic,metasedimentary schist of the Knob Lake Group,"Dallmeyer, R.D. and Rivers, T., 1983. Recognition of extraneous argon components through incremental-release 40Ar/39Ar analysis of biotite and hornblende across the Grenvillian metamorphic gradient in southwestern Labrador. Geochimica et Cosmochimica Acta, 47(3), 413-428. doi:10.1016/0016-7037(83)90264-8 [Table 3, p. 420; Fig. 5 p. 423]"
7,970.0,15.0,15.0,Ar/Ar,Plateau Age,"Plateau Age ('total without' steps); authors: biotite dates >1000 Ma contain excess Ar and biotite dates generally >= hornblende, so biotite plateaus are not reliable cooling ages (pp. 421-424)",Biotite,Ar Furnace-Step,Direct,Grenville Province,NL,53.1975,-66.6242,"SW Labrador, Shabogamo Lake (NTS 23G) 1:250000 sheet; coordinates converted from DMS in Appendix p. 428 (sample 7)","Parautochthonous Belt, SW Labrador (Gagnon terrane - compiler assignment); Grenvillian garnet-kyanite zones",Metamorphic,metasedimentary schist of the Knob Lake Group,"Dallmeyer, R.D. and Rivers, T., 1983. Recognition of extraneous argon components through incremental-release 40Ar/39Ar analysis of biotite and hornblende across the Grenvillian metamorphic gradient in southwestern Labrador. Geochimica et Cosmochimica Acta, 47(3), 413-428. doi:10.1016/0016-7037(83)90264-8 [Table 3, p. 420; Fig. 5 p. 423]"
8,1674.0,22.0,22.0,Ar/Ar,Plateau Age,"Plateau Age ('total without' steps); authors: biotite dates >1000 Ma contain excess Ar and biotite dates generally >= hornblende, so biotite plateaus are not reliable cooling ages (pp. 421-424)",Biotite,Ar Furnace-Step,Direct,Grenville Province,NL,53.1631,-66.8114,"SW Labrador, Shabogamo Lake (NTS 23G) 1:250000 sheet; coordinates converted from DMS in Appendix p. 428 (sample 8)","Parautochthonous Belt, SW Labrador (Gagnon terrane - compiler assignment); Grenvillian garnet-kyanite zones",Metamorphic,metasedimentary schist of the Knob Lake Group,"Dallmeyer, R.D. and Rivers, T., 1983. Recognition of extraneous argon components through incremental-release 40Ar/39Ar analysis of biotite and hornblende across the Grenvillian metamorphic gradient in southwestern Labrador. Geochimica et Cosmochimica Acta, 47(3), 413-428. doi:10.1016/0016-7037(83)90264-8 [Table 3, p. 420; Fig. 5 p. 423]"
9,1027.0,15.0,15.0,Ar/Ar,Plateau Age,"Plateau Age ('total without' steps); authors: biotite dates >1000 Ma contain excess Ar and biotite dates generally >= hornblende, so biotite plateaus are not reliable cooling ages (pp. 421-424)",Biotite,Ar Furnace-Step,Direct,Grenville Province,NL,53.0731,-66.9342,"SW Labrador, Shabogamo Lake (NTS 23G) 1:250000 sheet; coordinates converted from DMS in Appendix p. 428 (sample 9)","Parautochthonous Belt, SW Labrador (Gagnon terrane - compiler assignment); Grenvillian garnet-kyanite zones",Metamorphic,metasedimentary schist of the Knob Lake Group,"Dallmeyer, R.D. and Rivers, T., 1983. Recognition of extraneous argon components through incremental-release 40Ar/39Ar analysis of biotite and hornblende across the Grenvillian metamorphic gradient in southwestern Labrador. Geochimica et Cosmochimica Acta, 47(3), 413-428. doi:10.1016/0016-7037(83)90264-8 [Table 3, p. 420; Fig. 5 p. 423]"
10,948.0,14.0,14.0,Ar/Ar,Plateau Age,"Plateau Age ('total without' steps); authors: biotite dates >1000 Ma contain excess Ar and biotite dates generally >= hornblende, so biotite plateaus are not reliable cooling ages (pp. 421-424)",Biotite,Ar Furnace-Step,Direct,Grenville Province,NL,53.0342,-66.9531,"SW Labrador, Shabogamo Lake (NTS 23G) 1:250000 sheet; coordinates converted from DMS in Appendix p. 428 (sample 10)","Parautochthonous Belt, SW Labrador (Gagnon terrane - compiler assignment); Grenvillian garnet-kyanite zones",Metamorphic,metagabbro (amphibolite) of the Shabogamo Intrusive Suite,"Dallmeyer, R.D. and Rivers, T., 1983. Recognition of extraneous argon components through incremental-release 40Ar/39Ar analysis of biotite and hornblende across the Grenvillian metamorphic gradient in southwestern Labrador. Geochimica et Cosmochimica Acta, 47(3), 413-428. doi:10.1016/0016-7037(83)90264-8 [Table 3, p. 420; Fig. 5 p. 423]"
11,988.0,15.0,15.0,Ar/Ar,Plateau Age,"Plateau Age ('total without' steps); authors: biotite dates >1000 Ma contain excess Ar and biotite dates generally >= hornblende, so biotite plateaus are not reliable cooling ages (pp. 421-424)",Biotite,Ar Furnace-Step,Direct,Grenville Province,NL,53.0658,-66.8092,"SW Labrador, Shabogamo Lake (NTS 23G) 1:250000 sheet; coordinates converted from DMS in Appendix p. 428 (sample 11)","Parautochthonous Belt, SW Labrador (Gagnon terrane - compiler assignment); Grenvillian garnet-kyanite zones",Metamorphic,metasedimentary schist of the Knob Lake Group,"Dallmeyer, R.D. and Rivers, T., 1983. Recognition of extraneous argon components through incremental-release 40Ar/39Ar analysis of biotite and hornblende across the Grenvillian metamorphic gradient in southwestern Labrador. Geochimica et Cosmochimica Acta, 47(3), 413-428. doi:10.1016/0016-7037(83)90264-8 [Table 3, p. 421; Fig. 5 p. 423]"
12,1104.0,17.0,17.0,Ar/Ar,Plateau Age,"Plateau Age ('total without' steps); authors: biotite dates >1000 Ma contain excess Ar and biotite dates generally >= hornblende, so biotite plateaus are not reliable cooling ages (pp. 421-424)",Biotite,Ar Furnace-Step,Direct,Grenville Province,NL,53.1403,-66.5331,"SW Labrador, Shabogamo Lake (NTS 23G) 1:250000 sheet; coordinates converted from DMS in Appendix p. 428 (sample 12)","Parautochthonous Belt, SW Labrador (Gagnon terrane - compiler assignment); Grenvillian garnet-kyanite zones",Metamorphic,metagabbro (amphibolite) of the Shabogamo Intrusive Suite,"Dallmeyer, R.D. and Rivers, T., 1983. Recognition of extraneous argon components through incremental-release 40Ar/39Ar analysis of biotite and hornblende across the Grenvillian metamorphic gradient in southwestern Labrador. Geochimica et Cosmochimica Acta, 47(3), 413-428. doi:10.1016/0016-7037(83)90264-8 [Table 3, p. 421; Fig. 5 p. 423]"
13,1305.0,20.0,20.0,Ar/Ar,Total Gas Age,total gas age (no plateau defined); authors attribute old biotite dates to excess Ar (pp. 421-424),Biotite,Ar Furnace-Step,Total Gas Age,Grenville Province,NL,53.17,-66.5189,"SW Labrador, Shabogamo Lake (NTS 23G) 1:250000 sheet; coordinates converted from DMS in Appendix p. 428 (sample 13)","Parautochthonous Belt, SW Labrador (Gagnon terrane - compiler assignment); Grenvillian garnet-kyanite zones",Metamorphic,metasedimentary schist of the Knob Lake Group,"Dallmeyer, R.D. and Rivers, T., 1983. Recognition of extraneous argon components through incremental-release 40Ar/39Ar analysis of biotite and hornblende across the Grenvillian metamorphic gradient in southwestern Labrador. Geochimica et Cosmochimica Acta, 47(3), 413-428. doi:10.1016/0016-7037(83)90264-8 [Table 3, p. 421; Fig. 5 p. 423]"
14,1232.0,18.0,18.0,Ar/Ar,Plateau Age,"Plateau Age ('total without' steps); authors: biotite dates >1000 Ma contain excess Ar and biotite dates generally >= hornblende, so biotite plateaus are not reliable cooling ages (pp. 421-424)",Biotite,Ar Furnace-Step,Direct,Grenville Province,NL,52.9961,-66.9011,"SW Labrador, Opocopa Lake (NTS 23B) 1:250000 sheet; coordinates converted from DMS in Appendix p. 428 (sample 14)","Parautochthonous Belt, SW Labrador (Gagnon terrane - compiler assignment); Grenvillian garnet-kyanite zones",Metamorphic,metagabbro (amphibolite) of the Shabogamo Intrusive Suite,"Dallmeyer, R.D. and Rivers, T., 1983. Recognition of extraneous argon components through incremental-release 40Ar/39Ar analysis of biotite and hornblende across the Grenvillian metamorphic gradient in southwestern Labrador. Geochimica et Cosmochimica Acta, 47(3), 413-428. doi:10.1016/0016-7037(83)90264-8 [Table 3, p. 421; Fig. 5 p. 423]"
15,1952.0,24.0,24.0,Ar/Ar,Plateau Age,"Plateau Age ('total without' steps); authors: biotite dates >1000 Ma contain excess Ar and biotite dates generally >= hornblende, so biotite plateaus are not reliable cooling ages (pp. 421-424)",Biotite,Ar Furnace-Step,Direct,Grenville Province,NL,53.0172,-66.7997,"SW Labrador, Shabogamo Lake (NTS 23G) 1:250000 sheet; coordinates converted from DMS in Appendix p. 428 (sample 15)","Parautochthonous Belt, SW Labrador (Gagnon terrane - compiler assignment); Grenvillian garnet-kyanite zones",Metamorphic,metasedimentary schist of the Knob Lake Group,"Dallmeyer, R.D. and Rivers, T., 1983. Recognition of extraneous argon components through incremental-release 40Ar/39Ar analysis of biotite and hornblende across the Grenvillian metamorphic gradient in southwestern Labrador. Geochimica et Cosmochimica Acta, 47(3), 413-428. doi:10.1016/0016-7037(83)90264-8 [Table 3, p. 421; Fig. 5 p. 423]"
17,891.0,16.0,16.0,Ar/Ar,Plateau Age,"Plateau Age ('total without' steps); authors: biotite dates >1000 Ma contain excess Ar and biotite dates generally >= hornblende, so biotite plateaus are not reliable cooling ages (pp. 421-424)",Biotite,Ar Furnace-Step,Direct,Grenville Province,NL,52.9389,-66.8633,"SW Labrador, Opocopa Lake (NTS 23B) 1:250000 sheet; coordinates converted from DMS in Appendix p. 428 (sample 17)","Parautochthonous Belt, SW Labrador (Gagnon terrane - compiler assignment); Grenvillian garnet-kyanite zones",Metamorphic,metasedimentary schist of the Knob Lake Group,"Dallmeyer, R.D. and Rivers, T., 1983. Recognition of extraneous argon components through incremental-release 40Ar/39Ar analysis of biotite and hornblende across the Grenvillian metamorphic gradient in southwestern Labrador. Geochimica et Cosmochimica Acta, 47(3), 413-428. doi:10.1016/0016-7037(83)90264-8 [Table 3, p. 421; Fig. 5 p. 423]"
21,948.0,16.0,16.0,Ar/Ar,Plateau Age,"Plateau Age ('total without' steps); authors: biotite dates >1000 Ma contain excess Ar and biotite dates generally >= hornblende, so biotite plateaus are not reliable cooling ages (pp. 421-424)",Biotite,Ar Furnace-Step,Direct,Grenville Province,NL,52.7261,-66.8822,"SW Labrador, Opocopa Lake (NTS 23B) 1:250000 sheet; coordinates converted from DMS in Appendix p. 428 (sample 21)","Parautochthonous Belt, SW Labrador (Gagnon terrane - compiler assignment); Grenvillian garnet-kyanite zones",Metamorphic,metasedimentary schist of the Knob Lake Group,"Dallmeyer, R.D. and Rivers, T., 1983. Recognition of extraneous argon components through incremental-release 40Ar/39Ar analysis of biotite and hornblende across the Grenvillian metamorphic gradient in southwestern Labrador. Geochimica et Cosmochimica Acta, 47(3), 413-428. doi:10.1016/0016-7037(83)90264-8 [Table 3, p. 421; Fig. 5 p. 423]"
24,990.0,14.0,14.0,Ar/Ar,Plateau Age,"Plateau Age ('total without' steps); authors: biotite dates >1000 Ma contain excess Ar and biotite dates generally >= hornblende, so biotite plateaus are not reliable cooling ages (pp. 421-424)",Biotite,Ar Furnace-Step,Direct,Grenville Province,NL,52.6544,-66.6464,"SW Labrador, Opocopa Lake (NTS 23B) 1:250000 sheet; coordinates converted from DMS in Appendix p. 428 (sample 24)","Parautochthonous Belt, SW Labrador (Gagnon terrane - compiler assignment); Grenvillian garnet-kyanite zones",Metamorphic,metasedimentary schist of the Knob Lake Group,"Dallmeyer, R.D. and Rivers, T., 1983. Recognition of extraneous argon components through incremental-release 40Ar/39Ar analysis of biotite and hornblende across the Grenvillian metamorphic gradient in southwestern Labrador. Geochimica et Cosmochimica Acta, 47(3), 413-428. doi:10.1016/0016-7037(83)90264-8 [Table 3, p. 421; Fig. 5 p. 423]"
25,914.0,15.0,15.0,Ar/Ar,Plateau Age,"Plateau Age ('total without' steps); authors: biotite dates >1000 Ma contain excess Ar and biotite dates generally >= hornblende, so biotite plateaus are not reliable cooling ages (pp. 421-424)",Biotite,Ar Furnace-Step,Direct,Grenville Province,NL,52.5903,-66.7925,"SW Labrador, Opocopa Lake (NTS 23B) 1:250000 sheet; coordinates converted from DMS in Appendix p. 428 (sample 25)","Parautochthonous Belt, SW Labrador (Gagnon terrane - compiler assignment); Grenvillian garnet-kyanite zones",Metamorphic,metagabbro (amphibolite) of the Shabogamo Intrusive Suite,"Dallmeyer, R.D. and Rivers, T., 1983. Recognition of extraneous argon components through incremental-release 40Ar/39Ar analysis of biotite and hornblende across the Grenvillian metamorphic gradient in southwestern Labrador. Geochimica et Cosmochimica Acta, 47(3), 413-428. doi:10.1016/0016-7037(83)90264-8 [Table 3, p. 421; Fig. 5 p. 423]"
28,938.0,15.0,15.0,Ar/Ar,Plateau Age,"Plateau Age ('total without' steps); authors: biotite dates >1000 Ma contain excess Ar and biotite dates generally >= hornblende, so biotite plateaus are not reliable cooling ages (pp. 421-424)",Biotite,Ar Furnace-Step,Direct,Grenville Province,NL,52.4044,-66.8281,"SW Labrador, Opocopa Lake (NTS 23B) 1:250000 sheet; coordinates converted from DMS in Appendix p. 428 (sample 28)","Parautochthonous Belt, SW Labrador (Gagnon terrane - compiler assignment); Grenvillian garnet-kyanite zones",Metamorphic,metasedimentary schist of the Knob Lake Group,"Dallmeyer, R.D. and Rivers, T., 1983. Recognition of extraneous argon components through incremental-release 40Ar/39Ar analysis of biotite and hornblende across the Grenvillian metamorphic gradient in southwestern Labrador. Geochimica et Cosmochimica Acta, 47(3), 413-428. doi:10.1016/0016-7037(83)90264-8 [Table 3, p. 421; Fig. 5 p. 423]"
29,857.0,14.0,14.0,Ar/Ar,Cooling,Plateau Age; used by authors (p. 426) as approximating cooling below Ar retention in biotite in higher-grade kyanite zone,Biotite,Ar Furnace-Step,Direct,Grenville Province,NL,52.3889,-66.7878,"SW Labrador, Opocopa Lake (NTS 23B) 1:250000 sheet; coordinates converted from DMS in Appendix p. 428 (sample 29)","Parautochthonous Belt, SW Labrador (Gagnon terrane - compiler assignment); Grenvillian garnet-kyanite zones",Metamorphic,metasedimentary schist of the Knob Lake Group,"Dallmeyer, R.D. and Rivers, T., 1983. Recognition of extraneous argon components through incremental-release 40Ar/39Ar analysis of biotite and hornblende across the Grenvillian metamorphic gradient in southwestern Labrador. Geochimica et Cosmochimica Acta, 47(3), 413-428. doi:10.1016/0016-7037(83)90264-8 [Table 3, p. 421; Fig. 5 p. 423]"
15,1652.0,21.0,21.0,Ar/Ar,Cooling,Plateau Age; pre-Grenvillian post-crystallization cooling (~500 C),Hornblende,Ar Furnace-Step,Direct,Grenville Province,NL,,,Central Labrador; location shown on Fig. 2 map only (no coordinates given),"Grenville parautochthon, northern structural unit (central Labrador)",Plutonic,"relatively undeformed biotite-hornblende granite, North Pole Brook intrusive suite","Dallmeyer, R.D., 1987. 40Ar/39Ar mineral age record of variably superimposed Proterozoic tectonothermal events in the Grenville Orogen, central Labrador. Canadian Journal of Earth Sciences, 24(2), 314-333. doi:10.1139/e87-033 [Table 2, p. 320; Fig. 4 p. 319; text pp. 318-319 and Interpretation pp. 325-331]"
16,1652.0,22.0,22.0,Ar/Ar,Cooling,Plateau Age; pre-Grenvillian post-crystallization cooling (~500 C),Hornblende,Ar Furnace-Step,Direct,Grenville Province,NL,,,Central Labrador; location shown on Fig. 2 map only (no coordinates given),"Grenville parautochthon, northern structural unit (central Labrador)",Plutonic,"relatively undeformed biotite-hornblende granite, North Pole Brook intrusive suite","Dallmeyer, R.D., 1987. 40Ar/39Ar mineral age record of variably superimposed Proterozoic tectonothermal events in the Grenville Orogen, central Labrador. Canadian Journal of Earth Sciences, 24(2), 314-333. doi:10.1139/e87-033 [Table 2, p. 320; Fig. 4 p. 319; text pp. 318-319 and Interpretation pp. 325-331]"
3 (1),1713.0,27.0,27.0,Ar/Ar,Total Gas Age,"total gas age; discordant spectrum, extraneous (excess) Ar and retrograde amphibole; not geologically meaningful per author",Hornblende,Ar Furnace-Step,Total Gas Age,Grenville Province,NL,,,Central Labrador; location shown on Fig. 2 map only (no coordinates given),"Grenville parautochthon, northern structural unit (central Labrador)",Plutonic,"retrogressed biotite-hornblende granite, North Pole Brook intrusive suite","Dallmeyer, R.D., 1987. 40Ar/39Ar mineral age record of variably superimposed Proterozoic tectonothermal events in the Grenville Orogen, central Labrador. Canadian Journal of Earth Sciences, 24(2), 314-333. doi:10.1139/e87-033 [Table 2, p. 320; Fig. 4 p. 319; text p. 319]"
3 (2),1788.0,25.0,25.0,Ar/Ar,Total Gas Age,"total gas age; discordant spectrum, extraneous (excess) Ar and retrograde amphibole; not geologically meaningful per author",Hornblende,Ar Furnace-Step,Total Gas Age,Grenville Province,NL,,,Central Labrador; location shown on Fig. 2 map only (no coordinates given),"Grenville parautochthon, northern structural unit (central Labrador)",Plutonic,"retrogressed biotite-hornblende granite, North Pole Brook intrusive suite","Dallmeyer, R.D., 1987. 40Ar/39Ar mineral age record of variably superimposed Proterozoic tectonothermal events in the Grenville Orogen, central Labrador. Canadian Journal of Earth Sciences, 24(2), 314-333. doi:10.1139/e87-033 [Table 2, p. 320; Fig. 4 p. 319; text p. 319]"
4 (1),1965.0,27.0,27.0,Ar/Ar,Total Gas Age,"total gas age; discordant spectrum, extraneous (excess) Ar and retrograde amphibole; not geologically meaningful per author",Hornblende,Ar Furnace-Step,Total Gas Age,Grenville Province,NL,,,Central Labrador; location shown on Fig. 2 map only (no coordinates given),"Grenville parautochthon, northern structural unit (central Labrador)",Plutonic,"retrogressed biotite-hornblende granite, North Pole Brook intrusive suite","Dallmeyer, R.D., 1987. 40Ar/39Ar mineral age record of variably superimposed Proterozoic tectonothermal events in the Grenville Orogen, central Labrador. Canadian Journal of Earth Sciences, 24(2), 314-333. doi:10.1139/e87-033 [Table 2, p. 320; Fig. 4 p. 319; text p. 319]"
4 (2),2014.0,25.0,25.0,Ar/Ar,Total Gas Age,"total gas age; discordant spectrum, extraneous (excess) Ar and retrograde amphibole; not geologically meaningful per author",Hornblende,Ar Furnace-Step,Total Gas Age,Grenville Province,NL,,,Central Labrador; location shown on Fig. 2 map only (no coordinates given),"Grenville parautochthon, northern structural unit (central Labrador)",Plutonic,"retrogressed biotite-hornblende granite, North Pole Brook intrusive suite","Dallmeyer, R.D., 1987. 40Ar/39Ar mineral age record of variably superimposed Proterozoic tectonothermal events in the Grenville Orogen, central Labrador. Canadian Journal of Earth Sciences, 24(2), 314-333. doi:10.1139/e87-033 [Table 2, p. 320; Fig. 4 p. 319; text p. 319]"
5,1812.0,27.0,27.0,Ar/Ar,Total Gas Age,"total gas age; discordant spectrum, extraneous (excess) Ar and retrograde amphibole; not geologically meaningful per author",Hornblende,Ar Furnace-Step,Total Gas Age,Grenville Province,NL,,,Central Labrador; location shown on Fig. 2 map only (no coordinates given),"Grenville parautochthon, northern structural unit (central Labrador)",Plutonic,"retrogressed biotite-hornblende granite, North Pole Brook intrusive suite","Dallmeyer, R.D., 1987. 40Ar/39Ar mineral age record of variably superimposed Proterozoic tectonothermal events in the Grenville Orogen, central Labrador. Canadian Journal of Earth Sciences, 24(2), 314-333. doi:10.1139/e87-033 [Table 2, p. 320; Fig. 4 p. 319; text p. 319]"
9,2056.0,26.0,26.0,Ar/Ar,Total Gas Age,"total gas age; discordant spectrum, extraneous (excess) Ar and retrograde amphibole; not geologically meaningful per author",Hornblende,Ar Furnace-Step,Total Gas Age,Grenville Province,NL,,,Central Labrador; location shown on Fig. 2 map only (no coordinates given),"Grenville parautochthon, northern structural unit (central Labrador)",Plutonic,"retrogressed biotite-hornblende granite, North Pole Brook intrusive suite","Dallmeyer, R.D., 1987. 40Ar/39Ar mineral age record of variably superimposed Proterozoic tectonothermal events in the Grenville Orogen, central Labrador. Canadian Journal of Earth Sciences, 24(2), 314-333. doi:10.1139/e87-033 [Table 2, p. 320; Fig. 4 p. 319; text p. 319]"
19,1011.0,15.0,15.0,Ar/Ar,Cooling,Plateau Age (total gas 1012 +/- 18 Ma); post-Grenvillian-metamorphic cooling,Hornblende,Ar Furnace-Step,Direct,Grenville Province,NL,,,Central Labrador; location shown on Fig. 2 map only (no coordinates given),"Grenville parautochthon, northern structural unit (central Labrador), SW contact",Metamorphic,blastomylonitic granitic gneiss derived from North Pole Brook intrusive suite,"Dallmeyer, R.D., 1987. 40Ar/39Ar mineral age record of variably superimposed Proterozoic tectonothermal events in the Grenville Orogen, central Labrador. Canadian Journal of Earth Sciences, 24(2), 314-333. doi:10.1139/e87-033 [Table 2, p. 320; Fig. 4 p. 319; text p. 319 and Interpretation pp. 325-331]"
20,991.0,15.0,15.0,Ar/Ar,Cooling,Plateau Age (total gas 1059 +/- 18 Ma); post-Grenvillian-metamorphic cooling,Hornblende,Ar Furnace-Step,Direct,Grenville Province,NL,,,Central Labrador; location shown on Fig. 2 map only (no coordinates given),"Grenville parautochthon, southern structural unit (central Labrador)",Metamorphic,blastomylonitic granitic gneiss derived from North Pole Brook intrusive suite protolith,"Dallmeyer, R.D., 1987. 40Ar/39Ar mineral age record of variably superimposed Proterozoic tectonothermal events in the Grenville Orogen, central Labrador. Canadian Journal of Earth Sciences, 24(2), 314-333. doi:10.1139/e87-033 [Table 4, p. 327; Fig. 6 p. 326; text p. 322]"
21,1013.0,14.0,14.0,Ar/Ar,Cooling,Plateau Age (total gas 1029 +/- 19 Ma); post-Grenvillian-metamorphic cooling,Hornblende,Ar Furnace-Step,Direct,Grenville Province,NL,,,Central Labrador; location shown on Fig. 2 map only (no coordinates given),"Grenville parautochthon, southern structural unit (central Labrador)",Metamorphic,blastomylonitic granitic gneiss derived from North Pole Brook intrusive suite protolith,"Dallmeyer, R.D., 1987. 40Ar/39Ar mineral age record of variably superimposed Proterozoic tectonothermal events in the Grenville Orogen, central Labrador. Canadian Journal of Earth Sciences, 24(2), 314-333. doi:10.1139/e87-033 [Table 4, p. 327; Fig. 6 p. 326; text p. 322]"
11,1873.0,24.0,24.0,Ar/Ar,Cooling,"poorly resolved intermediate/high-T Plateau Age (total gas 1958 +/- 26 Ma); pre-Grenvillian cooling through 500 C, little Grenvillian rejuvenation",Hornblende,Ar Furnace-Step,Direct,Grenville Province,NL,,,Central Labrador; location shown on Fig. 2 map only (no coordinates given),"Grenville parautochthon, paragneiss terrane (NE part; central Labrador)",Metamorphic,amphibolite horizon within parautochthonous paragneiss,"Dallmeyer, R.D., 1987. 40Ar/39Ar mineral age record of variably superimposed Proterozoic tectonothermal events in the Grenville Orogen, central Labrador. Canadian Journal of Earth Sciences, 24(2), 314-333. doi:10.1139/e87-033 [Table 4, p. 327; Fig. 6 p. 326; text p. 322 and Interpretation pp. 325-331]"
14,1315.0,16.0,16.0,Ar/Ar,Cooling,Plateau Age (total gas 1362 +/- 19 Ma); interpreted as post-metamorphic cooling through 500 C,Hornblende,Ar Furnace-Step,Direct,Grenville Province,NL,,,Central Labrador; location shown on Fig. 2 map only (no coordinates given),"Grenville parautochthon, paragneiss terrane (NE part; central Labrador)",Metamorphic,amphibolite horizon within parautochthonous paragneiss,"Dallmeyer, R.D., 1987. 40Ar/39Ar mineral age record of variably superimposed Proterozoic tectonothermal events in the Grenville Orogen, central Labrador. Canadian Journal of Earth Sciences, 24(2), 314-333. doi:10.1139/e87-033 [Table 4, p. 327; Fig. 6 p. 326; text p. 322 and Interpretation pp. 325-331]"
13,1611.0,26.0,26.0,Ar/Ar,Total Gas Age,total gas age; >90% gas in two steps of 1610 +/- 22 and 1557 +/- 20 Ma which author takes to closely date pre-Grenvillian cooling through 500 C,Hornblende,Ar Furnace-Step,Total Gas Age,Grenville Province,NL,,,Central Labrador; location shown on Fig. 2 map only (no coordinates given),"Grenville parautochthon, paragneiss terrane (NE part; central Labrador)",Metamorphic,amphibolite horizon within parautochthonous paragneiss,"Dallmeyer, R.D., 1987. 40Ar/39Ar mineral age record of variably superimposed Proterozoic tectonothermal events in the Grenville Orogen, central Labrador. Canadian Journal of Earth Sciences, 24(2), 314-333. doi:10.1139/e87-033 [Table 4, p. 327; Fig. 6 p. 326; text p. 322 and Interpretation pp. 325-331]"
17,1112.0,21.0,21.0,Ar/Ar,Cooling,Plateau Age (total gas 1123 +/- 24 Ma); post-metamorphic cooling through ~500 C (early Grenvillian),Hornblende,Ar Furnace-Step,Direct,Grenville Province,NL,,,Central Labrador; location shown on Fig. 2 map only (no coordinates given),"Wilson Lake allochthon (central Labrador), near structural base",Metamorphic,variably foliated amphibolite (statically metamorphosed),"Dallmeyer, R.D., 1987. 40Ar/39Ar mineral age record of variably superimposed Proterozoic tectonothermal events in the Grenville Orogen, central Labrador. Canadian Journal of Earth Sciences, 24(2), 314-333. doi:10.1139/e87-033 [Table 6, p. 329; Fig. 6 p. 326; text p. 325 and Interpretation pp. 325-331]"
18,1419.0,21.0,21.0,Ar/Ar,Cooling,Plateau Age (total gas 1424 +/- 24 Ma); post-metamorphic cooling through ~500 C,Hornblende,Ar Furnace-Step,Direct,Grenville Province,NL,,,Central Labrador; location shown on Fig. 2 map only (no coordinates given),Wilson Lake allochthon (central Labrador),Metamorphic,weakly foliated amphibolite,"Dallmeyer, R.D., 1987. 40Ar/39Ar mineral age record of variably superimposed Proterozoic tectonothermal events in the Grenville Orogen, central Labrador. Canadian Journal of Earth Sciences, 24(2), 314-333. doi:10.1139/e87-033 [Table 6, p. 329; Fig. 6 p. 326; text p. 325 and Interpretation pp. 325-331]"
3,1534.0,23.0,23.0,Ar/Ar,Total Gas Age,"Total gas age; author: 1534-1671 Ma biotite ages from samples 3, 4, 16 may record pre-Grenvillian cooling OR partial Ar loss - 'equally viable'",Biotite,Ar Furnace-Step,Total Gas Age,Grenville Province,NL,,,Central Labrador; location shown on Fig. 2 map only (no coordinates given),"Grenville parautochthon, northern structural unit (central Labrador)",Plutonic,"relatively undeformed biotite(-hornblende) granite, North Pole Brook intrusive suite","Dallmeyer, R.D., 1987. 40Ar/39Ar mineral age record of variably superimposed Proterozoic tectonothermal events in the Grenville Orogen, central Labrador. Canadian Journal of Earth Sciences, 24(2), 314-333. doi:10.1139/e87-033 [Table 3, pp. 323-325; Fig. 5 p. 322; text p. 322 and Interpretation pp. 325-331]"
4,1628.0,20.0,20.0,Ar/Ar,Plateau Age,Plateau Age (total gas 1622 +/- 22 Ma); author: may record pre-Grenvillian cooling OR partial Ar loss - 'equally viable',Biotite,Ar Furnace-Step,Direct,Grenville Province,NL,,,Central Labrador; location shown on Fig. 2 map only (no coordinates given),"Grenville parautochthon, northern structural unit (central Labrador)",Plutonic,"relatively undeformed biotite(-hornblende) granite, North Pole Brook intrusive suite","Dallmeyer, R.D., 1987. 40Ar/39Ar mineral age record of variably superimposed Proterozoic tectonothermal events in the Grenville Orogen, central Labrador. Canadian Journal of Earth Sciences, 24(2), 314-333. doi:10.1139/e87-033 [Table 3, pp. 323-325; Fig. 5 p. 322; text p. 322 and Interpretation pp. 325-331]"
16,1671.0,23.0,23.0,Ar/Ar,Plateau Age,Plateau Age (total gas 1668 +/- 25 Ma); author: may record pre-Grenvillian cooling OR partial Ar loss - 'equally viable',Biotite,Ar Furnace-Step,Direct,Grenville Province,NL,,,Central Labrador; location shown on Fig. 2 map only (no coordinates given),"Grenville parautochthon, northern structural unit (central Labrador)",Plutonic,"relatively undeformed biotite(-hornblende) granite, North Pole Brook intrusive suite","Dallmeyer, R.D., 1987. 40Ar/39Ar mineral age record of variably superimposed Proterozoic tectonothermal events in the Grenville Orogen, central Labrador. Canadian Journal of Earth Sciences, 24(2), 314-333. doi:10.1139/e87-033 [Table 3, pp. 323-325; Fig. 5 p. 322; text p. 322 and Interpretation pp. 325-331]"
5,1730.0,23.0,23.0,Ar/Ar,Plateau Age,Plateau Age (total gas 1726 +/- 24 Ma); author: excess/extraneous Ar suspected; no geologic significance affixed (Interpretation pp. 325-331),Biotite,Ar Furnace-Step,Direct,Grenville Province,NL,,,Central Labrador; location shown on Fig. 2 map only (no coordinates given),"Grenville parautochthon, northern structural unit (central Labrador)",Plutonic,"relatively undeformed biotite(-hornblende) granite, North Pole Brook intrusive suite","Dallmeyer, R.D., 1987. 40Ar/39Ar mineral age record of variably superimposed Proterozoic tectonothermal events in the Grenville Orogen, central Labrador. Canadian Journal of Earth Sciences, 24(2), 314-333. doi:10.1139/e87-033 [Table 3, pp. 323-325; Fig. 5 p. 322; text p. 322 and Interpretation pp. 325-331]"
8,2419.0,26.0,26.0,Ar/Ar,Plateau Age,Plateau Age (total gas 2418 +/- 27 Ma); author: excess/extraneous Ar suspected; no geologic significance affixed (Interpretation pp. 325-331),Biotite,Ar Furnace-Step,Direct,Grenville Province,NL,,,Central Labrador; location shown on Fig. 2 map only (no coordinates given),"Grenville parautochthon, northern structural unit (central Labrador)",Plutonic,"relatively undeformed biotite(-hornblende) granite, North Pole Brook intrusive suite","Dallmeyer, R.D., 1987. 40Ar/39Ar mineral age record of variably superimposed Proterozoic tectonothermal events in the Grenville Orogen, central Labrador. Canadian Journal of Earth Sciences, 24(2), 314-333. doi:10.1139/e87-033 [Table 3, pp. 323-325; Fig. 5 p. 322; text p. 322 and Interpretation pp. 325-331]"
9 (1),2189.0,25.0,25.0,Ar/Ar,Plateau Age,Plateau Age (total gas 2194 +/- 26 Ma); duplicate analysis 1; author: excess/extraneous Ar suspected; no geologic significance affixed (Interpretation pp. 325-331),Biotite,Ar Furnace-Step,Direct,Grenville Province,NL,,,Central Labrador; location shown on Fig. 2 map only (no coordinates given),"Grenville parautochthon, northern structural unit (central Labrador)",Plutonic,"relatively undeformed biotite(-hornblende) granite, North Pole Brook intrusive suite","Dallmeyer, R.D., 1987. 40Ar/39Ar mineral age record of variably superimposed Proterozoic tectonothermal events in the Grenville Orogen, central Labrador. Canadian Journal of Earth Sciences, 24(2), 314-333. doi:10.1139/e87-033 [Table 3, pp. 323-325; Fig. 5 p. 322; text p. 322 and Interpretation pp. 325-331]"
9 (2),2169.0,26.0,26.0,Ar/Ar,Total Gas Age,"total gas age, duplicate analysis 2 (Table 3 'total without 475 C and fusion' = 2171 +/- 26 Ma); author: excess/extraneous Ar suspected; no geologic significance affixed (Interpretation pp. 325-331)",Biotite,Ar Furnace-Step,Total Gas Age,Grenville Province,NL,,,Central Labrador; location shown on Fig. 2 map only (no coordinates given),"Grenville parautochthon, northern structural unit (central Labrador)",Plutonic,"relatively undeformed biotite(-hornblende) granite, North Pole Brook intrusive suite","Dallmeyer, R.D., 1987. 40Ar/39Ar mineral age record of variably superimposed Proterozoic tectonothermal events in the Grenville Orogen, central Labrador. Canadian Journal of Earth Sciences, 24(2), 314-333. doi:10.1139/e87-033 [Table 3, pp. 323-325; Fig. 5 p. 322; text p. 322 and Interpretation pp. 325-331]"
15,1980.0,24.0,24.0,Ar/Ar,Total Gas Age,total gas age; author: excess/extraneous Ar suspected; no geologic significance affixed (Interpretation pp. 325-331),Biotite,Ar Furnace-Step,Total Gas Age,Grenville Province,NL,,,Central Labrador; location shown on Fig. 2 map only (no coordinates given),"Grenville parautochthon, northern structural unit (central Labrador)",Plutonic,"relatively undeformed biotite(-hornblende) granite, North Pole Brook intrusive suite","Dallmeyer, R.D., 1987. 40Ar/39Ar mineral age record of variably superimposed Proterozoic tectonothermal events in the Grenville Orogen, central Labrador. Canadian Journal of Earth Sciences, 24(2), 314-333. doi:10.1139/e87-033 [Table 3, pp. 323-325; Fig. 5 p. 322; text p. 322 and Interpretation pp. 325-331]"
6,2339.0,24.0,24.0,Ar/Ar,Plateau Age,"Plateau Age (total gas 2330 +/- 27 Ma); older than crystallization age, extraneous Ar contamination",Biotite,Ar Furnace-Step,Direct,Grenville Province,NL,,,Central Labrador; location shown on Fig. 2 map only (no coordinates given),"Grenville parautochthon, northern structural unit (central Labrador)",Metamorphic,"granite with incipient mylonitic fabric, North Pole Brook intrusive suite","Dallmeyer, R.D., 1987. 40Ar/39Ar mineral age record of variably superimposed Proterozoic tectonothermal events in the Grenville Orogen, central Labrador. Canadian Journal of Earth Sciences, 24(2), 314-333. doi:10.1139/e87-033 [Table 3, pp. 323-325; Fig. 5 p. 322; text p. 322 and Interpretation pp. 325-331]"
7,2533.0,29.0,29.0,Ar/Ar,Total Gas Age,"total gas age; saddle-shaped spectrum, extraneous Ar",Biotite,Ar Furnace-Step,Total Gas Age,Grenville Province,NL,,,Central Labrador; location shown on Fig. 2 map only (no coordinates given),"Grenville parautochthon, northern structural unit (central Labrador)",Metamorphic,"mylonitic granite, North Pole Brook intrusive suite","Dallmeyer, R.D., 1987. 40Ar/39Ar mineral age record of variably superimposed Proterozoic tectonothermal events in the Grenville Orogen, central Labrador. Canadian Journal of Earth Sciences, 24(2), 314-333. doi:10.1139/e87-033 [Table 3, pp. 323-325; Fig. 5 p. 322; text p. 322 and Interpretation pp. 325-331]"
19,1168.0,17.0,17.0,Ar/Ar,Plateau Age,"Plateau Age (total gas 1163 +/- 19 Ma); older than coexisting hornblende -> extraneous Ar, 'no geologic significance'",Biotite,Ar Furnace-Step,Direct,Grenville Province,NL,,,Central Labrador; location shown on Fig. 2 map only (no coordinates given),"Grenville parautochthon, northern structural unit (central Labrador)",Metamorphic,blastomylonitic granitic gneiss derived from North Pole Brook intrusive suite,"Dallmeyer, R.D., 1987. 40Ar/39Ar mineral age record of variably superimposed Proterozoic tectonothermal events in the Grenville Orogen, central Labrador. Canadian Journal of Earth Sciences, 24(2), 314-333. doi:10.1139/e87-033 [Table 3, pp. 323-325; Fig. 5 p. 322; text p. 322 and Interpretation pp. 325-331]"
20,996.0,15.0,15.0,Ar/Ar,Cooling,Plateau Age (total gas 992 +/- 16 Ma); similar to coexisting hornblende 991 Ma; may date cooling through ~300 C,Biotite,Ar Furnace-Step,Direct,Grenville Province,NL,,,Central Labrador; location shown on Fig. 2 map only (no coordinates given),"Grenville parautochthon, southern structural unit (central Labrador)",Metamorphic,blastomylonitic granitic gneiss derived from North Pole Brook intrusive suite protolith,"Dallmeyer, R.D., 1987. 40Ar/39Ar mineral age record of variably superimposed Proterozoic tectonothermal events in the Grenville Orogen, central Labrador. Canadian Journal of Earth Sciences, 24(2), 314-333. doi:10.1139/e87-033 [Table 5, p. 328; Fig. 7 p. 326; text p. 322 and Interpretation pp. 325-331]"
21,1111.0,18.0,18.0,Ar/Ar,Total Gas Age,total gas age; older than coexisting hornblende (1013 Ma) -> extraneous Ar,Biotite,Ar Furnace-Step,Total Gas Age,Grenville Province,NL,,,Central Labrador; location shown on Fig. 2 map only (no coordinates given),"Grenville parautochthon, southern structural unit (central Labrador)",Metamorphic,blastomylonitic granitic gneiss derived from North Pole Brook intrusive suite protolith,"Dallmeyer, R.D., 1987. 40Ar/39Ar mineral age record of variably superimposed Proterozoic tectonothermal events in the Grenville Orogen, central Labrador. Canadian Journal of Earth Sciences, 24(2), 314-333. doi:10.1139/e87-033 [Table 5, p. 328; Fig. 7 p. 326; text p. 322 and Interpretation pp. 325-331]"
12,1689.0,23.0,23.0,Ar/Ar,Total Gas Age,"total gas age; markedly discordant saddle-shaped spectrum (as sample 7, extraneous Ar)",Biotite,Ar Furnace-Step,Total Gas Age,Grenville Province,NL,,,Central Labrador; location shown on Fig. 2 map only (no coordinates given),"Grenville parautochthon, paragneiss terrane (NE part; central Labrador), ductile shear zone",Metamorphic,mylonitic paragneiss (phyllonite),"Dallmeyer, R.D., 1987. 40Ar/39Ar mineral age record of variably superimposed Proterozoic tectonothermal events in the Grenville Orogen, central Labrador. Canadian Journal of Earth Sciences, 24(2), 314-333. doi:10.1139/e87-033 [Table 5, p. 328; Fig. 7 p. 326; text p. 325 and Interpretation pp. 325-331]"
10,1046.0,15.0,15.0,Ar/Ar,Cooling,Plateau Age (total gas 1049 +/- 17 Ma); post-metamorphic cooling through ~350 C,Muscovite,Ar Furnace-Step,Direct,Grenville Province,NL,,,Central Labrador; location shown on Fig. 2 map only (no coordinates given),"Grenville parautochthon, near contact between northern and southern structural units",Metamorphic,mylonitic paragneiss (phyllonite),"Dallmeyer, R.D., 1987. 40Ar/39Ar mineral age record of variably superimposed Proterozoic tectonothermal events in the Grenville Orogen, central Labrador. Canadian Journal of Earth Sciences, 24(2), 314-333. doi:10.1139/e87-033 [Table 5, p. 328; Fig. 7 p. 326; text p. 325 and Interpretation pp. 325-331]"
12,1088.0,15.0,15.0,Ar/Ar,Cooling,Plateau Age (total gas 1123 +/- 17 Ma); post-metamorphic cooling through ~350 C,Muscovite,Ar Furnace-Step,Direct,Grenville Province,NL,,,Central Labrador; location shown on Fig. 2 map only (no coordinates given),"Grenville parautochthon, paragneiss terrane (NE part; central Labrador), ductile shear zone",Metamorphic,mylonitic paragneiss (phyllonite),"Dallmeyer, R.D., 1987. 40Ar/39Ar mineral age record of variably superimposed Proterozoic tectonothermal events in the Grenville Orogen, central Labrador. Canadian Journal of Earth Sciences, 24(2), 314-333. doi:10.1139/e87-033 [Table 5, p. 328; Fig. 7 p. 326; text p. 325 and Interpretation pp. 325-331]"
A-1/A-2,1155.0,3.0,3.0,U/Pb,Igneous Crystallization,"average 207Pb/206Pb of 4 fractions from two samples of one outcrop (A-1, A-2); regressed upper intercept 1158 +/- 3 Ma considered less meaningful; most concordant point 1156 Ma",Zircon,TIMS,Direct,Grenville Province,QC,,,"Outcrop within the Morin anorthosite massif, 6.7 km SE of the anorthosite contact (Fig. 2a; no coordinates given)","Morin terrane, Morin anorthosite suite",Plutonic,anorthosite,"Doig, R., 1991. U-Pb zircon dates of Morin anorthosite suite rocks, Grenville Province, Quebec. Journal of Geology, 99(5), 729-738. doi:10.1086/629535 [Table 2, p. 732; text p. 733 and Fig. 6 caption p. 734]"
J-2/J-3,1146.0,4.0,4.0,U/Pb,Igneous Crystallization,"average 207Pb/206Pb of 7 fractions from two samples (J-2, J-3); one fraction essentially concordant at 1147 Ma; slight scatter attributed to minor inheritance",Zircon,TIMS,Direct,Grenville Province,QC,,,Western contact of Morin complex along Highway 117 (Fig. 2b; no coordinates given),"Morin terrane, Morin anorthosite suite",Plutonic,pyroxene monzodiorite (jotunite),"Doig, R., 1991. U-Pb zircon dates of Morin anorthosite suite rocks, Grenville Province, Quebec. Journal of Geology, 99(5), 729-738. doi:10.1086/629535 [Table 2, p. 732; text p. 733 and Fig. 7 caption p. 734]"
M-6/M-9,1135.0,3.0,3.0,U/Pb,Igneous Crystallization,"average 207Pb/206Pb of 5 fractions from two samples 2 km apart (M-6, M-9); regression gives 1137 +/- 3 Ma; author notes mangerite date is 'more problematical'",Zircon,TIMS,Direct,Grenville Province,QC,,,Western contact of Morin complex along Highway 117 (Fig. 2b; no coordinates given),"Morin terrane, Morin anorthosite suite",Plutonic,pyroxene quartz monzonite (quartz mangerite),"Doig, R., 1991. U-Pb zircon dates of Morin anorthosite suite rocks, Grenville Province, Quebec. Journal of Geology, 99(5), 729-738. doi:10.1086/629535 [Table 2, p. 732; text p. 733 and Fig. 8 caption p. 735]"
96SP-004A,1632.0,8.0,8.0,U/Pb,Igneous Crystallization,"upper intercept, 3 zircon fractions, MSWD 0.10",Zircon,TIMS,Direct,Grenville Province,QC,51.5019,-57.2511,"Brador River quarry, easternmost Quebec; coordinates converted from DMS in Table 1",Pinware terrane,Plutonic,K-feldspar megacrystic biotite granite (Brador River granite),"Heaman, L.M., Gower, C.F. and Perreault, S., 2004. The timing of Proterozoic magmatism in the Pinware terrane of southeast Labrador, easternmost Quebec and northwest Newfoundland. Canadian Journal of Earth Sciences, 41(2), 127-150. doi:10.1139/e03-088 [Table 1, p. 132; text p. 131; Fig. 3a]"
96SP-004A,921.0,10.0,10.0,U/Pb,Pb Loss,lower intercept; post-Grenvillian Pb-loss of uncertain significance; considered minimum for Grenvillian metamorphism,Zircon,TIMS,Minimum Direct,Grenville Province,QC,51.5019,-57.2511,"Brador River quarry, easternmost Quebec; coordinates converted from DMS in Table 1",Pinware terrane,Plutonic,K-feldspar megacrystic biotite granite (Brador River granite),"Heaman, L.M., Gower, C.F. and Perreault, S., 2004. The timing of Proterozoic magmatism in the Pinware terrane of southeast Labrador, easternmost Quebec and northwest Newfoundland. Canadian Journal of Earth Sciences, 41(2), 127-150. doi:10.1139/e03-088 [Table 1, p. 132; text p. 131; Fig. 3a]"
97SP-046A,1504.0,9.0,9.0,U/Pb,Igneous Crystallization,upper intercept of reference line through zircon fraction 3 anchored at 985 Ma; 'approximate age of emplacement' (error from Fig. 2 label; text quotes 1504 Ma without error),Zircon,TIMS,Direct,Grenville Province,QC,51.4764,-57.6947,"Riviere St-Paul plutonic suite, easternmost Quebec; coordinates converted from DMS in Table 1",Pinware terrane,Metamorphic,gneissic tonalite (Riviere St-Paul tonalite),"Heaman, L.M., Gower, C.F. and Perreault, S., 2004. The timing of Proterozoic magmatism in the Pinware terrane of southeast Labrador, easternmost Quebec and northwest Newfoundland. Canadian Journal of Earth Sciences, 41(2), 127-150. doi:10.1139/e03-088 [Table 1, p. 132; text p. 135; Fig. 2 p. 130; Fig. 4a]"
97SP-046A,953.0,2.0,2.0,U/Pb,Cooling,207Pb/206Pb date of nearly concordant titanite fraction 4; authors: time of titanite growth OR passage through its Pb closure temperature,Titanite,TIMS,Direct,Grenville Province,QC,51.4764,-57.6947,"Riviere St-Paul plutonic suite, easternmost Quebec; coordinates converted from DMS in Table 1",Pinware terrane,Metamorphic,gneissic tonalite (Riviere St-Paul tonalite),"Heaman, L.M., Gower, C.F. and Perreault, S., 2004. The timing of Proterozoic magmatism in the Pinware terrane of southeast Labrador, easternmost Quebec and northwest Newfoundland. Canadian Journal of Earth Sciences, 41(2), 127-150. doi:10.1139/e03-088 [Table 1, p. 132; text p. 135; Fig. 4a]"
97SP-046C,1526.0,14.0,14.0,U/Pb,Igneous Crystallization,"upper intercept (5 fractions excl. #4 and #5), MSWD 0.03; 5-fraction regression gives 1535 +/- 29 Ma",Zircon,TIMS,Direct,Grenville Province,QC,51.4764,-57.6947,"Riviere St-Paul plutonic suite, easternmost Quebec; coordinates converted from DMS in Table 1",Pinware terrane,Plutonic,"pink granite, first-generation granite veins (Riviere St-Paul granite)","Heaman, L.M., Gower, C.F. and Perreault, S., 2004. The timing of Proterozoic magmatism in the Pinware terrane of southeast Labrador, easternmost Quebec and northwest Newfoundland. Canadian Journal of Earth Sciences, 41(2), 127-150. doi:10.1139/e03-088 [Table 1, p. 132; text p. 137; Fig. 4b]"
97SP-046C,999.0,23.0,23.0,U/Pb,Pb Loss,lower intercept; Pb-loss and/or zircon growth during Grenvillian metamorphism,Zircon,TIMS,Direct,Grenville Province,QC,51.4764,-57.6947,"Riviere St-Paul plutonic suite, easternmost Quebec; coordinates converted from DMS in Table 1",Pinware terrane,Plutonic,"pink granite, first-generation granite veins (Riviere St-Paul granite)","Heaman, L.M., Gower, C.F. and Perreault, S., 2004. The timing of Proterozoic magmatism in the Pinware terrane of southeast Labrador, easternmost Quebec and northwest Newfoundland. Canadian Journal of Earth Sciences, 41(2), 127-150. doi:10.1139/e03-088 [Table 1, p. 132; text p. 137; Fig. 4b]"
CG93-248A,1500.0,14.0,14.0,U/Pb,Igneous Crystallization,"upper intercept, fractions 1-3, MSWD 1.6",Zircon,TIMS,Direct,Grenville Province,NL,51.5986,-56.7036,"West St. Modeste, shoreline, SE Labrador; coordinates converted from DMS in Table 1",Pinware terrane,Plutonic,granite (West St. Modeste granite),"Heaman, L.M., Gower, C.F. and Perreault, S., 2004. The timing of Proterozoic magmatism in the Pinware terrane of southeast Labrador, easternmost Quebec and northwest Newfoundland. Canadian Journal of Earth Sciences, 41(2), 127-150. doi:10.1139/e03-088 [Table 1, p. 132; text p. 137; Fig. 4c]"
CG93-248A,970.0,57.0,57.0,U/Pb,Pb Loss,lower intercept; Grenvillian Pb-loss,Zircon,TIMS,Direct,Grenville Province,NL,51.5986,-56.7036,"West St. Modeste, shoreline, SE Labrador; coordinates converted from DMS in Table 1",Pinware terrane,Plutonic,granite (West St. Modeste granite),"Heaman, L.M., Gower, C.F. and Perreault, S., 2004. The timing of Proterozoic magmatism in the Pinware terrane of southeast Labrador, easternmost Quebec and northwest Newfoundland. Canadian Journal of Earth Sciences, 41(2), 127-150. doi:10.1139/e03-088 [Table 1, p. 132; text p. 137; Fig. 4c]"
CG93-273,1467.0,44.0,44.0,U/Pb,Igneous Crystallization,upper intercept of 3 abraded fractions anchored at ~985 Ma; weighted mean 207Pb/206Pb of same = 1465 +/- 58 Ma,Zircon,TIMS,Direct,Grenville Province,NL,51.5581,-56.7636,"Diable Bay (L'Anse au Diable), SE Labrador; coordinates converted from DMS in Table 1",Pinware terrane,Metamorphic,strongly foliated to mylonitic granodiorite (Diable Bay granodiorite),"Heaman, L.M., Gower, C.F. and Perreault, S., 2004. The timing of Proterozoic magmatism in the Pinware terrane of southeast Labrador, easternmost Quebec and northwest Newfoundland. Canadian Journal of Earth Sciences, 41(2), 127-150. doi:10.1139/e03-088 [Table 1, p. 132; text p. 138; Fig. 4d]"
CG93-187A,1466.4,8.4,8.4,U/Pb,Igneous Crystallization,"upper intercept of 6 zircon analyses, MSWD 1.9 (reference line anchored at 985 Ma gives 1459 +/- 26 Ma); allanite concordant at 960 Ma possibly reflects cooling",Zircon,TIMS,Direct,Grenville Province,NL,51.63,-56.7119,"Road-side quarry 1 km N of Pinware village, SE Labrador; coordinates converted from DMS in Table 1",Pinware terrane,Metamorphic,K-feldspar megacrystic granite to granodiorite (Pinware granite),"Heaman, L.M., Gower, C.F. and Perreault, S., 2004. The timing of Proterozoic magmatism in the Pinware terrane of southeast Labrador, easternmost Quebec and northwest Newfoundland. Canadian Journal of Earth Sciences, 41(2), 127-150. doi:10.1139/e03-088 [Table 1, pp. 132-133; text p. 138; Fig. 4e]"
CG93-187A,847.0,49.0,49.0,U/Pb,Pb Loss,lower intercept (error from Fig. 2 label; text quotes 847 Ma without error),Zircon,TIMS,Direct,Grenville Province,NL,51.63,-56.7119,"Road-side quarry 1 km N of Pinware village, SE Labrador; coordinates converted from DMS in Table 1",Pinware terrane,Metamorphic,K-feldspar megacrystic granite to granodiorite (Pinware granite),"Heaman, L.M., Gower, C.F. and Perreault, S., 2004. The timing of Proterozoic magmatism in the Pinware terrane of southeast Labrador, easternmost Quebec and northwest Newfoundland. Canadian Journal of Earth Sciences, 41(2), 127-150. doi:10.1139/e03-088 [Table 1, pp. 132-133; text p. 138; Fig. 2 p. 130]"
97SP-068B,1248.0,5.0,5.0,U/Pb,Igneous Crystallization,concordant baddeleyite 207Pb/206Pb date (fraction 5),Baddeleyite,TIMS,Direct,Grenville Province,QC,51.4119,-57.2078,"Lourdes-de-Blanc-Sablon mega-boudin, easternmost Quebec; coordinates converted from DMS in Table 1",Pinware terrane,Plutonic,coarse-grained coronitic gabbronorite (Lourdes-de-Blanc-Sablon gabbronorite),"Heaman, L.M., Gower, C.F. and Perreault, S., 2004. The timing of Proterozoic magmatism in the Pinware terrane of southeast Labrador, easternmost Quebec and northwest Newfoundland. Canadian Journal of Earth Sciences, 41(2), 127-150. doi:10.1139/e03-088 [Table 1, p. 133; text p. 139; Fig. 4f]"
97SP-068B,974.0,35.0,35.0,U/Pb,Metamorphic,lower intercept of reference line through zircon #3 and baddeleyite #5; polycrystalline zircon growth during Grenvillian metamorphism (error from Fig. 2 label; text quotes 974 Ma without error),Zircon,TIMS,Direct,Grenville Province,QC,51.4119,-57.2078,"Lourdes-de-Blanc-Sablon mega-boudin, easternmost Quebec; coordinates converted from DMS in Table 1",Pinware terrane,Plutonic,coarse-grained coronitic gabbronorite (Lourdes-de-Blanc-Sablon gabbronorite),"Heaman, L.M., Gower, C.F. and Perreault, S., 2004. The timing of Proterozoic magmatism in the Pinware terrane of southeast Labrador, easternmost Quebec and northwest Newfoundland. Canadian Journal of Earth Sciences, 41(2), 127-150. doi:10.1139/e03-088 [Table 1, p. 133; text p. 139; Fig. 2 p. 130]"
CG93-561,1015.0,6.0,6.0,U/Pb,Igneous Crystallization,"upper intercept, 3 zircon fractions (lower intercept 69 +/- 81 Ma)",Zircon,TIMS,Direct,Grenville Province,NL,51.8417,-56.3647,"~10 km N of Red Bay, SE Labrador; coordinates converted from DMS in Table 1",Pinware terrane,Plutonic,nepheline syenite,"Heaman, L.M., Gower, C.F. and Perreault, S., 2004. The timing of Proterozoic magmatism in the Pinware terrane of southeast Labrador, easternmost Quebec and northwest Newfoundland. Canadian Journal of Earth Sciences, 41(2), 127-150. doi:10.1139/e03-088 [Table 1, p. 133; text p. 139; Fig. 5a]"
CG93-279,987.0,2.3,2.3,U/Pb,Igneous Crystallization,weighted average 207Pb/206Pb of fractions #2 and #4 (regression 987.5 +/- 5.5 Ma),Zircon,TIMS,Direct,Grenville Province,NL,51.5753,-56.7714,"Offshoot of Picton Pond pluton, road-side exposure, SE Labrador; coordinates converted from DMS in Table 1",Pinware terrane,Plutonic,biotite-hornblende quartz monzonite (Picton Pond quartz monzonite),"Heaman, L.M., Gower, C.F. and Perreault, S., 2004. The timing of Proterozoic magmatism in the Pinware terrane of southeast Labrador, easternmost Quebec and northwest Newfoundland. Canadian Journal of Earth Sciences, 41(2), 127-150. doi:10.1139/e03-088 [Table 1, p. 133; text p. 141; Fig. 5b]"
VN93-033,979.5,2.8,2.8,U/Pb,Igneous Crystallization,weighted average 207Pb/206Pb of fractions #1 and #3,Zircon,TIMS,Direct,Grenville Province,NL,51.73,-56.4281,"Red Bay, SE Labrador; coordinates converted from DMS in Table 1",Pinware terrane,Plutonic,"gabbronorite (Red Bay gabbro, jotunitic/FTP gabbroic intrusion)","Heaman, L.M., Gower, C.F. and Perreault, S., 2004. The timing of Proterozoic magmatism in the Pinware terrane of southeast Labrador, easternmost Quebec and northwest Newfoundland. Canadian Journal of Earth Sciences, 41(2), 127-150. doi:10.1139/e03-088 [Table 1, p. 133; text p. 142; Fig. 5c]"
97SP-052,974.5,1.8,1.8,U/Pb,Igneous Crystallization,"upper intercept of regression through #2, #4, #5 (weighted average 207Pb/206Pb of all fractions 970.2 +/- 5.6 Ma); Vieux Fort anorthosite complex",Zircon,TIMS,Direct,Grenville Province,QC,51.4519,-57.8303,"Vieux-Fort anorthosite complex, easternmost Quebec; coordinates converted from DMS in Table 1",Pinware terrane,Plutonic,pegmatitic pod of quartz-bearing granophyric leuconorite within anorthosite (Vieux Fort anorthosite),"Heaman, L.M., Gower, C.F. and Perreault, S., 2004. The timing of Proterozoic magmatism in the Pinware terrane of southeast Labrador, easternmost Quebec and northwest Newfoundland. Canadian Journal of Earth Sciences, 41(2), 127-150. doi:10.1139/e03-088 [Table 1, p. 133; text p. 142; Fig. 5d]"
CG93-027C,969.0,11.0,11.0,U/Pb,Igneous Crystallization,lower intercept of 5-fraction discordia; consistent with emplacement age; authors suggest true emplacement may be ~975 Ma,Zircon,TIMS,Direct,Grenville Province,NL,51.7369,-56.5861,"Lower Pinware River pluton (same locality as Wasteneys et al. 1997 CG93-027B), SE Labrador; coordinates converted from DMS in Table 1",Pinware terrane,Plutonic,alkali-feldspar syenite pegmatite phase (Lower Pinware River alkali-feldspar syenite),"Heaman, L.M., Gower, C.F. and Perreault, S., 2004. The timing of Proterozoic magmatism in the Pinware terrane of southeast Labrador, easternmost Quebec and northwest Newfoundland. Canadian Journal of Earth Sciences, 41(2), 127-150. doi:10.1139/e03-088 [Table 1, pp. 133-134; text p. 143; Fig. 5f]"
CG93-027C,1413.0,27.0,27.0,U/Pb,Inheritance,upper intercept; small inherited Pinwarian(?) zircon component,Zircon,TIMS,Direct,Grenville Province,NL,51.7369,-56.5861,"Lower Pinware River pluton (same locality as Wasteneys et al. 1997 CG93-027B), SE Labrador; coordinates converted from DMS in Table 1",Pinware terrane,Plutonic,alkali-feldspar syenite pegmatite phase (Lower Pinware River alkali-feldspar syenite),"Heaman, L.M., Gower, C.F. and Perreault, S., 2004. The timing of Proterozoic magmatism in the Pinware terrane of southeast Labrador, easternmost Quebec and northwest Newfoundland. Canadian Journal of Earth Sciences, 41(2), 127-150. doi:10.1139/e03-088 [Table 1, pp. 133-134; text p. 143; Fig. 5f]"
13SJ144B,986.2,0.5,0.5,U/Pb,Igneous Crystallization,"CA-ID-TIMS weighted mean 206Pb/238U, fractions 3-10, MSWD 1.02; syn-Da2 (normal-sense) pegmatitic leucogranite dyke; data 'modified from Jannin et al. 2018a,b'; Table 1 analytical errors 2 sigma; [audit 2026-10: sigma level of published uncertainty not stated (unstated); entered as published]",Zircon,TIMS,Direct,Grenville Province,QC,,,"South of Manicouagan Reservoir, Thachic shear zone, subdomain 2a (Fig. 2B; no coordinates given)","Allochthonous Belt, hanging wall of Allochthon Boundary Thrust (Manicouagan area)",Plutonic,pink pegmatitic leucogranite dyke (syn-kinematic),"Jannin, S., Gervais, F., Moukhsil, A. and Augland, L.E., 2018. Late-Grenvillian channel flow in the central Grenville Province (Manicouagan Reservoir area): New constraints from a structural and geochronological study of the Allochthon Boundary Thrust. Journal of Structural Geology, 115, 132-151. doi:10.1016/j.jsg.2018.07.019 [Table 1, p. 146; text p. 144; Fig. 11 p. 145]"
13SJ49C,993.2,2.7,2.7,U/Pb,Metamorphic,"CA-ID-TIMS concordia age of least discordant fraction (no. 2), MSWD 0.46 (weighted mean 206Pb/238U fr. 2-5 = 993.4 +/- 1.6 Ma); crystallisation of syn-Dp3 leucosome; Table 1 analytical errors 2 sigma; [audit 2026-10: sigma level of published uncertainty not stated (unstated); entered as published]",Zircon,TIMS,Direct,Grenville Province,QC,,,"South of Manicouagan Reservoir, near intersection of Thachic shear zone and ABT (Fig. 10; no coordinates given)","Parautochthonous Belt (Gagnon terrane), Gagnon Group, footwall of Allochthon Boundary Thrust (Manicouagan area)",Metamorphic,biotite-garnet-muscovite leucosome in Gagnon Group paragneiss,"Jannin, S., Gervais, F., Moukhsil, A. and Augland, L.E., 2018. Late-Grenvillian channel flow in the central Grenville Province (Manicouagan Reservoir area): New constraints from a structural and geochronological study of the Allochthon Boundary Thrust. Journal of Structural Geology, 115, 132-151. doi:10.1016/j.jsg.2018.07.019 [Table 1, p. 146; text p. 145; Fig. 12 p. 146]"
19CK2090 (90A) titanite cores,987.0,16.0,16.0,U/Pb,Metamorphic,"robust regression lower intercept (Tera-Wasserburg isochron), n=49, 207Pb/206Pb init 0.981; +/-25 Ma incl. systematic; titanite growth at peak-T (~771 C Zr-in-Ttn) during decompression; [audit 2026-10: sigma level of published uncertainty not stated (unstated); entered as published]",Titanite,LA-ICP-MS,Direct,Grenville Province,QC,,,"Outcrop 19CK2090, NE limit of Shabogamo Domain (Fig. 2, UTM grid map only; no coordinates given)",Shabogamo Domain (Allochthonous Belt; correlated with Manicouagan Imbricate Zone),Metamorphic,garnet-clinopyroxene amphibolite gneiss,"Kavanagh-Lepage, C., Gervais, F., Larson, K., Crowley, J. and Moukhsil, A., 2024. Titanite petrochronology, phase equilibria modelling and the role of amphibole during decompression: Insights from the Shabogamo Domain, central Grenville Province. Precambrian Research, 413, 107571. doi:10.1016/j.precamres.2024.107571 [Fig. 10B p. 13; text section 4.6.2]"
19CK2090 (90A) titanite rims,969.0,17.0,17.0,U/Pb,Metamorphic,"robust regression lower intercept (Tera-Wasserburg isochron), n=46, 207Pb/206Pb init 0.938; +/-26 Ma incl. systematic; rim growth during decompression (~798 C Zr-in-Ttn); [audit 2026-10: sigma level of published uncertainty not stated (unstated); entered as published]",Titanite,LA-ICP-MS,Direct,Grenville Province,QC,,,"Outcrop 19CK2090, NE limit of Shabogamo Domain (Fig. 2, UTM grid map only; no coordinates given)",Shabogamo Domain (Allochthonous Belt; correlated with Manicouagan Imbricate Zone),Metamorphic,garnet-clinopyroxene amphibolite gneiss,"Kavanagh-Lepage, C., Gervais, F., Larson, K., Crowley, J. and Moukhsil, A., 2024. Titanite petrochronology, phase equilibria modelling and the role of amphibole during decompression: Insights from the Shabogamo Domain, central Grenville Province. Precambrian Research, 413, 107571. doi:10.1016/j.precamres.2024.107571 [Fig. 10C p. 13; text section 4.6.2]"
19CK2090 (90B),985.0,18.0,18.0,U/Pb,Igneous Crystallization,"weighted mean 206Pb/238U (n=51/56, MSWD 1.04); +/-18 includes systematic uncertainty (+/-5 Ma without); crosscutting granitic dyke = end of ductile deformation in SD",Zircon,LA-ICP-MS,Direct,Grenville Province,QC,,,"Outcrop 19CK2090, NE limit of Shabogamo Domain (Fig. 2; no coordinates given)",Shabogamo Domain (Allochthonous Belt; correlated with Manicouagan Imbricate Zone),Plutonic,granitic dyke cross-cutting amphibolite gneissosity,"Kavanagh-Lepage, C., Gervais, F., Larson, K., Crowley, J. and Moukhsil, A., 2024. Titanite petrochronology, phase equilibria modelling and the role of amphibole during decompression: Insights from the Shabogamo Domain, central Grenville Province. Precambrian Research, 413, 107571. doi:10.1016/j.precamres.2024.107571 [Fig. 11C p. 14; text section 4.6.3.1]"
19CK2089 (89B),972.0,16.0,16.0,U/Pb,Metamorphic,"weighted mean 206Pb/238U of overgrowths (n=35/37, MSWD 1.04); +/-16 includes systematic uncertainty (+/-5 Ma without); crystallisation of leucosome at high P; Archean inherited cores 2.56-2.65 Ga",Zircon,LA-ICP-MS,Direct,Grenville Province,QC,,,"Outcrop 19CK2089, SW footwall of Shabogamo Domain (Fig. 2; no coordinates given)","Parautochthonous Belt, Gagnon terrane (footwall of Shabogamo Domain)",Metamorphic,folded leucosome in garnet-biotite paragneiss,"Kavanagh-Lepage, C., Gervais, F., Larson, K., Crowley, J. and Moukhsil, A., 2024. Titanite petrochronology, phase equilibria modelling and the role of amphibole during decompression: Insights from the Shabogamo Domain, central Grenville Province. Precambrian Research, 413, 107571. doi:10.1016/j.precamres.2024.107571 [Fig. 11F p. 14; text section 4.6.3.2]"
95MR71,1142.0,16.0,16.0,U/Pb,Igneous Crystallization,"weighted 206Pb/207Pb of zoned interiors + igneous rims, n=15, MSWD 0.65 [sigma: text p. 235 states 206Pb/207Pb ages reported +/-2 sigma unless noted; figure captions state +/-1 sigma shown]",Zircon,SHRIMP,Direct,Grenville Province,QC,,,"Northern tip of large mangerite body, Morin shear zone (Fig. 2); Morin terrane, Quebec; location on Fig. 2 map only (no coordinates given)","Morin terrane, Morin anorthosite suite, Morin shear zone",Metamorphic,"garnet+amphibole metagranitoid, mangerite (opx+cpx)","Peck, W.H. and Quinan, M.P., 2022. New age constraints on magmatism and metamorphism in the Morin terrane (Grenville Province, Quebec). Canadian Journal of Earth Sciences, 59(4), 232-242. doi:10.1139/cjes-2019-0105 [text p. 235; Fig. 4A p. 236]"
95MR71,1082.0,19.0,19.0,U/Pb,Metamorphic,"weighted 206Pb/207Pb of dark-CL zircon rims, n=10, MSWD 0.97; Ottawan metamorphism [sigma: text p. 235 states 206Pb/207Pb ages reported +/-2 sigma unless noted; figure captions state +/-1 sigma shown]",Zircon,SHRIMP,Direct,Grenville Province,QC,,,"Northern tip of large mangerite body, Morin shear zone (Fig. 2); Morin terrane, Quebec; location on Fig. 2 map only (no coordinates given)","Morin terrane, Morin anorthosite suite, Morin shear zone",Metamorphic,"garnet+amphibole metagranitoid, mangerite (opx+cpx)","Peck, W.H. and Quinan, M.P., 2022. New age constraints on magmatism and metamorphism in the Morin terrane (Grenville Province, Quebec). Canadian Journal of Earth Sciences, 59(4), 232-242. doi:10.1139/cjes-2019-0105 [text p. 235; Fig. 4A p. 236]"
95MR69,1157.0,15.0,15.0,U/Pb,Igneous Crystallization,"overall weighted 206Pb/207Pb, n=12, MSWD 0.34 (interiors 1163 +/- 23, overgrowths 1153 +/- 20) [sigma: text p. 235 states 206Pb/207Pb ages reported +/-2 sigma unless noted; figure captions state +/-1 sigma shown]",Zircon,SHRIMP,Direct,Grenville Province,QC,,,"Mangerite body between main dome and eastern lobe of anorthosite (Fig. 2); Morin terrane, Quebec; location on Fig. 2 map only (no coordinates given)","Morin terrane, Morin anorthosite suite",Metamorphic,"garnet+amphibole metagranitoid, charnockite (cpx)","Peck, W.H. and Quinan, M.P., 2022. New age constraints on magmatism and metamorphism in the Morin terrane (Grenville Province, Quebec). Canadian Journal of Earth Sciences, 59(4), 232-242. doi:10.1139/cjes-2019-0105 [text p. 236; Fig. 5A p. 237]"
95MR34,1152.0,23.0,23.0,U/Pb,Igneous Crystallization,"weighted 206Pb/207Pb, n=6, MSWD 0.83; same roadcut series as Doig (1991) jotunite/mangerite [sigma: text p. 235 states 206Pb/207Pb ages reported +/-2 sigma unless noted; figure captions state +/-1 sigma shown]",Zircon,SHRIMP,Direct,Grenville Province,QC,,,"Western edge of main anorthosite dome, Route 117 roadcuts (Fig. 2); Morin terrane, Quebec; location on Fig. 2 map only (no coordinates given)","Morin terrane, Morin anorthosite suite",Plutonic,mangerite (orthopyroxene-bearing),"Peck, W.H. and Quinan, M.P., 2022. New age constraints on magmatism and metamorphism in the Morin terrane (Grenville Province, Quebec). Canadian Journal of Earth Sciences, 59(4), 232-242. doi:10.1139/cjes-2019-0105 [text p. 236; Fig. 5B p. 237]"
95MR81,1177.0,23.0,23.0,U/Pb,Igneous Crystallization,"weighted 206Pb/207Pb of limited reconnaissance analyses, n=3, MSWD 0.27 [sigma: text p. 235 states 206Pb/207Pb ages reported +/-2 sigma unless noted; figure captions state +/-1 sigma shown]",Zircon,SHRIMP,Direct,Grenville Province,QC,,,"Western edge of main anorthosite dome, Route 117 roadcuts (Fig. 2); Morin terrane, Quebec; location on Fig. 2 map only (no coordinates given)","Morin terrane, Morin anorthosite suite",Plutonic,jotunite (clinopyroxene-bearing),"Peck, W.H. and Quinan, M.P., 2022. New age constraints on magmatism and metamorphism in the Morin terrane (Grenville Province, Quebec). Canadian Journal of Earth Sciences, 59(4), 232-242. doi:10.1139/cjes-2019-0105 [text p. 236; Fig. 5C p. 237]"
98MR7,1155.0,19.0,19.0,U/Pb,Igneous Crystallization,"weighted 206Pb/207Pb, n=19, MSWD 0.32; three inherited ~1.3 Ga analyses excluded [sigma: text p. 235 states 206Pb/207Pb ages reported +/-2 sigma unless noted; figure captions state +/-1 sigma shown]",Zircon,LA-ICP-MS,Direct,Grenville Province,QC,,,"Margin of small mangerite body on Route 117 near Lac Dufour, a few km E of Labelle shear zone (Fig. 2); Morin terrane, Quebec; location on Fig. 2 map only (no coordinates given)","Morin terrane, Morin anorthosite suite",Metamorphic,granitic gneiss,"Peck, W.H. and Quinan, M.P., 2022. New age constraints on magmatism and metamorphism in the Morin terrane (Grenville Province, Quebec). Canadian Journal of Earth Sciences, 59(4), 232-242. doi:10.1139/cjes-2019-0105 [text p. 236; Fig. 5D p. 237]"
97MD37,1152.6,7.5,7.5,U/Pb,Igneous Crystallization,"weighted 206Pb/207Pb, n=13, MSWD 0.85 (Fig. 2 label 1153 +/- 8) [sigma: text p. 235 states 206Pb/207Pb ages reported +/-2 sigma unless noted; figure captions state +/-1 sigma shown]",Zircon,SHRIMP,Direct,Grenville Province,QC,,,"Saint-Jovite (Mont-Tremblant) skarn zone, Route 117 W of anorthosite (Fig. 2); Morin terrane, Quebec; location on Fig. 2 map only (no coordinates given)","Morin terrane, Morin anorthosite suite, Saint-Jovite skarn zone",Plutonic,quartz monzonite dike at edge of monzodiorite body,"Peck, W.H. and Quinan, M.P., 2022. New age constraints on magmatism and metamorphism in the Morin terrane (Grenville Province, Quebec). Canadian Journal of Earth Sciences, 59(4), 232-242. doi:10.1139/cjes-2019-0105 [text p. 237; Fig. 5E p. 237]"
98MR3,1144.6,9.7,9.7,U/Pb,Igneous Crystallization,"weighted 206Pb/207Pb of limited core analyses (concordant, high U), MSWD 1.13, n=5 (Fig. 4B) [sigma: text p. 235 states 206Pb/207Pb ages reported +/-2 sigma unless noted; figure captions state +/-1 sigma shown]",Zircon,SHRIMP,Direct,Grenville Province,QC,,,"Saint-Jovite skarn zone, Route 117 W of anorthosite (Fig. 2); Morin terrane, Quebec; location on Fig. 2 map only (no coordinates given)","Morin terrane, Morin anorthosite suite, Saint-Jovite skarn zone",Plutonic,"quartz syenite (endoskarn) with blue calcite, graphite, wollastonite, idocrase","Peck, W.H. and Quinan, M.P., 2022. New age constraints on magmatism and metamorphism in the Morin terrane (Grenville Province, Quebec). Canadian Journal of Earth Sciences, 59(4), 232-242. doi:10.1139/cjes-2019-0105 [text p. 237; Fig. 4B p. 236]"
98MR3,1072.0,28.0,28.0,U/Pb,Metamorphic,"weighted 206Pb/207Pb of recrystallized zircon rims, n=7, MSWD 0.03; Ottawan metamorphism [sigma: text p. 235 states 206Pb/207Pb ages reported +/-2 sigma unless noted; figure captions state +/-1 sigma shown]",Zircon,SHRIMP,Direct,Grenville Province,QC,,,"Saint-Jovite skarn zone, Route 117 W of anorthosite (Fig. 2); Morin terrane, Quebec; location on Fig. 2 map only (no coordinates given)","Morin terrane, Morin anorthosite suite, Saint-Jovite skarn zone",Plutonic,"quartz syenite (endoskarn) with blue calcite, graphite, wollastonite, idocrase","Peck, W.H. and Quinan, M.P., 2022. New age constraints on magmatism and metamorphism in the Morin terrane (Grenville Province, Quebec). Canadian Journal of Earth Sciences, 59(4), 232-242. doi:10.1139/cjes-2019-0105 [text p. 237; Fig. 4B p. 236]"
01HW17,1096.6,12.9,12.9,U/Pb,Metamorphic,"weighted 206Pb/207Pb, n=27; authors: 'geologically meaningless mixed ages' between Shawinigan (1190-1140 Ma) growth and Ottawan resetting [sigma: text p. 235 states 206Pb/207Pb ages reported +/-2 sigma unless noted; figure captions state +/-1 sigma shown]",Titanite,LA-ICP-MS,Estimate,Grenville Province,QC,,,"SW Morin terrane (Fig. 2); Morin terrane, Quebec; location on Fig. 2 map only (no coordinates given)","Morin terrane, marble country rock of Morin AMCG suite",Metamorphic,diopside+calcite+graphite marble,"Peck, W.H. and Quinan, M.P., 2022. New age constraints on magmatism and metamorphism in the Morin terrane (Grenville Province, Quebec). Canadian Journal of Earth Sciences, 59(4), 232-242. doi:10.1139/cjes-2019-0105 [text p. 238-239; Fig. 6 p. 238]"
96MR23,1117.0,16.0,16.0,U/Pb,Metamorphic,"weighted 206Pb/207Pb, n=28; authors: 'geologically meaningless mixed ages' between Shawinigan (1190-1140 Ma) growth and Ottawan resetting [sigma: text p. 235 states 206Pb/207Pb ages reported +/-2 sigma unless noted; figure captions state +/-1 sigma shown]",Titanite,LA-ICP-MS,Estimate,Grenville Province,QC,,,"S margin of anorthosite (Fig. 2); Morin terrane, Quebec; location on Fig. 2 map only (no coordinates given)","Morin terrane, marble country rock of Morin AMCG suite",Metamorphic,diopside+calcite+graphite marble,"Peck, W.H. and Quinan, M.P., 2022. New age constraints on magmatism and metamorphism in the Morin terrane (Grenville Province, Quebec). Canadian Journal of Earth Sciences, 59(4), 232-242. doi:10.1139/cjes-2019-0105 [text p. 238-239; Fig. 6 p. 238]"
01EM5,1116.0,15.8,15.8,U/Pb,Metamorphic,"weighted 206Pb/207Pb, n=27; authors: 'geologically meaningless mixed ages' between Shawinigan (1190-1140 Ma) growth and Ottawan resetting [sigma: text p. 235 states 206Pb/207Pb ages reported +/-2 sigma unless noted; figure captions state +/-1 sigma shown]",Titanite,LA-ICP-MS,Estimate,Grenville Province,QC,,,"E Morin terrane, Morin shear zone area (Fig. 2); Morin terrane, Quebec; location on Fig. 2 map only (no coordinates given)","Morin terrane, marble country rock of Morin AMCG suite",Metamorphic,diopside+calcite+graphite marble,"Peck, W.H. and Quinan, M.P., 2022. New age constraints on magmatism and metamorphism in the Morin terrane (Grenville Province, Quebec). Canadian Journal of Earth Sciences, 59(4), 232-242. doi:10.1139/cjes-2019-0105 [text p. 238-239; Fig. 6 p. 238]"
96MR30,1102.0,17.0,17.0,U/Pb,Metamorphic,"weighted 206Pb/207Pb, n=28; authors: 'geologically meaningless mixed ages' between Shawinigan (1190-1140 Ma) growth and Ottawan resetting [sigma: text p. 235 states 206Pb/207Pb ages reported +/-2 sigma unless noted; figure captions state +/-1 sigma shown]",Titanite,LA-ICP-MS,Estimate,Grenville Province,QC,,,"SW Morin terrane (Fig. 2); Morin terrane, Quebec; location on Fig. 2 map only (no coordinates given)","Morin terrane, marble country rock of Morin AMCG suite",Metamorphic,diopside+calcite+graphite marble,"Peck, W.H. and Quinan, M.P., 2022. New age constraints on magmatism and metamorphism in the Morin terrane (Grenville Province, Quebec). Canadian Journal of Earth Sciences, 59(4), 232-242. doi:10.1139/cjes-2019-0105 [text p. 238-239; Fig. 6 p. 238]"
96MR34,1110.0,15.8,15.8,U/Pb,Metamorphic,"weighted 206Pb/207Pb, n=31; authors: 'geologically meaningless mixed ages' between Shawinigan (1190-1140 Ma) growth and Ottawan resetting [sigma: text p. 235 states 206Pb/207Pb ages reported +/-2 sigma unless noted; figure captions state +/-1 sigma shown]",Titanite,LA-ICP-MS,Estimate,Grenville Province,QC,,,"SW Morin terrane (Fig. 2); Morin terrane, Quebec; location on Fig. 2 map only (no coordinates given)","Morin terrane, marble country rock of Morin AMCG suite",Metamorphic,diopside+calcite+graphite marble,"Peck, W.H. and Quinan, M.P., 2022. New age constraints on magmatism and metamorphism in the Morin terrane (Grenville Province, Quebec). Canadian Journal of Earth Sciences, 59(4), 232-242. doi:10.1139/cjes-2019-0105 [text p. 238-239; Fig. 6 p. 238]"
96MR42,1113.0,12.0,12.0,U/Pb,Metamorphic,"weighted 206Pb/207Pb, n=27; authors: 'geologically meaningless mixed ages' between Shawinigan (1190-1140 Ma) growth and Ottawan resetting [sigma: text p. 235 states 206Pb/207Pb ages reported +/-2 sigma unless noted; figure captions state +/-1 sigma shown]",Titanite,LA-ICP-MS,Estimate,Grenville Province,QC,,,"W Morin terrane near Labelle shear zone (Fig. 2); Morin terrane, Quebec; location on Fig. 2 map only (no coordinates given)","Morin terrane, marble country rock of Morin AMCG suite",Metamorphic,diopside+calcite+graphite marble,"Peck, W.H. and Quinan, M.P., 2022. New age constraints on magmatism and metamorphism in the Morin terrane (Grenville Province, Quebec). Canadian Journal of Earth Sciences, 59(4), 232-242. doi:10.1139/cjes-2019-0105 [text p. 238-239; Fig. 6 p. 238]"
96MR1,1118.0,28.0,28.0,U/Pb,Metamorphic,"weighted 206Pb/207Pb, n=28; authors: 'geologically meaningless mixed ages' between Shawinigan (1190-1140 Ma) growth and Ottawan resetting [sigma: text p. 235 states 206Pb/207Pb ages reported +/-2 sigma unless noted; figure captions state +/-1 sigma shown]",Titanite,LA-ICP-MS,Estimate,Grenville Province,QC,,,"S margin of anorthosite (Fig. 2); Morin terrane, Quebec; location on Fig. 2 map only (no coordinates given)","Morin terrane, marble country rock of Morin AMCG suite",Metamorphic,diopside+calcite+graphite marble,"Peck, W.H. and Quinan, M.P., 2022. New age constraints on magmatism and metamorphism in the Morin terrane (Grenville Province, Quebec). Canadian Journal of Earth Sciences, 59(4), 232-242. doi:10.1139/cjes-2019-0105 [text p. 238-239; Fig. 6 p. 238]"
97MD8,1065.0,18.0,18.0,U/Pb,Metamorphic,"weighted 206Pb/207Pb, n=39, MSWD 0.71; predominantly Ottawan - resetting/recrystallization of Shawinigan titanite [sigma: text p. 235 states 206Pb/207Pb ages reported +/-2 sigma unless noted; figure captions state +/-1 sigma shown]",Titanite,LA-ICP-MS,Direct,Grenville Province,QC,,,"Saint-Jovite skarn zone (Fig. 2); Morin terrane, Quebec; location on Fig. 2 map only (no coordinates given)","Morin terrane, Saint-Jovite skarn zone (marble)",Metamorphic,diopside+calcite+graphite marble,"Peck, W.H. and Quinan, M.P., 2022. New age constraints on magmatism and metamorphism in the Morin terrane (Grenville Province, Quebec). Canadian Journal of Earth Sciences, 59(4), 232-242. doi:10.1139/cjes-2019-0105 [text p. 239; Fig. 7A p. 239]"
01SH2,1060.3,3.6,3.6,U/Pb,Metamorphic,"weighted 206Pb/207Pb excluding 4 analyses, n=27, MSWD 1.3 (all analyses 1066.9 +/- 5.4 Ma, MSWD 3.1); Ottawan deformation in Labelle shear zone; sample labelled 01SH2 in Figs. 2 and 7 but 01AS2 in text [sigma: text p. 235 states 206Pb/207Pb ages reported +/-2 sigma unless noted; figure captions state +/-1 sigma shown]",Titanite,LA-ICP-MS,Direct,Grenville Province,QC,,,"Labelle shear zone (Fig. 2); Morin terrane, Quebec; location on Fig. 2 map only (no coordinates given)","Morin terrane, Labelle shear zone (marble)",Metamorphic,diopside+calcite+graphite marble,"Peck, W.H. and Quinan, M.P., 2022. New age constraints on magmatism and metamorphism in the Morin terrane (Grenville Province, Quebec). Canadian Journal of Earth Sciences, 59(4), 232-242. doi:10.1139/cjes-2019-0105 [text p. 239; Fig. 7B p. 239]"
Plus-Value leucosome (unnamed),960.0,10.0,10.0,U/Pb,Cooling,"apatite Tera-Wasserburg lower intercept, n=23, MSWD 1.11, initial 207Pb/206Pb 0.90; cooling to ~450-525 C (calculated apatite Tc); individual analyses 2 sigma; monazite (same leucosome) gives 208Pb/232Th spot dates 1077-1049 Ma with no single interpreted age; [audit 2026-10: sigma level of published uncertainty not stated (unstated); entered as published]",Apatite,LA-ICP-MS,Direct,Grenville Province,QC,,,"Central Grenville Province, Complexe de la Plus-Value (star on Fig. 1c; sampling details only in Supplementary Data S1)","Allochthonous Belt, mid-pressure low-pressure segment (aM-LP), Complexe de la Plus-Value",Metamorphic,leucosome of migmatitic paragneiss,"Turlin, F., Deruy, C., Eglinger, A., Vanderhaeghe, O., Andre-Mayer, A.-S., Poujol, M., Moukhsil, A. and Solgadi, F., 2018. A 70 Ma record of suprasolidus conditions in the large, hot, long-duration Grenville Orogen. Terra Nova, 30(3), 233-243. doi:10.1111/ter.12330 [Table 2, p. 238; text p. 237; Fig. 3b]"
88-MH-077,1153.0,7.0,7.0,U/Pb,Igneous Crystallization,"assigned age between max 1160 and min 1146 Ma (min = 1148 ± 2 207Pb/206Pb of least discordant fraction A; upper intercept ~1187 Ma, lower 1.06 Ga)",Zircon,TIMS,Estimate,Grenville Province,QC,,,"Lac Kénogami, SE margin of Lac-St-Jean Anorthosite Complex (Fig. 3, p. 118); no coordinates given",Lac St. Jean Anorthosite Suite (AMCG) - Lac Kénogami ferrodiorite,Plutonic,ferrodiorite (leucogabbro),"Hervet, M., van Breemen, O., and Higgins, M.D., 1994, U-Pb igneous crystallization ages of intrusive rocks near the southeastern margin of the Lac-St-Jean Anorthosite Complex, Grenville Province, Quebec, in Radiogenic Age and Isotopic Studies: Report 8: Geological Survey of Canada, Current Research 1994-F, p. 115-124 [Table 1 p. 119; text pp. 119-121; Fig. 4]"
88-MH-046,1160.0,,,U/Pb,Igneous Crystallization,approximately 1.16 Ga; 207Pb/206Pb age of fraction D 1152 ± 2 Ma (2σ) is a minimum; regression excluding C gives upper intercept ~1165 Ma,Zircon,TIMS,Estimate,Grenville Province,QC,,,"Lac Kénogami, SE margin of Lac-St-Jean Anorthosite Complex (Fig. 3, p. 118); no coordinates given",Lac St. Jean Anorthosite Suite (AMCG) - Kénogami Lake farsundite,Plutonic,farsundite (pyroxene granite),"Hervet, M., van Breemen, O., and Higgins, M.D., 1994, U-Pb igneous crystallization ages of intrusive rocks near the southeastern margin of the Lac-St-Jean Anorthosite Complex, Grenville Province, Quebec, in Radiogenic Age and Isotopic Studies: Report 8: Geological Survey of Canada, Current Research 1994-F, p. 115-124 [Table 1 p. 119; text pp. 121-122; Fig. 4]"
88-MH-003,1393.0,22.0,10.0,U/Pb,Igneous Crystallization,"upper intercept, 5 fractions; [audit 2026-10: sigma level of published uncertainty not stated (unstated); entered as published]",Zircon,TIMS,Direct,Grenville Province,QC,,,"Lac Kénogami, SE margin of Lac-St-Jean Anorthosite Complex (Fig. 3, p. 118); no coordinates given",Ruisseau à Jean-Guy mafic intrusion (host of Lac St. Jean Anorthosite Suite),Plutonic,enderbite / gabbro,"Hervet, M., van Breemen, O., and Higgins, M.D., 1994, U-Pb igneous crystallization ages of intrusive rocks near the southeastern margin of the Lac-St-Jean Anorthosite Complex, Grenville Province, Quebec, in Radiogenic Age and Isotopic Studies: Report 8: Geological Survey of Canada, Current Research 1994-F, p. 115-124 [Table 1 p. 119; text p. 122; Fig. 5]"
88-MH-003,1073.0,120.0,120.0,U/Pb,Metamorphic,lower intercept; suggests later Grenvillian metamorphic event; [audit 2026-10: sigma level of published uncertainty not stated (unstated); entered as published],Zircon,TIMS,Estimate,Grenville Province,QC,,,"Lac Kénogami, SE margin of Lac-St-Jean Anorthosite Complex (Fig. 3, p. 118); no coordinates given",Ruisseau à Jean-Guy mafic intrusion (host of Lac St. Jean Anorthosite Suite),Plutonic,enderbite / gabbro,"Hervet, M., van Breemen, O., and Higgins, M.D., 1994, U-Pb igneous crystallization ages of intrusive rocks near the southeastern margin of the Lac-St-Jean Anorthosite Complex, Grenville Province, Quebec, in Radiogenic Age and Isotopic Studies: Report 8: Geological Survey of Canada, Current Research 1994-F, p. 115-124 [text p. 122; Fig. 5]"
88-MH-005,1050.0,10.0,10.0,U/Pb,Igneous Crystallization,assigned from concordant 207Pb/206Pb model ages of fractions A (1049 ± 10) and B (1051 ± 10); fraction E 1144 ± 4 inherited,Zircon,TIMS,Direct,Grenville Province,QC,,,"Lac Kénogami, SE margin of Lac-St-Jean Anorthosite Complex (Fig. 3, p. 118); no coordinates given","Metabasite III-B dyke swarm, Lac Kénogami (cuts Ruisseau à Jean-Guy intrusion and farsundite)",Plutonic,metabasite dyke,"Hervet, M., van Breemen, O., and Higgins, M.D., 1994, U-Pb igneous crystallization ages of intrusive rocks near the southeastern margin of the Lac-St-Jean Anorthosite Complex, Grenville Province, Quebec, in Radiogenic Age and Isotopic Studies: Report 8: Geological Survey of Canada, Current Research 1994-F, p. 115-124 [Table 1 p. 119; text p. 122; Fig. 6]"
88-MH-125,1082.0,3.0,3.0,Pb/Pb,Igneous Crystallization,"average 207Pb/206Pb age of fractions A, C, D, uncertainty reflecting analytical errors (Table 1)",Zircon,TIMS,Direct,Grenville Province,QC,,,"Chicoutimi area, ~20 km E of Lac Kénogami (Fig. 2, p. 117); no coordinates given",Chicoutimi Mangerite (1082-1045 Ma episode),Plutonic,mangerite (pyroxene alkali syenite),"Hervet, M., van Breemen, O., and Higgins, M.D., 1994, U-Pb igneous crystallization ages of intrusive rocks near the southeastern margin of the Lac-St-Jean Anorthosite Complex, Grenville Province, Quebec, in Radiogenic Age and Isotopic Studies: Report 8: Geological Survey of Canada, Current Research 1994-F, p. 115-124 [Table 1 p. 119; text p. 122; Fig. 6]"
B2-149,807.3,13.0,13.0,Ar/Ar,Cooling,[audit 2026-10: errors converted published 1σ to 2σ (x2)],K-Feldspar,Ar Furnace-Step,Direct,Grenville Province,ON,,,Central Metasedimentary Belt,"Central Metasedimentary Belt, Bancroft Terrane",Metamorphic,,"Berger, G. W., & York, D. (1981). Geothermometry from 40Ar39Ar dating experiments. Geochimica et Cosmochimica Acta, 45(6), 795-811."
TH15-86,1202.0,20.0,20.0,Ar/Ar,Direct,[audit 2026-10: errors converted published 1σ to 2σ (x2)],Hornblende,Ar Furnace-Step,,Grenville Province,ON,45.0,-78.0,,,,,"Berger, G. W., & York, D. (1981). 40Ar/39Ar dating of the Thanet gabbro, Ontario: looking through the Grenvillian metamorphic veil and implications for paleomagnetism. Canadian Journal of Earth Sciences, 18(2), 266-273."
TH2-34,1056.0,16.2,16.2,Ar/Ar,Direct,[audit 2026-10: errors converted published 1σ to 2σ (x2)],Hornblende,Ar Furnace-Step,,Grenville Province,ON,45.0,-78.0,,,,,"Berger, G. W., & York, D. (1981). 40Ar/39Ar dating of the Thanet gabbro, Ontario: looking through the Grenvillian metamorphic veil and implications for paleomagnetism. Canadian Journal of Earth Sciences, 18(2), 266-273."
TH15-86,1090.5,15.6,15.6,Ar/Ar,Direct,[audit 2026-10: errors converted published 1σ to 2σ (x2)],Biotite,Ar Furnace-Step,,Grenville Province,ON,45.0,-78.0,,,,,"Berger, G. W., & York, D. (1981). 40Ar/39Ar dating of the Thanet gabbro, Ontario: looking through the Grenvillian metamorphic veil and implications for paleomagnetism. Canadian Journal of Earth Sciences, 18(2), 266-273."
TH15-85,1083.4,15.4,15.4,Ar/Ar,Direct,[audit 2026-10: errors converted published 1σ to 2σ (x2)],Biotite,Ar Furnace-Step,,Grenville Province,ON,45.0,-78.0,,,,,"Berger, G. W., & York, D. (1981). 40Ar/39Ar dating of the Thanet gabbro, Ontario: looking through the Grenvillian metamorphic veil and implications for paleomagnetism. Canadian Journal of Earth Sciences, 18(2), 266-273."
WA-15,965.0,15.0,15.0,Ar/Ar,Cooling,,Hornblende,Ar Furnace-Step,Direct,Grenville Province,ON,45.66,-79.87,Whitestone diorite,"Central Gneiss Belt, Parry Sound",Plutonic,diorite,"Dallmeyer, R. D., & Sutter, J. F. (1980). Acquisitional chronology of remanent magnetization along the ‘Grenville polar path’: evidence from 40Ar/39Ar ages of hornblende and biotite from the Whitestone diorite, Ontario. Journal of Geophysical Research: Solid Earth, 85(B6), 3177-3186."
WA-21,991.0,15.0,15.0,Ar/Ar,Cooling,,Hornblende,Ar Furnace-Step,Direct,Grenville Province,ON,45.66,-79.87,Whitestone diorite,"Central Gneiss Belt, Parry Sound",Plutonic,diorite,"Dallmeyer, R. D., & Sutter, J. F. (1980). Acquisitional chronology of remanent magnetization along the ‘Grenville polar path’: evidence from 40Ar/39Ar ages of hornblende and biotite from the Whitestone diorite, Ontario. Journal of Geophysical Research: Solid Earth, 85(B6), 3177-3186."
WA-15,936.0,15.0,15.0,Ar/Ar,Cooling,,Biotite,Ar Furnace-Step,Direct,Grenville Province,ON,45.66,-79.87,Whitestone diorite,"Central Gneiss Belt, Parry Sound",Plutonic,diorite,"Dallmeyer, R. D., & Sutter, J. F. (1980). Acquisitional chronology of remanent magnetization along the ‘Grenville polar path’: evidence from 40Ar/39Ar ages of hornblende and biotite from the Whitestone diorite, Ontario. Journal of Geophysical Research: Solid Earth, 85(B6), 3177-3186."
WA-21,960.0,15.0,15.0,Ar/Ar,Cooling,,Biotite,Ar Furnace-Step,Direct,Grenville Province,ON,45.66,-79.87,Whitestone diorite,"Central Gneiss Belt, Parry Sound",Plutonic,diorite,"Dallmeyer, R. D., & Sutter, J. F. (1980). Acquisitional chronology of remanent magnetization along the ‘Grenville polar path’: evidence from 40Ar/39Ar ages of hornblende and biotite from the Whitestone diorite, Ontario. Journal of Geophysical Research: Solid Earth, 85(B6), 3177-3186."
ESC,899.0,3.0,3.0,Ar/Ar,Cooling,Plateau age,Muscovite,Ar Furnace-Step,,Grenville Province,ON,,,Elzevir,"Central Metasedimentary belt, Elzevir Terrane",,,"Hanes, J. A., Clark, S. J., & Archibald, D. A. (1988). An 40Ar/39Ar geochronological study of the Elzevir batholith and its bearing on the tectonothermal history of the southwestern Grenville Province, Canada. Canadian Journal of Earth Sciences, 25(11), 1834-1845."
BLSC-61,871.0,19.0,19.0,Ar/Ar,Cooling,Plateau age,Muscovite,Ar Furnace-Step,,Grenville Province,ON,,,Bark Lake,"Central Metasedimentary belt, Bancroft Terrane",,,"Hanes, J. A., Clark, S. J., & Archibald, D. A. (1988). An 40Ar/39Ar geochronological study of the Elzevir batholith and its bearing on the tectonothermal history of the southwestern Grenville Province, Canada. Canadian Journal of Earth Sciences, 25(11), 1834-1845."
BLSC-61,811.0,4.0,4.0,Ar/Ar,Cooling,Plateau age,K-Feldspar,Ar Furnace-Step,,Grenville Province,ON,,,Bark Lake,"Central Metasedimentary belt, Bancroft Terrane",,,"Hanes, J. A., Clark, S. J., & Archibald, D. A. (1988). An 40Ar/39Ar geochronological study of the Elzevir batholith and its bearing on the tectonothermal history of the southwestern Grenville Province, Canada. Canadian Journal of Earth Sciences, 25(11), 1834-1845."
1,843.0,2.0,2.0,Ar/Ar,Total Gas Age,[audit 2026-10: errors converted published 1σ to 2σ (x2)],Biotite,Ar Furnace-Step,,Grenville Province,NY,43.27,-73.73333333,"Along Hudson River, 1.5 miles NE of Hartman",Adirondack Highlands,,,"Heizler, M. T., & Harrison, T. M. (1998). The thermal history of the New York basement determined from 40Ar/39Ar K‐feldspar studies. Journal of Geophysical Research: Solid Earth, 103(B12), 29795-29814."
1,642.0,2.0,2.0,Ar/Ar,Total Gas Age,[audit 2026-10: errors converted published 1σ to 2σ (x2)],K-Feldspar,Ar Furnace-Step,,Grenville Province,NY,43.27,-73.73333333,"Along Hudson River, 1.5 miles NE of Hartman",Adirondack Highlands,,,"Heizler, M. T., & Harrison, T. M. (1998). The thermal history of the New York basement determined from 40Ar/39Ar K‐feldspar studies. Journal of Geophysical Research: Solid Earth, 103(B12), 29795-29814."
2,746.0,2.0,2.0,Ar/Ar,Total Gas Age,[audit 2026-10: errors converted published 1σ to 2σ (x2)],Biotite,Ar Furnace-Step,,Grenville Province,NY,43.4,-74.71666667,At exit 21 on interstate 87,Adirondack Highlands,,,"Heizler, M. T., & Harrison, T. M. (1998). The thermal history of the New York basement determined from 40Ar/39Ar K‐feldspar studies. Journal of Geophysical Research: Solid Earth, 103(B12), 29795-29814."
2,426.0,2.0,2.0,Ar/Ar,Total Gas Age,[audit 2026-10: errors converted published 1σ to 2σ (x2)],K-Feldspar,Ar Furnace-Step,,Grenville Province,NY,43.4,-74.71666667,At exit 21 on interstate 88,Adirondack Highlands,,,"Heizler, M. T., & Harrison, T. M. (1998). The thermal history of the New York basement determined from 40Ar/39Ar K‐feldspar studies. Journal of Geophysical Research: Solid Earth, 103(B12), 29795-29814."
3,859.0,2.0,2.0,Ar/Ar,Total Gas Age,[audit 2026-10: errors converted published 1σ to 2σ (x2)],Biotite,Ar Furnace-Step,,Grenville Province,NY,43.4,-73.73333333,Just W of exit 21 on interstate 87,Adirondack Highlands,,,"Heizler, M. T., & Harrison, T. M. (1998). The thermal history of the New York basement determined from 40Ar/39Ar K‐feldspar studies. Journal of Geophysical Research: Solid Earth, 103(B12), 29795-29814."
3,586.0,2.0,2.0,Ar/Ar,Total Gas Age,[audit 2026-10: errors converted published 1σ to 2σ (x2)],K-Feldspar,Ar Furnace-Step,,Grenville Province,NY,43.4,-73.73333333,Just W of exit 21 on interstate 88,Adirondack Highlands,,,"Heizler, M. T., & Harrison, T. M. (1998). The thermal history of the New York basement determined from 40Ar/39Ar K‐feldspar studies. Journal of Geophysical Research: Solid Earth, 103(B12), 29795-29814."
5,840.0,2.0,2.0,Ar/Ar,Total Gas Age,[audit 2026-10: errors converted published 1σ to 2σ (x2)],Biotite,Ar Furnace-Step,,Grenville Province,NY,43.7,-73.71666667,Northshore of Brandt Lake,Adirondack Highlands,,,"Heizler, M. T., & Harrison, T. M. (1998). The thermal history of the New York basement determined from 40Ar/39Ar K‐feldspar studies. Journal of Geophysical Research: Solid Earth, 103(B12), 29795-29814."
5,611.0,2.0,2.0,Ar/Ar,Total Gas Age,[audit 2026-10: errors converted published 1σ to 2σ (x2)],K-Feldspar,Ar Furnace-Step,,Grenville Province,NY,43.7,-73.71666667,Northshore of Brandt Lake,Adirondack Highlands,,,"Heizler, M. T., & Harrison, T. M. (1998). The thermal history of the New York basement determined from 40Ar/39Ar K‐feldspar studies. Journal of Geophysical Research: Solid Earth, 103(B12), 29795-29814."
6,819.0,2.0,2.0,Ar/Ar,Total Gas Age,[audit 2026-10: errors converted published 1σ to 2σ (x2)],Biotite,Ar Furnace-Step,,Grenville Province,NY,43.75,-73.63333333,On rt. 8 just NW of Brandt Lake,Adirondack Highlands,,,"Heizler, M. T., & Harrison, T. M. (1998). The thermal history of the New York basement determined from 40Ar/39Ar K‐feldspar studies. Journal of Geophysical Research: Solid Earth, 103(B12), 29795-29814."
6,496.0,2.0,2.0,Ar/Ar,Total Gas Age,[audit 2026-10: errors converted published 1σ to 2σ (x2)],K-Feldspar,Ar Furnace-Step,,Grenville Province,NY,43.75,-73.63333333,On rt. 8 just NW of Brandt Lake,Adirondack Highlands,,,"Heizler, M. T., & Harrison, T. M. (1998). The thermal history of the New York basement determined from 40Ar/39Ar K‐feldspar studies. Journal of Geophysical Research: Solid Earth, 103(B12), 29795-29814."
7,918.0,28.0,28.0,Ar/Ar,Plateau Age,[audit 2026-10: errors converted published 1σ to 2σ (x2)],Hornblende,Ar Furnace-Step,,Grenville Province,NY,43.73,-74.03333333,0.5 mile S of North River on rt. 28,Adirondack Highlands,,,"Heizler, M. T., & Harrison, T. M. (1998). The thermal history of the New York basement determined from 40Ar/39Ar K‐feldspar studies. Journal of Geophysical Research: Solid Earth, 103(B12), 29795-29814."
8,663.0,2.0,2.0,Ar/Ar,Total Gas Age,[audit 2026-10: errors converted published 1σ to 2σ (x2)],K-Feldspar,Ar Furnace-Step,,Grenville Province,NY,43.77,-74.28333333,1 mile S of Indian Lake along rt. 30,Adirondack Highlands,,,"Heizler, M. T., & Harrison, T. M. (1998). The thermal history of the New York basement determined from 40Ar/39Ar K‐feldspar studies. Journal of Geophysical Research: Solid Earth, 103(B12), 29795-29814."
9,920.0,42.0,42.0,Ar/Ar,Plateau Age,[audit 2026-10: errors converted published 1σ to 2σ (x2)],Hornblende,Ar Furnace-Step,,Grenville Province,NY,43.32,-74.25,3 miles S of Wells on rt. 30,Adirondack Highlands,,,"Heizler, M. T., & Harrison, T. M. (1998). The thermal history of the New York basement determined from 40Ar/39Ar K‐feldspar studies. Journal of Geophysical Research: Solid Earth, 103(B12), 29795-29814."
11,783.0,4.0,4.0,Ar/Ar,Total Gas Age,[audit 2026-10: errors converted published 1σ to 2σ (x2)],K-Feldspar,Ar Furnace-Step,,Grenville Province,NY,44.38,-75.75,1901 1 mile SW of South Hamond,Adirondack Lowlands,,,"Heizler, M. T., & Harrison, T. M. (1998). The thermal history of the New York basement determined from 40Ar/39Ar K‐feldspar studies. Journal of Geophysical Research: Solid Earth, 103(B12), 29795-29814."
12,866.0,2.0,2.0,Ar/Ar,Total Gas Age,[audit 2026-10: errors converted published 1σ to 2σ (x2)],Biotite,Ar Furnace-Step,,Grenville Province,NY,44.05,-75.43333333,3 miles S of Oswegatchie Comer,Adirondack Highlands,,,"Heizler, M. T., & Harrison, T. M. (1998). The thermal history of the New York basement determined from 40Ar/39Ar K‐feldspar studies. Journal of Geophysical Research: Solid Earth, 103(B12), 29795-29814."
12,727.0,2.0,2.0,Ar/Ar,Total Gas Age,[audit 2026-10: errors converted published 1σ to 2σ (x2)],K-Feldspar,Ar Furnace-Step,,Grenville Province,NY,44.05,-75.43333333,4 miles S of Oswegatchie Comer,Adirondack Highlands,,,"Heizler, M. T., & Harrison, T. M. (1998). The thermal history of the New York basement determined from 40Ar/39Ar K‐feldspar studies. Journal of Geophysical Research: Solid Earth, 103(B12), 29795-29814."
13,876.0,4.0,4.0,Ar/Ar,Total Gas Age,[audit 2026-10: errors converted published 1σ to 2σ (x2)],Biotite,Ar Furnace-Step,,Grenville Province,NY,44.2,-74.31666667,rt. 30 at Lake Duanc,Adirondack Highlands,,,"Heizler, M. T., & Harrison, T. M. (1998). The thermal history of the New York basement determined from 40Ar/39Ar K‐feldspar studies. Journal of Geophysical Research: Solid Earth, 103(B12), 29795-29814."
13,655.0,4.0,4.0,Ar/Ar,Total Gas Age,[audit 2026-10: errors converted published 1σ to 2σ (x2)],K-Feldspar,Ar Furnace-Step,,Grenville Province,NY,44.2,-74.31666667,rt. 30 at Lake Duanc,Adirondack Highlands,,,"Heizler, M. T., & Harrison, T. M. (1998). The thermal history of the New York basement determined from 40Ar/39Ar K‐feldspar studies. Journal of Geophysical Research: Solid Earth, 103(B12), 29795-29814."
15,926.0,20.0,20.0,Ar/Ar,Plateau Age,[audit 2026-10: errors converted published 1σ to 2σ (x2)],Hornblende,Ar Furnace-Step,,Grenville Province,NY,43.97,-75.38333333,0.5 miles S of Indian River on rt. 3,Adirondack Highlands,,,"Heizler, M. T., & Harrison, T. M. (1998). The thermal history of the New York basement determined from 40Ar/39Ar K‐feldspar studies. Journal of Geophysical Research: Solid Earth, 103(B12), 29795-29814."
15,785.0,4.0,4.0,Ar/Ar,Total Gas Age,[audit 2026-10: errors converted published 1σ to 2σ (x2)],K-Feldspar,Ar Furnace-Step,,Grenville Province,NY,43.97,-75.38333333,0.5 miles S of Indian River on rt. 4,Adirondack Highlands,,,"Heizler, M. T., & Harrison, T. M. (1998). The thermal history of the New York basement determined from 40Ar/39Ar K‐feldspar studies. Journal of Geophysical Research: Solid Earth, 103(B12), 29795-29814."
16,917.0,20.0,20.0,Ar/Ar,Plateau Age,[audit 2026-10: errors converted published 1σ to 2σ (x2)],Hornblende,Ar Furnace-Step,,Grenville Province,NY,44.58,-74.63333333,1 mile S of Lake Ozonta,Adirondack Highlands,,,"Heizler, M. T., & Harrison, T. M. (1998). The thermal history of the New York basement determined from 40Ar/39Ar K‐feldspar studies. Journal of Geophysical Research: Solid Earth, 103(B12), 29795-29814."
16,688.0,4.0,4.0,Ar/Ar,Total Gas Age,[audit 2026-10: errors converted published 1σ to 2σ (x2)],K-Feldspar,Ar Furnace-Step,,Grenville Province,NY,44.58,-74.63333333,2 mile S of Lake Ozonta,Adirondack Highlands,,,"Heizler, M. T., & Harrison, T. M. (1998). The thermal history of the New York basement determined from 40Ar/39Ar K‐feldspar studies. Journal of Geophysical Research: Solid Earth, 103(B12), 29795-29814."
17,851.0,6.0,6.0,Ar/Ar,Total Gas Age,[audit 2026-10: errors converted published 1σ to 2σ (x2)],Biotite,Ar Furnace-Step,,Grenville Province,NY,43.38,-74.58333333,1 mile SW of Piseco Lak,Adirondack Highlands,,,"Heizler, M. T., & Harrison, T. M. (1998). The thermal history of the New York basement determined from 40Ar/39Ar K‐feldspar studies. Journal of Geophysical Research: Solid Earth, 103(B12), 29795-29814."
17,945.0,16.0,16.0,Ar/Ar,Plateau Age,[audit 2026-10: errors converted published 1σ to 2σ (x2)],Hornblende,Ar Furnace-Step,,Grenville Province,NY,43.38,-74.58333333,2 mile SW of Piseco Lak,Adirondack Highlands,,,"Heizler, M. T., & Harrison, T. M. (1998). The thermal history of the New York basement determined from 40Ar/39Ar K‐feldspar studies. Journal of Geophysical Research: Solid Earth, 103(B12), 29795-29814."
17,702.0,4.0,4.0,Ar/Ar,Total Gas Age,[audit 2026-10: errors converted published 1σ to 2σ (x2)],K-Feldspar,Ar Furnace-Step,,Grenville Province,NY,43.38,-74.58333333,3 mile SW of Piseco Lak,Adirondack Highlands,,,"Heizler, M. T., & Harrison, T. M. (1998). The thermal history of the New York basement determined from 40Ar/39Ar K‐feldspar studies. Journal of Geophysical Research: Solid Earth, 103(B12), 29795-29814."
18,713.0,4.0,4.0,Ar/Ar,Total Gas Age,[audit 2026-10: errors converted published 1σ to 2σ (x2)],K-Feldspar,Ar Furnace-Step,,Grenville Province,NY,44.48,-74.96666667,1 mile W of Sellecks Comers,Adirondack Highlands,,,"Heizler, M. T., & Harrison, T. M. (1998). The thermal history of the New York basement determined from 40Ar/39Ar K‐feldspar studies. Journal of Geophysical Research: Solid Earth, 103(B12), 29795-29814."
19,728.0,4.0,4.0,Ar/Ar,Total Gas Age,[audit 2026-10: errors converted published 1σ to 2σ (x2)],K-Feldspar,Ar Furnace-Step,,Grenville Province,NY,44.12,-74.88333333,SE shore of Dead Creek Flow,Adirondack Highlands,,,"Heizler, M. T., & Harrison, T. M. (1998). The thermal history of the New York basement determined from 40Ar/39Ar K‐feldspar studies. Journal of Geophysical Research: Solid Earth, 103(B12), 29795-29814."
21,789.0,4.0,4.0,Ar/Ar,Total Gas Age,[audit 2026-10: errors converted published 1σ to 2σ (x2)],Biotite,Ar Furnace-Step,,Grenville Province,NY,43.15,-73.76666667,"2 miles S of Wilton, In McGregor Fault breccia",Adirondack Highlands,,,"Heizler, M. T., & Harrison, T. M. (1998). The thermal history of the New York basement determined from 40Ar/39Ar K‐feldspar studies. Journal of Geophysical Research: Solid Earth, 103(B12), 29795-29814."
21,355.0,2.0,2.0,Ar/Ar,Total Gas Age,[audit 2026-10: errors converted published 1σ to 2σ (x2)],K-Feldspar,Ar Furnace-Step,,Grenville Province,NY,43.15,-73.76666667,"3 miles S of Wilton, In McGregor Fault breccia",Adirondack Highlands,,,"Heizler, M. T., & Harrison, T. M. (1998). The thermal history of the New York basement determined from 40Ar/39Ar K‐feldspar studies. Journal of Geophysical Research: Solid Earth, 103(B12), 29795-29814."
21,854.0,4.0,4.0,Ar/Ar,Integrated Age,[audit 2026-10: errors converted published 1σ to 2σ (x2)],Muscovite,Ar Furnace-Step,,Grenville Province,NY,43.15,-73.76666667,"4 miles S of Wilton, In McGregor Fault breccia",Adirondack Highlands,,,"Heizler, M. T., & Harrison, T. M. (1998). The thermal history of the New York basement determined from 40Ar/39Ar K‐feldspar studies. Journal of Geophysical Research: Solid Earth, 103(B12), 29795-29814."
22,888.0,4.0,4.0,Ar/Ar,Total Gas Age,[audit 2026-10: errors converted published 1σ to 2σ (x2)],K-Feldspar,Ar Furnace-Step,,Grenville Province,NY,44.17,-75.05,Benson Mines near Star Lake,Adirondack Highlands,,,"Heizler, M. T., & Harrison, T. M. (1998). The thermal history of the New York basement determined from 40Ar/39Ar K‐feldspar studies. Journal of Geophysical Research: Solid Earth, 103(B12), 29795-29814."
23,461.0,2.0,2.0,Ar/Ar,Total Gas Age,[audit 2026-10: errors converted published 1σ to 2σ (x2)],K-Feldspar,Ar Furnace-Step,,Grenville Province,NY,43.15,-73.78333333,"2 miles S of Wilton, just outside of McGregor Fault zon",Adirondack Highlands,,,"Heizler, M. T., & Harrison, T. M. (1998). The thermal history of the New York basement determined from 40Ar/39Ar K‐feldspar studies. Journal of Geophysical Research: Solid Earth, 103(B12), 29795-29814."
24,570.0,2.0,2.0,Ar/Ar,Total Gas Age,[audit 2026-10: errors converted published 1σ to 2σ (x2)],K-Feldspar,Ar Furnace-Step,,Grenville Province,NY,44.48,-73.48333333,"2 miles S of exit 33 on highway 87, (roof pendant)",Adirondack Highlands,,,"Heizler, M. T., & Harrison, T. M. (1998). The thermal history of the New York basement determined from 40Ar/39Ar K‐feldspar studies. Journal of Geophysical Research: Solid Earth, 103(B12), 29795-29814."
25,612.0,2.0,2.0,Ar/Ar,Total Gas Age,[audit 2026-10: errors converted published 1σ to 2σ (x2)],K-Feldspar,Ar Furnace-Step,,Grenville Province,NY,43.57,-75.13333333,2.6 miles S of Otter Lake on rt. 28,Adirondack Highlands,,,"Heizler, M. T., & Harrison, T. M. (1998). The thermal history of the New York basement determined from 40Ar/39Ar K‐feldspar studies. Journal of Geophysical Research: Solid Earth, 103(B12), 29795-29814."
26,692.0,2.0,2.0,Ar/Ar,Total Gas Age,[audit 2026-10: errors converted published 1σ to 2σ (x2)],K-Feldspar,Ar Furnace-Step,,Grenville Province,NY,43.72,-74.96666667,1.5 miles north of Old Forge along rt. 28,Adirondack Highlands,,,"Heizler, M. T., & Harrison, T. M. (1998). The thermal history of the New York basement determined from 40Ar/39Ar K‐feldspar studies. Journal of Geophysical Research: Solid Earth, 103(B12), 29795-29814."
44,1060.0,4.0,4.0,Ar/Ar,Total Gas Age,[audit 2026-10: errors converted published 1σ to 2σ (x2)],Biotite,Ar Furnace-Step,,Grenville Province,NY,43.68,-74.05,Barton Mine at Gore Mt.,Adirondack Highlands,,,"Heizler, M. T., & Harrison, T. M. (1998). The thermal history of the New York basement determined from 40Ar/39Ar K‐feldspar studies. Journal of Geophysical Research: Solid Earth, 103(B12), 29795-29814."
HBDE CG 121,1143.0,26.0,26.0,Ar/Ar,Cooling,"Integrated (total-gas) age, Table 2 p.956; authors' plateau age 1146 ± 12 (1σ), text p.957; [audit 2026-10: errors converted published 1σ to 2σ (x2)]",Hornblende,Ar Furnace-Step,,Grenville Province,ON,44.5,-77.83,Cordova Gabbro,"Central Metasedimentary belt, Bancroft Terrane",,,"Lopez-Martinez, M., & York, D. (1983). Further thermochronometric unravelling of the age and palaeomagnetic record of the southwest Grenville Province. Canadian Journal of Earth Sciences, 20(6), 953-960."
HBDE CG 64,1052.0,16.0,16.0,Ar/Ar,Cooling,"Integrated (total-gas) age, Table 2 p.956; authors' plateau age 1056 ± 8 (1σ), text p.957; [audit 2026-10: errors converted published 1σ to 2σ (x2)]",Hornblende,Ar Furnace-Step,,Grenville Province,ON,44.5,-77.83,Cordova Gabbro,"Central Metasedimentary belt, Bancroft Terrane",,,"Lopez-Martinez, M., & York, D. (1983). Further thermochronometric unravelling of the age and palaeomagnetic record of the southwest Grenville Province. Canadian Journal of Earth Sciences, 20(6), 953-960."
PLAG CG 121,465.0,8.0,8.0,Ar/Ar,Cooling,"Integrated (total-gas) age, Table 2 p.956; authors' plateau age 447 ± 8 (1σ), text p.957; [audit 2026-10: errors converted published 1σ to 2σ (x2)]",Plagioclase,Ar Furnace-Step,,Grenville Province,ON,44.5,-77.83,Cordova Gabbro,"Central Metasedimentary belt, Bancroft Terrane",,,"Lopez-Martinez, M., & York, D. (1983). Further thermochronometric unravelling of the age and palaeomagnetic record of the southwest Grenville Province. Canadian Journal of Earth Sciences, 20(6), 953-960."
PLAG CG 121,434.0,2.0,2.0,Ar/Ar,Cooling,"Integrated (total-gas) age, Table 2 p.956; authors' plateau age 446 ± 2 (1σ), text p.957; [audit 2026-10: errors converted published 1σ to 2σ (x2)]",Plagioclase,Ar Furnace-Step,,Grenville Province,ON,44.5,-77.83,Cordova Gabbro,"Central Metasedimentary belt, Bancroft Terrane",,,"Lopez-Martinez, M., & York, D. (1983). Further thermochronometric unravelling of the age and palaeomagnetic record of the southwest Grenville Province. Canadian Journal of Earth Sciences, 20(6), 953-960."
2033-D,992.4,7.2,7.2,U/Pb,Metamorphic,[audit 2026-10: errors restored published 2σ (compiled values were 2σ/2)],Zircon,TIMS,Direct,Grenville Province,QC,47.53623,-70.42846,St. Urbain anorthosite,Saint-Urbain anorthosite,Plutonic,,"Morisset, C. E., Scoates, J. S., Weis, D., & Friedman, R. M. (2009). U–Pb and 40Ar/39Ar geochronology of the Saint-Urbain and Lac Allard (Havre-Saint-Pierre) anorthosites and their associated Fe–Ti oxide ores, Québec: Evidence for emplacement and slow cooling during the collisional Ottawan orogeny in the Grenville Province. Precambrian Research, 174(1-2), 95-116."
2006-C2,1053.6,2.6,2.6,U/Pb,Metamorphic,[audit 2026-10: errors restored published 2σ (compiled values were 2σ/2)],Zircon,TIMS,Direct,Grenville Province,QC,47.54216,-70.56589,St. Urbain anorthosite,Saint-Urbain anorthosite,Plutonic,Anorthosite,"Morisset, C. E., Scoates, J. S., Weis, D., & Friedman, R. M. (2009). U–Pb and 40Ar/39Ar geochronology of the Saint-Urbain and Lac Allard (Havre-Saint-Pierre) anorthosites and their associated Fe–Ti oxide ores, Québec: Evidence for emplacement and slow cooling during the collisional Ottawan orogeny in the Grenville Province. Precambrian Research, 174(1-2), 95-116."
2042-A,1046.2,3.1,3.1,U/Pb,Metamorphic,[audit 2026-10: errors restored published 2σ (compiled values were 2σ/2)],Zircon,TIMS,Direct,Grenville Province,QC,47.63904,-70.60647,St. Urbain anorthosite,Saint-Urbain anorthosite,Plutonic,Leuconorite,"Morisset, C. E., Scoates, J. S., Weis, D., & Friedman, R. M. (2009). U–Pb and 40Ar/39Ar geochronology of the Saint-Urbain and Lac Allard (Havre-Saint-Pierre) anorthosites and their associated Fe–Ti oxide ores, Québec: Evidence for emplacement and slow cooling during the collisional Ottawan orogeny in the Grenville Province. Precambrian Research, 174(1-2), 95-116."
2043-A,1055.0,2.4,2.4,U/Pb,Metamorphic,[audit 2026-10: errors restored published 2σ (compiled values were 2σ/2)],Zircon,TIMS,Direct,Grenville Province,QC,47.67147,-70.60452,St. Urbain anorthosite,Saint-Urbain anorthosite,Plutonic,Anorthosite,"Morisset, C. E., Scoates, J. S., Weis, D., & Friedman, R. M. (2009). U–Pb and 40Ar/39Ar geochronology of the Saint-Urbain and Lac Allard (Havre-Saint-Pierre) anorthosites and their associated Fe–Ti oxide ores, Québec: Evidence for emplacement and slow cooling during the collisional Ottawan orogeny in the Grenville Province. Precambrian Research, 174(1-2), 95-116."
2020,1057.4,1.5,1.5,U/Pb,Metamorphic,[audit 2026-10: errors restored published 2σ (compiled values were 2σ/2)],Zircon,TIMS,Direct,Grenville Province,QC,47.70893,-70.66931,St. Urbain anorthosite,Saint-Urbain anorthosite,Plutonic,Oxide-apatite gabbronorite,"Morisset, C. E., Scoates, J. S., Weis, D., & Friedman, R. M. (2009). U–Pb and 40Ar/39Ar geochronology of the Saint-Urbain and Lac Allard (Havre-Saint-Pierre) anorthosites and their associated Fe–Ti oxide ores, Québec: Evidence for emplacement and slow cooling during the collisional Ottawan orogeny in the Grenville Province. Precambrian Research, 174(1-2), 95-116."
2023,1060.8,2.8,2.8,U/Pb,Metamorphic,[audit 2026-10: errors restored published 2σ (compiled values were 2σ/2)],Zircon,TIMS,Direct,Grenville Province,QC,47.41849,-70.74927,St. Urbain anorthosite,Saint-Urbain anorthosite,Plutonic,orthopyroxene-granodiorite,"Morisset, C. E., Scoates, J. S., Weis, D., & Friedman, R. M. (2009). U–Pb and 40Ar/39Ar geochronology of the Saint-Urbain and Lac Allard (Havre-Saint-Pierre) anorthosites and their associated Fe–Ti oxide ores, Québec: Evidence for emplacement and slow cooling during the collisional Ottawan orogeny in the Grenville Province. Precambrian Research, 174(1-2), 95-116."
2006-G1,908.3,1.1,1.1,U/Pb,Cooling,[audit 2026-10: errors restored published 2σ (compiled values were 2σ/2)],Rutile,TIMS,Direct,Grenville Province,QC,47.53964,-70.56791,St. Urbain anorthosite,Saint-Urbain anorthosite,Plutonic,,"Morisset, C. E., Scoates, J. S., Weis, D., & Friedman, R. M. (2009). U–Pb and 40Ar/39Ar geochronology of the Saint-Urbain and Lac Allard (Havre-Saint-Pierre) anorthosites and their associated Fe–Ti oxide ores, Québec: Evidence for emplacement and slow cooling during the collisional Ottawan orogeny in the Grenville Province. Precambrian Research, 174(1-2), 95-116."
2015-B4,903.0,11.0,11.0,U/Pb,Cooling,[audit 2026-10: errors restored published 2σ (compiled values were 2σ/2)],Rutile,TIMS,Direct,Grenville Province,QC,47.53536,-70.55539,St. Urbain anorthosite,Saint-Urbain anorthosite,Plutonic,,"Morisset, C. E., Scoates, J. S., Weis, D., & Friedman, R. M. (2009). U–Pb and 40Ar/39Ar geochronology of the Saint-Urbain and Lac Allard (Havre-Saint-Pierre) anorthosites and their associated Fe–Ti oxide ores, Québec: Evidence for emplacement and slow cooling during the collisional Ottawan orogeny in the Grenville Province. Precambrian Research, 174(1-2), 95-116."
2030-B2,914.1,3.0,3.0,U/Pb,Cooling,[audit 2026-10: errors restored published 2σ (compiled values were 2σ/2)],Rutile,TIMS,Direct,Grenville Province,QC,47.53712,-70.55521,St. Urbain anorthosite,Saint-Urbain anorthosite,Plutonic,,"Morisset, C. E., Scoates, J. S., Weis, D., & Friedman, R. M. (2009). U–Pb and 40Ar/39Ar geochronology of the Saint-Urbain and Lac Allard (Havre-Saint-Pierre) anorthosites and their associated Fe–Ti oxide ores, Québec: Evidence for emplacement and slow cooling during the collisional Ottawan orogeny in the Grenville Province. Precambrian Research, 174(1-2), 95-116."
2033-D,941.0,39.0,39.0,U/Pb,Cooling,[audit 2026-10: errors restored published 2σ (compiled values were 2σ/2)],Rutile,TIMS,Direct,Grenville Province,QC,47.5345,-70.56128,St. Urbain anorthosite,Saint-Urbain anorthosite,Plutonic,Seminaire deposite,"Morisset, C. E., Scoates, J. S., Weis, D., & Friedman, R. M. (2009). U–Pb and 40Ar/39Ar geochronology of the Saint-Urbain and Lac Allard (Havre-Saint-Pierre) anorthosites and their associated Fe–Ti oxide ores, Québec: Evidence for emplacement and slow cooling during the collisional Ottawan orogeny in the Grenville Province. Precambrian Research, 174(1-2), 95-116."
2006-B4,931.3,4.8,4.8,Ar/Ar,Cooling,[audit 2026-10: errors restored published 2σ (compiled values were 2σ/2)],Biotite,Ar Furnace-Step,Direct,Grenville Province,QC,47.49475,-70.56529,St. Urbain anorthosite,Saint-Urbain anorthosite,Plutonic,,"Morisset, C. E., Scoates, J. S., Weis, D., & Friedman, R. M. (2009). U–Pb and 40Ar/39Ar geochronology of the Saint-Urbain and Lac Allard (Havre-Saint-Pierre) anorthosites and their associated Fe–Ti oxide ores, Québec: Evidence for emplacement and slow cooling during the collisional Ottawan orogeny in the Grenville Province. Precambrian Research, 174(1-2), 95-116."
2006-C4,886.7,5.4,5.4,Ar/Ar,Cooling,[audit 2026-10: errors restored published 2σ (compiled values were 2σ/2)],Biotite,Ar Furnace-Step,Direct,Grenville Province,QC,47.54216,-70.56689,St. Urbain anorthosite,Saint-Urbain anorthosite,Plutonic,,"Morisset, C. E., Scoates, J. S., Weis, D., & Friedman, R. M. (2009). U–Pb and 40Ar/39Ar geochronology of the Saint-Urbain and Lac Allard (Havre-Saint-Pierre) anorthosites and their associated Fe–Ti oxide ores, Québec: Evidence for emplacement and slow cooling during the collisional Ottawan orogeny in the Grenville Province. Precambrian Research, 174(1-2), 95-116."
2015-A4,892.2,4.7,4.7,Ar/Ar,Cooling,[audit 2026-10: errors restored published 2σ (compiled values were 2σ/2)],Biotite,Ar Furnace-Step,Direct,Grenville Province,QC,47.53537,-70.55482,St. Urbain anorthosite,Saint-Urbain anorthosite,Plutonic,,"Morisset, C. E., Scoates, J. S., Weis, D., & Friedman, R. M. (2009). U–Pb and 40Ar/39Ar geochronology of the Saint-Urbain and Lac Allard (Havre-Saint-Pierre) anorthosites and their associated Fe–Ti oxide ores, Québec: Evidence for emplacement and slow cooling during the collisional Ottawan orogeny in the Grenville Province. Precambrian Research, 174(1-2), 95-116."
2033-A2,900.4,4.8,4.8,Ar/Ar,Cooling,[audit 2026-10: errors restored published 2σ (compiled values were 2σ/2)],Biotite,Ar Furnace-Step,Direct,Grenville Province,QC,47.53457,-70.56115,St. Urbain anorthosite,Saint-Urbain anorthosite,Plutonic,,"Morisset, C. E., Scoates, J. S., Weis, D., & Friedman, R. M. (2009). U–Pb and 40Ar/39Ar geochronology of the Saint-Urbain and Lac Allard (Havre-Saint-Pierre) anorthosites and their associated Fe–Ti oxide ores, Québec: Evidence for emplacement and slow cooling during the collisional Ottawan orogeny in the Grenville Province. Precambrian Research, 174(1-2), 95-116."
2033-D,885.8,4.6,4.6,Ar/Ar,Cooling,[audit 2026-10: errors restored published 2σ (compiled values were 2σ/2)],Biotite,Ar Furnace-Step,Direct,Grenville Province,QC,47.53623,-70.42846,St. Urbain anorthosite,Saint-Urbain anorthosite,Plutonic,,"Morisset, C. E., Scoates, J. S., Weis, D., & Friedman, R. M. (2009). U–Pb and 40Ar/39Ar geochronology of the Saint-Urbain and Lac Allard (Havre-Saint-Pierre) anorthosites and their associated Fe–Ti oxide ores, Québec: Evidence for emplacement and slow cooling during the collisional Ottawan orogeny in the Grenville Province. Precambrian Research, 174(1-2), 95-116."
2036-B1B,875.7,4.5,4.5,Ar/Ar,Cooling,[audit 2026-10: errors restored published 2σ (compiled values were 2σ/2)],Biotite,Ar Furnace-Step,Direct,Grenville Province,QC,47.54501,-70.55316,St. Urbain anorthosite,Saint-Urbain anorthosite,Plutonic,,"Morisset, C. E., Scoates, J. S., Weis, D., & Friedman, R. M. (2009). U–Pb and 40Ar/39Ar geochronology of the Saint-Urbain and Lac Allard (Havre-Saint-Pierre) anorthosites and their associated Fe–Ti oxide ores, Québec: Evidence for emplacement and slow cooling during the collisional Ottawan orogeny in the Grenville Province. Precambrian Research, 174(1-2), 95-116."
2015-A4,884.4,5.4,5.4,Ar/Ar,Cooling,[audit 2026-10: errors restored published 2σ (compiled values were 2σ/2)],Plagioclase,Ar Furnace-Step,Direct,Grenville Province,QC,47.53537,-70.55482,St. Urbain anorthosite,Saint-Urbain anorthosite,Plutonic,,"Morisset, C. E., Scoates, J. S., Weis, D., & Friedman, R. M. (2009). U–Pb and 40Ar/39Ar geochronology of the Saint-Urbain and Lac Allard (Havre-Saint-Pierre) anorthosites and their associated Fe–Ti oxide ores, Québec: Evidence for emplacement and slow cooling during the collisional Ottawan orogeny in the Grenville Province. Precambrian Research, 174(1-2), 95-116."
2033-D,860.3,8.3,8.3,Ar/Ar,Cooling,[audit 2026-10: errors restored published 2σ (compiled values were 2σ/2)],Plagioclase,Ar Furnace-Step,Direct,Grenville Province,QC,47.5345,-70.56128,St. Urbain anorthosite,Saint-Urbain anorthosite,Plutonic,,"Morisset, C. E., Scoates, J. S., Weis, D., & Friedman, R. M. (2009). U–Pb and 40Ar/39Ar geochronology of the Saint-Urbain and Lac Allard (Havre-Saint-Pierre) anorthosites and their associated Fe–Ti oxide ores, Québec: Evidence for emplacement and slow cooling during the collisional Ottawan orogeny in the Grenville Province. Precambrian Research, 174(1-2), 95-116."
2042-A,873.4,5.4,5.4,Ar/Ar,Cooling,[audit 2026-10: errors restored published 2σ (compiled values were 2σ/2)],Plagioclase,Ar Furnace-Step,Direct,Grenville Province,QC,47.63904,-70.60647,St. Urbain anorthosite,Saint-Urbain anorthosite,Plutonic,,"Morisset, C. E., Scoates, J. S., Weis, D., & Friedman, R. M. (2009). U–Pb and 40Ar/39Ar geochronology of the Saint-Urbain and Lac Allard (Havre-Saint-Pierre) anorthosites and their associated Fe–Ti oxide ores, Québec: Evidence for emplacement and slow cooling during the collisional Ottawan orogeny in the Grenville Province. Precambrian Research, 174(1-2), 95-116."
2102,1052.9,6.5,6.5,U/Pb,Metamorphic,[audit 2026-10: errors restored published 2σ (compiled values were 2σ/2)],Zircon,TIMS,Direct,Grenville Province,QC,50.45247,-69.69689,Lac Allard anorthsoite,Havre-Saint-Pierre anorthosite (Lac Allard lobe),Plutonic,Big Island deposite,"Morisset, C. E., Scoates, J. S., Weis, D., & Friedman, R. M. (2009). U–Pb and 40Ar/39Ar geochronology of the Saint-Urbain and Lac Allard (Havre-Saint-Pierre) anorthosites and their associated Fe–Ti oxide ores, Québec: Evidence for emplacement and slow cooling during the collisional Ottawan orogeny in the Grenville Province. Precambrian Research, 174(1-2), 95-116."
2114-B,1061.6,3.0,3.0,U/Pb,Metamorphic,[audit 2026-10: errors restored published 2σ (compiled values were 2σ/2)],Zircon,TIMS,Direct,Grenville Province,QC,50.4508,-69.69812,Lac Allard anorthsoite,Havre-Saint-Pierre anorthosite (Lac Allard lobe),Plutonic,Anorthosite,"Morisset, C. E., Scoates, J. S., Weis, D., & Friedman, R. M. (2009). U–Pb and 40Ar/39Ar geochronology of the Saint-Urbain and Lac Allard (Havre-Saint-Pierre) anorthosites and their associated Fe–Ti oxide ores, Québec: Evidence for emplacement and slow cooling during the collisional Ottawan orogeny in the Grenville Province. Precambrian Research, 174(1-2), 95-116."
2123-B,1057.4,5.7,5.7,U/Pb,Metamorphic,[audit 2026-10: errors restored published 2σ (compiled values were 2σ/2)],Zircon,TIMS,Direct,Grenville Province,QC,50.45174,-69.70053,Lac Allard anorthsoite,Havre-Saint-Pierre anorthosite (Lac Allard lobe),Plutonic,Anorthosite,"Morisset, C. E., Scoates, J. S., Weis, D., & Friedman, R. M. (2009). U–Pb and 40Ar/39Ar geochronology of the Saint-Urbain and Lac Allard (Havre-Saint-Pierre) anorthosites and their associated Fe–Ti oxide ores, Québec: Evidence for emplacement and slow cooling during the collisional Ottawan orogeny in the Grenville Province. Precambrian Research, 174(1-2), 95-116."
2132,1060.5,1.9,1.9,U/Pb,Metamorphic,[audit 2026-10: errors restored published 2σ (compiled values were 2σ/2)],Zircon,TIMS,Direct,Grenville Province,QC,50.55331,-69.39478,Lac Allard anorthsoite,Havre-Saint-Pierre anorthosite (Lac Allard lobe),Plutonic,Anorthosite,"Morisset, C. E., Scoates, J. S., Weis, D., & Friedman, R. M. (2009). U–Pb and 40Ar/39Ar geochronology of the Saint-Urbain and Lac Allard (Havre-Saint-Pierre) anorthosites and their associated Fe–Ti oxide ores, Québec: Evidence for emplacement and slow cooling during the collisional Ottawan orogeny in the Grenville Province. Precambrian Research, 174(1-2), 95-116."
2104-D,943.0,25.0,25.0,U/Pb,Cooling,[audit 2026-10: errors restored published 2σ (compiled values were 2σ/2)],Rutile,TIMS,Direct,Grenville Province,QC,50.45247,-69.69661,Lac Allard anorthsoite,Havre-Saint-Pierre anorthosite (Lac Allard lobe),Plutonic,,"Morisset, C. E., Scoates, J. S., Weis, D., & Friedman, R. M. (2009). U–Pb and 40Ar/39Ar geochronology of the Saint-Urbain and Lac Allard (Havre-Saint-Pierre) anorthosites and their associated Fe–Ti oxide ores, Québec: Evidence for emplacement and slow cooling during the collisional Ottawan orogeny in the Grenville Province. Precambrian Research, 174(1-2), 95-116."
2109-A,926.0,32.0,32.0,U/Pb,Cooling,[audit 2026-10: errors restored published 2σ (compiled values were 2σ/2)],Rutile,TIMS,Direct,Grenville Province,QC,50.45262,-69.69519,Lac Allard anorthsoite,Havre-Saint-Pierre anorthosite (Lac Allard lobe),Plutonic,,"Morisset, C. E., Scoates, J. S., Weis, D., & Friedman, R. M. (2009). U–Pb and 40Ar/39Ar geochronology of the Saint-Urbain and Lac Allard (Havre-Saint-Pierre) anorthosites and their associated Fe–Ti oxide ores, Québec: Evidence for emplacement and slow cooling during the collisional Ottawan orogeny in the Grenville Province. Precambrian Research, 174(1-2), 95-116."
2103-B3,952.4,8.3,8.3,Ar/Ar,Cooling,[audit 2026-10: errors restored published 2σ (compiled values were 2σ/2)],Biotite,Ar Furnace-Step,Direct,Grenville Province,QC,50.45247,-69.69689,Lac Allard anorthsoite,Havre-Saint-Pierre anorthosite (Lac Allard lobe),Plutonic,,"Morisset, C. E., Scoates, J. S., Weis, D., & Friedman, R. M. (2009). U–Pb and 40Ar/39Ar geochronology of the Saint-Urbain and Lac Allard (Havre-Saint-Pierre) anorthosites and their associated Fe–Ti oxide ores, Québec: Evidence for emplacement and slow cooling during the collisional Ottawan orogeny in the Grenville Province. Precambrian Research, 174(1-2), 95-116."
2103-B3,913.0,12.0,12.0,Ar/Ar,Cooling,[audit 2026-10: errors restored published 2σ (compiled values were 2σ/2)],Plagioclase,Ar Furnace-Step,Direct,Grenville Province,QC,50.45247,-69.69689,Lac Allard anorthsoite,Havre-Saint-Pierre anorthosite (Lac Allard lobe),Plutonic,,"Morisset, C. E., Scoates, J. S., Weis, D., & Friedman, R. M. (2009). U–Pb and 40Ar/39Ar geochronology of the Saint-Urbain and Lac Allard (Havre-Saint-Pierre) anorthosites and their associated Fe–Ti oxide ores, Québec: Evidence for emplacement and slow cooling during the collisional Ottawan orogeny in the Grenville Province. Precambrian Research, 174(1-2), 95-116."
3-1-H-1,915.6,3.6,3.6,Ar/Ar,Plateau Age,[audit 2026-10: errors converted published 1σ to 2σ (x2)],Hornblende,Ar Furnace-Step,,Grenville Province,NY,44.2,-74.0,Adirondack Highlands,Adirondack Highlands,,Granitic gneiss enclosing a banded amphibolite,"Onstott, T. C., & Peacock, M. W. (1987). Argon retentivity of hornblendes: A field experiment in a slowly cooled metamorphic terrane. Geochimica et Cosmochimica Acta, 51(11), 2891-2903."
3-1-H-2,906.6,3.8,3.8,Ar/Ar,Plateau Age,[audit 2026-10: errors converted published 1σ to 2σ (x2)],Hornblende,Ar Furnace-Step,,Grenville Province,NY,44.2,-74.0,Adirondack Highlands,Adirondack Highlands,,Granitic gneiss enclosing a banded amphibolite,"Onstott, T. C., & Peacock, M. W. (1987). Argon retentivity of hornblendes: A field experiment in a slowly cooled metamorphic terrane. Geochimica et Cosmochimica Acta, 51(11), 2891-2903."
3-2-H,933.0,3.2,3.2,Ar/Ar,Plateau Age,[audit 2026-10: errors converted published 1σ to 2σ (x2)],Hornblende,Ar Furnace-Step,,Grenville Province,NY,44.2,-74.0,Adirondack Highlands,Adirondack Highlands,,Granitic gneiss enclosing a banded amphibolite,"Onstott, T. C., & Peacock, M. W. (1987). Argon retentivity of hornblendes: A field experiment in a slowly cooled metamorphic terrane. Geochimica et Cosmochimica Acta, 51(11), 2891-2903."
3-3-H-1,958.2,3.4,3.4,Ar/Ar,Plateau Age,[audit 2026-10: errors converted published 1σ to 2σ (x2)],Hornblende,Ar Furnace-Step,,Grenville Province,NY,44.2,-74.0,Adirondack Highlands,Adirondack Highlands,,Granitic gneiss enclosing a banded amphibolite,"Onstott, T. C., & Peacock, M. W. (1987). Argon retentivity of hornblendes: A field experiment in a slowly cooled metamorphic terrane. Geochimica et Cosmochimica Acta, 51(11), 2891-2903."
3-3-H-2,944.6,3.2,3.2,Ar/Ar,Plateau Age,[audit 2026-10: errors converted published 1σ to 2σ (x2)],Hornblende,Ar Furnace-Step,,Grenville Province,NY,44.2,-74.0,Adirondack Highlands,Adirondack Highlands,,Granitic gneiss enclosing a banded amphibolite,"Onstott, T. C., & Peacock, M. W. (1987). Argon retentivity of hornblendes: A field experiment in a slowly cooled metamorphic terrane. Geochimica et Cosmochimica Acta, 51(11), 2891-2903."
3-1-B,852.2,3.6,3.6,Ar/Ar,Plateau Age,[audit 2026-10: errors converted published 1σ to 2σ (x2)],Biotite,Ar Furnace-Step,,Grenville Province,NY,44.2,-74.0,Adirondack Highlands,Adirondack Highlands,,Granitic gneiss enclosing a banded amphibolite,"Onstott, T. C., & Peacock, M. W. (1987). Argon retentivity of hornblendes: A field experiment in a slowly cooled metamorphic terrane. Geochimica et Cosmochimica Acta, 51(11), 2891-2903."
SP-25,911.0,11.0,11.0,K/Ar,Direct,"Whole Rock; conventional K-Ar whole-rock isochron (York 1969 fit, ~9-10 samples), not an age of sample SP-25 alone (SP-25 K-Ar = 1130 Ma, rejected by authors); sigma of ±11 not stated",Whole Rock,Ar Furnace-Fusion,,Grenville Province,ON,44.95,-77.75,"Umfraville, 20 km south of Bancroft, Ontario","Central Metasedimentary Belt, Bancroft Terrane",,,"Palmer, H. C., Hayatsu, A., Waboso, C. E., & Pullan, S. (1979). A paleomagnetic and K–Ar study of the Umfraville Gabbro, Ontario. Canadian Journal of Earth Sciences, 16(3), 459-471."
EC7535,964.0,21.0,27.0,Ar/Ar,Direct,,Biotite,Ar Furnace-Step,,Grenville Province,NL,53.7,-59.0,Mealy dikes,Mealy Mountains,,,"Park, J. K., & Emslie, R. F. (1983). Paleomagnetic history of the Mealy dykes of Labrador, Canada. Canadian Journal of Earth Sciences, 20(12), 1818-1833."
EC7505,955.0,21.0,27.0,Ar/Ar,Direct,,Biotite,Ar Furnace-Step,,Grenville Province,NL,53.7,-59.0,Mealy dikes,Mealy Mountains,,,"Park, J. K., & Emslie, R. F. (1983). Paleomagnetic history of the Mealy dykes of Labrador, Canada. Canadian Journal of Earth Sciences, 20(12), 1818-1833."
GV152,715.8,1.5,1.5,Ar/Ar,Total Gas Age,,K-Feldspar,Ar Furnace-Step,,Grenville Province,,45.0,-77.0,,Central Metasedimentary Belt; Frontenac Terrane,,,"Streepey, M. M., Hall, C. M., & Van Der Pluijm, B. A. (2002). The 40Ar‐39Ar laser analysis of K‐feldspar: Constraints on the uplift history of the Grenville Province in Ontario and New York. Journal of Geophysical Research: Solid Earth, 107(B11), ECV-12."
DG596-46,721.0,0.98,0.98,Ar/Ar,Total Gas Age,,K-Feldspar,Ar Furnace-Step,,Grenville Province,,45.0,-77.0,,Adirondack Highlands,,,"Streepey, M. M., Hall, C. M., & Van Der Pluijm, B. A. (2002). The 40Ar‐39Ar laser analysis of K‐feldspar: Constraints on the uplift history of the Grenville Province in Ontario and New York. Journal of Geophysical Research: Solid Earth, 107(B11), ECV-12."
115,789.8,1.6,1.6,Ar/Ar,Total Gas Age,,K-Feldspar,Ar Furnace-Step,,Grenville Province,,45.0,-77.0,,Central Metasedimentary Belt; Elzevir Terrane,,,"Streepey, M. M., Hall, C. M., & Van Der Pluijm, B. A. (2002). The 40Ar‐39Ar laser analysis of K‐feldspar: Constraints on the uplift history of the Grenville Province in Ontario and New York. Journal of Geophysical Research: Solid Earth, 107(B11), ECV-12."
115,758.8,1.3,1.3,Ar/Ar,Total Gas Age,,K-Feldspar,Ar Laser_Step,,Grenville Province,,45.0,-77.0,,Central Metasedimentary Belt; Elzevir Terrane,,,"Streepey, M. M., Hall, C. M., & Van Der Pluijm, B. A. (2002). The 40Ar‐39Ar laser analysis of K‐feldspar: Constraints on the uplift history of the Grenville Province in Ontario and New York. Journal of Geophysical Research: Solid Earth, 107(B11), ECV-12."
RL9824,704.2,1.3,1.3,Ar/Ar,Total Gas Age,,K-Feldspar,Ar Laser_Step,,Grenville Province,,45.0,-77.0,,Central Metasedimentary Belt; Elzevir Terrane,,,"Streepey, M. M., Hall, C. M., & Van Der Pluijm, B. A. (2002). The 40Ar‐39Ar laser analysis of K‐feldspar: Constraints on the uplift history of the Grenville Province in Ontario and New York. Journal of Geophysical Research: Solid Earth, 107(B11), ECV-12."
SL9823,813.3,1.8,1.8,Ar/Ar,Total Gas Age,,K-Feldspar,Ar Laser_Step,,Grenville Province,,45.0,-77.0,,Central Metasedimentary Belt; Sharbot Lake Terrane,,,"Streepey, M. M., Hall, C. M., & Van Der Pluijm, B. A. (2002). The 40Ar‐39Ar laser analysis of K‐feldspar: Constraints on the uplift history of the Grenville Province in Ontario and New York. Journal of Geophysical Research: Solid Earth, 107(B11), ECV-12."
